INFO buildroot.py:667:  Mock Version: 6.6
DEBUG file_util.py:18:  ensuring that dir exists: /var/lib/mock/rocky-9-aarch64_ciqshim/root
DEBUG file_util.py:21:  created dir: /var/lib/mock/rocky-9-aarch64_ciqshim/root
DEBUG file_util.py:18:  ensuring that dir exists: /var/lib/mock/rocky-9-aarch64_ciqshim-bootstrap
DEBUG file_util.py:18:  ensuring that dir exists: /var/lib/mock/rocky-9-aarch64_ciqshim-bootstrap
DEBUG file_util.py:18:  ensuring that dir exists: /var/lib/mock/rocky-9-aarch64_ciqshim-bootstrap/root
DEBUG file_util.py:18:  ensuring that dir exists: /var/lib/mock/rocky-9-aarch64_ciqshim-bootstrap/results
INFO buildroot.py:318:  calling preinit hooks
DEBUG file_util.py:18:  ensuring that dir exists: /var/cache/mock/rocky-9-aarch64_ciqshim-bootstrap/root_cache/
DEBUG file_util.py:18:  ensuring that dir exists: /var/cache/mock/rocky-9-aarch64_ciqshim-bootstrap/yum_cache
DEBUG file_util.py:18:  ensuring that dir exists: /var/cache/mock/rocky-9-aarch64_ciqshim-bootstrap/dnf_cache
DEBUG buildroot.py:723:  create skeleton dirs
DEBUG file_util.py:18:  ensuring that dir exists: /var/lib/mock/rocky-9-aarch64_ciqshim-bootstrap/root/var/lib/rpm
DEBUG file_util.py:18:  ensuring that dir exists: /var/lib/mock/rocky-9-aarch64_ciqshim-bootstrap/root/var/lib/yum
DEBUG file_util.py:18:  ensuring that dir exists: /var/lib/mock/rocky-9-aarch64_ciqshim-bootstrap/root/var/lib/dbus
DEBUG file_util.py:18:  ensuring that dir exists: /var/lib/mock/rocky-9-aarch64_ciqshim-bootstrap/root/var/log
DEBUG file_util.py:18:  ensuring that dir exists: /var/lib/mock/rocky-9-aarch64_ciqshim-bootstrap/root/var/cache/dnf
DEBUG file_util.py:18:  ensuring that dir exists: /var/lib/mock/rocky-9-aarch64_ciqshim-bootstrap/root/var/cache/yum
DEBUG file_util.py:18:  ensuring that dir exists: /var/lib/mock/rocky-9-aarch64_ciqshim-bootstrap/root/etc/rpm
DEBUG file_util.py:18:  ensuring that dir exists: /var/lib/mock/rocky-9-aarch64_ciqshim-bootstrap/root/tmp
DEBUG file_util.py:18:  ensuring that dir exists: /var/lib/mock/rocky-9-aarch64_ciqshim-bootstrap/root/tmp/ccache
DEBUG file_util.py:18:  ensuring that dir exists: /var/lib/mock/rocky-9-aarch64_ciqshim-bootstrap/root/var/tmp
DEBUG file_util.py:18:  ensuring that dir exists: /var/lib/mock/rocky-9-aarch64_ciqshim-bootstrap/root/etc/dnf
DEBUG file_util.py:18:  ensuring that dir exists: /var/lib/mock/rocky-9-aarch64_ciqshim-bootstrap/root/etc/dnf/vars
DEBUG file_util.py:18:  ensuring that dir exists: /var/lib/mock/rocky-9-aarch64_ciqshim-bootstrap/root/etc/yum.repos.d
DEBUG file_util.py:21:  created dir: /var/lib/mock/rocky-9-aarch64_ciqshim-bootstrap/root/etc/yum.repos.d
DEBUG file_util.py:18:  ensuring that dir exists: /var/lib/mock/rocky-9-aarch64_ciqshim-bootstrap/root/etc/yum
DEBUG file_util.py:18:  ensuring that dir exists: /var/lib/mock/rocky-9-aarch64_ciqshim-bootstrap/root/proc
DEBUG file_util.py:18:  ensuring that dir exists: /var/lib/mock/rocky-9-aarch64_ciqshim-bootstrap/root/sys
DEBUG file_util.py:18:  ensuring that dir exists: /var/lib/mock/rocky-9-aarch64_ciqshim-bootstrap/root/run/lock
DEBUG file_util.py:18:  ensuring that dir exists: /var/lib/mock/rocky-9-aarch64_ciqshim-bootstrap/root/dev/pts
DEBUG file_util.py:18:  ensuring that dir exists: /var/lib/mock/rocky-9-aarch64_ciqshim-bootstrap/root/dev/shm
DEBUG file_util.py:18:  ensuring that dir exists: /var/lib/mock/rocky-9-aarch64_ciqshim-bootstrap/root/dev/mapper
DEBUG file_util.py:21:  created dir: /var/lib/mock/rocky-9-aarch64_ciqshim-bootstrap/root/dev/mapper
DEBUG buildroot.py:867:  kernel version == 6.17.1-300.fc43.aarch64
DEBUG file_util.py:30:  touching file: /var/lib/mock/rocky-9-aarch64_ciqshim-bootstrap/root/etc/fstab
DEBUG file_util.py:30:  touching file: /var/lib/mock/rocky-9-aarch64_ciqshim-bootstrap/root/etc/yum/yum.conf
DEBUG file_util.py:30:  touching file: /var/lib/mock/rocky-9-aarch64_ciqshim-bootstrap/root/etc/dnf/dnf.conf
DEBUG file_util.py:30:  touching file: /var/lib/mock/rocky-9-aarch64_ciqshim-bootstrap/root/var/log/yum.log
DEBUG buildroot.py:332:  rootdir = /var/lib/mock/rocky-9-aarch64_ciqshim-bootstrap/root
DEBUG buildroot.py:333:  resultdir = /var/lib/mock/rocky-9-aarch64_ciqshim-bootstrap/results
DEBUG package_manager.py:63:  searching for 'dnf4' package manager or alternatives
INFO buildroot.py:181:  Package manager dnf4 detected and used (fallback)
DEBUG file_util.py:18:  ensuring that dir exists: /var/lib/mock/rocky-9-aarch64_ciqshim-bootstrap/root/etc/pki/mock
DEBUG package_manager.py:404:  copying CA trust dir into chroot: /etc/pki/ca-trust => /etc/pki/ca-trust
DEBUG file_util.py:158:  Updating files in /var/lib/mock/rocky-9-aarch64_ciqshim-bootstrap/root/etc/pki/ca-trust with files from /etc/pki/ca-trust
DEBUG file_util.py:18:  ensuring that dir exists: /var/lib/mock/rocky-9-aarch64_ciqshim-bootstrap/root/etc/pki/ca-trust
DEBUG file_util.py:18:  ensuring that dir exists: /var/lib/mock/rocky-9-aarch64_ciqshim-bootstrap/root/etc/pki/ca-trust/./extracted
DEBUG file_util.py:18:  ensuring that dir exists: /var/lib/mock/rocky-9-aarch64_ciqshim-bootstrap/root/etc/pki/ca-trust/./source
DEBUG file_util.py:18:  ensuring that dir exists: /var/lib/mock/rocky-9-aarch64_ciqshim-bootstrap/root/etc/pki/ca-trust/extracted/edk2
DEBUG file_util.py:18:  ensuring that dir exists: /var/lib/mock/rocky-9-aarch64_ciqshim-bootstrap/root/etc/pki/ca-trust/extracted/java
DEBUG file_util.py:18:  ensuring that dir exists: /var/lib/mock/rocky-9-aarch64_ciqshim-bootstrap/root/etc/pki/ca-trust/extracted/openssl
DEBUG file_util.py:18:  ensuring that dir exists: /var/lib/mock/rocky-9-aarch64_ciqshim-bootstrap/root/etc/pki/ca-trust/extracted/pem
DEBUG file_util.py:18:  ensuring that dir exists: /var/lib/mock/rocky-9-aarch64_ciqshim-bootstrap/root/etc/pki/ca-trust/extracted/pem/directory-hash
DEBUG file_util.py:18:  ensuring that dir exists: /var/lib/mock/rocky-9-aarch64_ciqshim-bootstrap/root/etc/pki/ca-trust/source/anchors
DEBUG file_util.py:18:  ensuring that dir exists: /var/lib/mock/rocky-9-aarch64_ciqshim-bootstrap/root/etc/pki/ca-trust/source/blocklist
DEBUG package_manager.py:404:  copying CA trust dir into chroot: /usr/share/pki/ca-trust-source => /usr/share/pki/ca-trust-source
DEBUG file_util.py:158:  Updating files in /var/lib/mock/rocky-9-aarch64_ciqshim-bootstrap/root/usr/share/pki/ca-trust-source with files from /usr/share/pki/ca-trust-source
DEBUG file_util.py:18:  ensuring that dir exists: /var/lib/mock/rocky-9-aarch64_ciqshim-bootstrap/root/usr/share/pki/ca-trust-source
DEBUG file_util.py:18:  ensuring that dir exists: /var/lib/mock/rocky-9-aarch64_ciqshim-bootstrap/root/usr/share/pki/ca-trust-source/./anchors
DEBUG file_util.py:18:  ensuring that dir exists: /var/lib/mock/rocky-9-aarch64_ciqshim-bootstrap/root/usr/share/pki/ca-trust-source/./blocklist
DEBUG file_util.py:18:  ensuring that dir exists: /var/lib/mock/rocky-9-aarch64_ciqshim-bootstrap/root/usr/share
DEBUG package_manager.py:388:  Copying /usr/share/distribution-gpg-keys to the bootstrap chroot
DEBUG util.py:634:  child environment: None
DEBUG util.py:556:  Executing command: ['cp', '-a', '/usr/share/distribution-gpg-keys', '/var/lib/mock/rocky-9-aarch64_ciqshim-bootstrap/root/usr/share'] with env {'TERM': 'vt100', 'SHELL': '/bin/sh', 'HOME': '/builddir', 'HOSTNAME': 'mock', 'PATH': '/usr/bin:/bin:/usr/sbin:/sbin', 'LANG': 'C.UTF-8'} and shell False
DEBUG util.py:608:  Child return code was: 0
DEBUG file_util.py:18:  ensuring that dir exists: /var/lib/mock/rocky-9-aarch64_ciqshim-bootstrap/root/etc/dnf
DEBUG package_manager.py:691:  configure DNF vars
DEBUG file_util.py:18:  ensuring that dir exists: /var/lib/mock/rocky-9-aarch64_ciqshim-bootstrap/root/var/cache/yum
DEBUG util.py:634:  child environment: None
DEBUG util.py:556:  Executing command: ['/bin/mount', '-n', '-o', 'bind', '/var/cache/mock/rocky-9-aarch64_ciqshim-bootstrap/yum_cache', '/var/lib/mock/rocky-9-aarch64_ciqshim-bootstrap/root/var/cache/yum'] with env {'TERM': 'vt100', 'SHELL': '/bin/sh', 'HOME': '/builddir', 'HOSTNAME': 'mock', 'PATH': '/usr/bin:/bin:/usr/sbin:/sbin', 'LANG': 'C.UTF-8'} and shell False
DEBUG util.py:608:  Child return code was: 0
DEBUG file_util.py:18:  ensuring that dir exists: /var/lib/mock/rocky-9-aarch64_ciqshim-bootstrap/root/var/cache/dnf
DEBUG util.py:634:  child environment: None
DEBUG util.py:556:  Executing command: ['/bin/mount', '-n', '-o', 'bind', '/var/cache/mock/rocky-9-aarch64_ciqshim-bootstrap/dnf_cache', '/var/lib/mock/rocky-9-aarch64_ciqshim-bootstrap/root/var/cache/dnf'] with env {'TERM': 'vt100', 'SHELL': '/bin/sh', 'HOME': '/builddir', 'HOSTNAME': 'mock', 'PATH': '/usr/bin:/bin:/usr/sbin:/sbin', 'LANG': 'C.UTF-8'} and shell False
DEBUG util.py:608:  Child return code was: 0
DEBUG file_util.py:18:  ensuring that dir exists: /var/lib/mock/rocky-9-aarch64_ciqshim-bootstrap/root/etc
DEBUG file_util.py:18:  ensuring that dir exists: /var/lib/mock/rocky-9-aarch64_ciqshim-bootstrap/root/etc
DEBUG buildroot.py:38:  method _cleanup_homedir skipped in bootstrap
DEBUG buildroot.py:38:  method _setup_build_dirs skipped in bootstrap
DEBUG buildroot.py:38:  method _make_users skipped in bootstrap
DEBUG file_util.py:30:  touching file: /var/lib/mock/rocky-9-aarch64_ciqshim-bootstrap/root/.initialized
DEBUG file_util.py:18:  ensuring that dir exists: /var/lib/mock/rocky-9-aarch64_ciqshim
DEBUG file_util.py:18:  ensuring that dir exists: /var/lib/mock/rocky-9-aarch64_ciqshim/root
DEBUG file_util.py:18:  ensuring that dir exists: /var/lib/mock/rocky-9-aarch64_ciqshim/result
INFO buildroot.py:318:  calling preinit hooks
DEBUG file_util.py:18:  ensuring that dir exists: /var/cache/mock/rocky-9-aarch64_ciqshim/root_cache/
DEBUG file_util.py:18:  ensuring that dir exists: /var/lib/mock/rocky-9-aarch64_ciqshim/root
DEBUG util.py:634:  child environment: None
DEBUG util.py:556:  Executing command: ['/bin/tar', '--use-compress-program', 'pigz', '-xf', '/var/cache/mock/rocky-9-aarch64_ciqshim/root_cache/cache.tar.gz', '-C', '/var/lib/mock/rocky-9-aarch64_ciqshim/root'] with env {'TERM': 'vt100', 'SHELL': '/bin/sh', 'HOME': '/builddir', 'HOSTNAME': 'mock', 'PATH': '/usr/bin:/bin:/usr/sbin:/sbin', 'LANG': 'C.UTF-8'} and shell False
DEBUG util.py:608:  Child return code was: 0
DEBUG file_util.py:18:  ensuring that dir exists: /var/lib/mock/rocky-9-aarch64_ciqshim/root/./proc
DEBUG file_util.py:21:  created dir: /var/lib/mock/rocky-9-aarch64_ciqshim/root/./proc
DEBUG file_util.py:18:  ensuring that dir exists: /var/lib/mock/rocky-9-aarch64_ciqshim/root/./sys
DEBUG file_util.py:21:  created dir: /var/lib/mock/rocky-9-aarch64_ciqshim/root/./sys
DEBUG file_util.py:18:  ensuring that dir exists: /var/lib/mock/rocky-9-aarch64_ciqshim/root/./dev
DEBUG file_util.py:21:  created dir: /var/lib/mock/rocky-9-aarch64_ciqshim/root/./dev
DEBUG file_util.py:18:  ensuring that dir exists: /var/lib/mock/rocky-9-aarch64_ciqshim/root/./tmp/ccache
DEBUG file_util.py:21:  created dir: /var/lib/mock/rocky-9-aarch64_ciqshim/root/./tmp/ccache
DEBUG file_util.py:18:  ensuring that dir exists: /var/lib/mock/rocky-9-aarch64_ciqshim/root/./var/cache/yum
DEBUG file_util.py:21:  created dir: /var/lib/mock/rocky-9-aarch64_ciqshim/root/./var/cache/yum
DEBUG file_util.py:18:  ensuring that dir exists: /var/lib/mock/rocky-9-aarch64_ciqshim/root/./var/cache/dnf
DEBUG file_util.py:21:  created dir: /var/lib/mock/rocky-9-aarch64_ciqshim/root/./var/cache/dnf
DEBUG file_util.py:18:  ensuring that dir exists: /var/lib/mock/rocky-9-aarch64_ciqshim/root/./var/log
DEBUG file_util.py:21:  created dir: /var/lib/mock/rocky-9-aarch64_ciqshim/root/./var/log
DEBUG file_util.py:18:  ensuring that dir exists: /var/cache/mock/rocky-9-aarch64_ciqshim/yum_cache
DEBUG file_util.py:18:  ensuring that dir exists: /var/cache/mock/rocky-9-aarch64_ciqshim/dnf_cache
DEBUG util.py:634:  child environment: None
DEBUG util.py:556:  Executing command: ['/usr/bin/lscpu'] with env {'TERM': 'vt100', 'SHELL': '/bin/sh', 'HOME': '/builddir', 'HOSTNAME': 'mock', 'PATH': '/usr/bin:/bin:/usr/sbin:/sbin', 'LANG': 'C.UTF-8'} and shell False
DEBUG util.py:461:  Architecture:                            aarch64
DEBUG util.py:461:  CPU op-mode(s):                          64-bit
DEBUG util.py:461:  Byte Order:                              Little Endian
DEBUG util.py:461:  CPU(s):                                  2
DEBUG util.py:461:  On-line CPU(s) list:                     0,1
DEBUG util.py:461:  Vendor ID:                               Apple
DEBUG util.py:461:  Model name:                              -
DEBUG util.py:461:  Model:                                   0
DEBUG util.py:461:  Thread(s) per core:                      1
DEBUG util.py:461:  Core(s) per socket:                      2
DEBUG util.py:461:  Socket(s):                               1
DEBUG util.py:461:  Stepping:                                0x0
DEBUG util.py:461:  BogoMIPS:                                48.00
DEBUG util.py:461:  Flags:                                   fp asimd evtstrm aes pmull sha1 sha2 crc32 atomics fphp asimdhp cpuid asimdrdm jscvt fcma lrcpc dcpop sha3 asimddp sha512 asimdfhm dit uscat ilrcpc flagm ssbs sb paca pacg dcpodp flagm2 frint
DEBUG util.py:461:  L1d cache:                               256 KiB (2 instances)
DEBUG util.py:461:  L1i cache:                               384 KiB (2 instances)
DEBUG util.py:461:  L2 cache:                                32 MiB (2 instances)
DEBUG util.py:461:  NUMA node(s):                            1
DEBUG util.py:461:  NUMA node0 CPU(s):                       0,1
DEBUG util.py:461:  Vulnerability Gather data sampling:      Not affected
DEBUG util.py:461:  Vulnerability Ghostwrite:                Not affected
DEBUG util.py:461:  Vulnerability Indirect target selection: Not affected
DEBUG util.py:461:  Vulnerability Itlb multihit:             Not affected
DEBUG util.py:461:  Vulnerability L1tf:                      Not affected
DEBUG util.py:461:  Vulnerability Mds:                       Not affected
DEBUG util.py:461:  Vulnerability Meltdown:                  Not affected
DEBUG util.py:461:  Vulnerability Mmio stale data:           Not affected
DEBUG util.py:461:  Vulnerability Old microcode:             Not affected
DEBUG util.py:461:  Vulnerability Reg file data sampling:    Not affected
DEBUG util.py:461:  Vulnerability Retbleed:                  Not affected
DEBUG util.py:461:  Vulnerability Spec rstack overflow:      Not affected
DEBUG util.py:461:  Vulnerability Spec store bypass:         Mitigation; Speculative Store Bypass disabled via prctl
DEBUG util.py:461:  Vulnerability Spectre v1:                Mitigation; __user pointer sanitization
DEBUG util.py:461:  Vulnerability Spectre v2:                Mitigation; CSV2, but not BHB
DEBUG util.py:461:  Vulnerability Srbds:                     Not affected
DEBUG util.py:461:  Vulnerability Tsa:                       Not affected
DEBUG util.py:461:  Vulnerability Tsx async abort:           Not affected
DEBUG util.py:461:  Vulnerability Vmscape:                   Not affected
DEBUG util.py:608:  Child return code was: 0
DEBUG util.py:634:  child environment: None
DEBUG util.py:556:  Executing command: ['/bin/free', '--human'] with env {'TERM': 'vt100', 'SHELL': '/bin/sh', 'HOME': '/builddir', 'HOSTNAME': 'mock', 'PATH': '/usr/bin:/bin:/usr/sbin:/sbin', 'LANG': 'C.UTF-8'} and shell False
DEBUG util.py:461:                 total        used        free      shared  buff/cache   available
DEBUG util.py:461:  Mem:           1.9Gi       1.2Gi        41Mi        23Mi       801Mi       726Mi
DEBUG util.py:461:  Swap:          1.9Gi       927Mi       1.0Gi
DEBUG util.py:608:  Child return code was: 0
DEBUG util.py:634:  child environment: None
DEBUG util.py:556:  Executing command: ['/bin/df', '-H', '-T', '/var/lib/mock/rocky-9-aarch64_ciqshim/root', '/var/cache/mock'] with env {'TERM': 'vt100', 'SHELL': '/bin/sh', 'HOME': '/builddir', 'HOSTNAME': 'mock', 'PATH': '/usr/bin:/bin:/usr/sbin:/sbin', 'LANG': 'C.UTF-8'} and shell False
DEBUG util.py:461:  Filesystem     Type   Size  Used Avail Use% Mounted on
DEBUG util.py:461:  /dev/nvme0n1p3 btrfs   72G   18G   54G  25% /
DEBUG util.py:461:  /dev/nvme0n1p3 btrfs   72G   18G   54G  25% /
DEBUG util.py:608:  Child return code was: 0
DEBUG buildroot.py:723:  create skeleton dirs
DEBUG file_util.py:18:  ensuring that dir exists: /var/lib/mock/rocky-9-aarch64_ciqshim/root/var/lib/rpm
DEBUG file_util.py:18:  ensuring that dir exists: /var/lib/mock/rocky-9-aarch64_ciqshim/root/var/lib/yum
DEBUG file_util.py:18:  ensuring that dir exists: /var/lib/mock/rocky-9-aarch64_ciqshim/root/var/lib/dbus
DEBUG file_util.py:18:  ensuring that dir exists: /var/lib/mock/rocky-9-aarch64_ciqshim/root/var/log
DEBUG file_util.py:18:  ensuring that dir exists: /var/lib/mock/rocky-9-aarch64_ciqshim/root/var/cache/dnf
DEBUG file_util.py:18:  ensuring that dir exists: /var/lib/mock/rocky-9-aarch64_ciqshim/root/var/cache/yum
DEBUG file_util.py:18:  ensuring that dir exists: /var/lib/mock/rocky-9-aarch64_ciqshim/root/etc/rpm
DEBUG file_util.py:18:  ensuring that dir exists: /var/lib/mock/rocky-9-aarch64_ciqshim/root/tmp
DEBUG file_util.py:18:  ensuring that dir exists: /var/lib/mock/rocky-9-aarch64_ciqshim/root/tmp/ccache
DEBUG file_util.py:18:  ensuring that dir exists: /var/lib/mock/rocky-9-aarch64_ciqshim/root/var/tmp
DEBUG file_util.py:18:  ensuring that dir exists: /var/lib/mock/rocky-9-aarch64_ciqshim/root/etc/dnf
DEBUG file_util.py:18:  ensuring that dir exists: /var/lib/mock/rocky-9-aarch64_ciqshim/root/etc/dnf/vars
DEBUG file_util.py:18:  ensuring that dir exists: /var/lib/mock/rocky-9-aarch64_ciqshim/root/etc/yum.repos.d
DEBUG file_util.py:18:  ensuring that dir exists: /var/lib/mock/rocky-9-aarch64_ciqshim/root/etc/yum
DEBUG file_util.py:18:  ensuring that dir exists: /var/lib/mock/rocky-9-aarch64_ciqshim/root/proc
DEBUG file_util.py:18:  ensuring that dir exists: /var/lib/mock/rocky-9-aarch64_ciqshim/root/sys
DEBUG file_util.py:18:  ensuring that dir exists: /var/lib/mock/rocky-9-aarch64_ciqshim/root/run/lock
DEBUG file_util.py:18:  ensuring that dir exists: /var/lib/mock/rocky-9-aarch64_ciqshim/root/dev/pts
DEBUG file_util.py:21:  created dir: /var/lib/mock/rocky-9-aarch64_ciqshim/root/dev/pts
DEBUG file_util.py:18:  ensuring that dir exists: /var/lib/mock/rocky-9-aarch64_ciqshim/root/dev/shm
DEBUG file_util.py:21:  created dir: /var/lib/mock/rocky-9-aarch64_ciqshim/root/dev/shm
DEBUG file_util.py:18:  ensuring that dir exists: /var/lib/mock/rocky-9-aarch64_ciqshim/root/dev/mapper
DEBUG file_util.py:21:  created dir: /var/lib/mock/rocky-9-aarch64_ciqshim/root/dev/mapper
DEBUG buildroot.py:867:  kernel version == 6.17.1-300.fc43.aarch64
DEBUG file_util.py:30:  touching file: /var/lib/mock/rocky-9-aarch64_ciqshim/root/etc/fstab
DEBUG file_util.py:30:  touching file: /var/lib/mock/rocky-9-aarch64_ciqshim/root/etc/yum/yum.conf
DEBUG file_util.py:30:  touching file: /var/lib/mock/rocky-9-aarch64_ciqshim/root/etc/dnf/dnf.conf
DEBUG file_util.py:30:  touching file: /var/lib/mock/rocky-9-aarch64_ciqshim/root/var/log/yum.log
DEBUG buildroot.py:332:  rootdir = /var/lib/mock/rocky-9-aarch64_ciqshim/root
DEBUG buildroot.py:333:  resultdir = /var/lib/mock/rocky-9-aarch64_ciqshim/result
INFO buildroot.py:181:  Package manager dnf4 detected and used (direct choice)
DEBUG file_util.py:18:  ensuring that dir exists: /var/lib/mock/rocky-9-aarch64_ciqshim/root/etc/pki/mock
DEBUG package_manager.py:404:  copying CA trust dir into chroot: /etc/pki/ca-trust => /etc/pki/ca-trust
DEBUG file_util.py:158:  Updating files in /var/lib/mock/rocky-9-aarch64_ciqshim/root/etc/pki/ca-trust with files from /etc/pki/ca-trust
DEBUG file_util.py:18:  ensuring that dir exists: /var/lib/mock/rocky-9-aarch64_ciqshim/root/etc/pki/ca-trust
DEBUG file_util.py:18:  ensuring that dir exists: /var/lib/mock/rocky-9-aarch64_ciqshim/root/etc/pki/ca-trust/./extracted
DEBUG file_util.py:18:  ensuring that dir exists: /var/lib/mock/rocky-9-aarch64_ciqshim/root/etc/pki/ca-trust/./source
DEBUG file_util.py:18:  ensuring that dir exists: /var/lib/mock/rocky-9-aarch64_ciqshim/root/etc/pki/ca-trust/extracted/edk2
DEBUG file_util.py:18:  ensuring that dir exists: /var/lib/mock/rocky-9-aarch64_ciqshim/root/etc/pki/ca-trust/extracted/java
DEBUG file_util.py:18:  ensuring that dir exists: /var/lib/mock/rocky-9-aarch64_ciqshim/root/etc/pki/ca-trust/extracted/openssl
DEBUG file_util.py:18:  ensuring that dir exists: /var/lib/mock/rocky-9-aarch64_ciqshim/root/etc/pki/ca-trust/extracted/pem
DEBUG file_util.py:18:  ensuring that dir exists: /var/lib/mock/rocky-9-aarch64_ciqshim/root/etc/pki/ca-trust/extracted/pem/directory-hash
DEBUG file_util.py:18:  ensuring that dir exists: /var/lib/mock/rocky-9-aarch64_ciqshim/root/etc/pki/ca-trust/source/anchors
DEBUG file_util.py:18:  ensuring that dir exists: /var/lib/mock/rocky-9-aarch64_ciqshim/root/etc/pki/ca-trust/source/blocklist
DEBUG package_manager.py:404:  copying CA trust dir into chroot: /usr/share/pki/ca-trust-source => /usr/share/pki/ca-trust-source
DEBUG file_util.py:158:  Updating files in /var/lib/mock/rocky-9-aarch64_ciqshim/root/usr/share/pki/ca-trust-source with files from /usr/share/pki/ca-trust-source
DEBUG file_util.py:18:  ensuring that dir exists: /var/lib/mock/rocky-9-aarch64_ciqshim/root/usr/share/pki/ca-trust-source
DEBUG file_util.py:18:  ensuring that dir exists: /var/lib/mock/rocky-9-aarch64_ciqshim/root/usr/share/pki/ca-trust-source/./anchors
DEBUG file_util.py:18:  ensuring that dir exists: /var/lib/mock/rocky-9-aarch64_ciqshim/root/usr/share/pki/ca-trust-source/./blocklist
DEBUG file_util.py:18:  ensuring that dir exists: /var/lib/mock/rocky-9-aarch64_ciqshim/root/etc/dnf
DEBUG package_manager.py:691:  configure DNF vars
DEBUG file_util.py:18:  ensuring that dir exists: /var/lib/mock/rocky-9-aarch64_ciqshim/root/var/cache/yum
DEBUG util.py:634:  child environment: None
DEBUG util.py:556:  Executing command: ['/bin/mount', '-n', '-o', 'bind', '/var/cache/mock/rocky-9-aarch64_ciqshim/yum_cache', '/var/lib/mock/rocky-9-aarch64_ciqshim/root/var/cache/yum'] with env {'TERM': 'vt100', 'SHELL': '/bin/sh', 'HOME': '/builddir', 'HOSTNAME': 'mock', 'PATH': '/usr/bin:/bin:/usr/sbin:/sbin', 'LANG': 'C.UTF-8'} and shell False
DEBUG util.py:608:  Child return code was: 0
DEBUG file_util.py:18:  ensuring that dir exists: /var/lib/mock/rocky-9-aarch64_ciqshim/root/var/cache/dnf
DEBUG util.py:634:  child environment: None
DEBUG util.py:556:  Executing command: ['/bin/mount', '-n', '-o', 'bind', '/var/cache/mock/rocky-9-aarch64_ciqshim/dnf_cache', '/var/lib/mock/rocky-9-aarch64_ciqshim/root/var/cache/dnf'] with env {'TERM': 'vt100', 'SHELL': '/bin/sh', 'HOME': '/builddir', 'HOSTNAME': 'mock', 'PATH': '/usr/bin:/bin:/usr/sbin:/sbin', 'LANG': 'C.UTF-8'} and shell False
DEBUG util.py:608:  Child return code was: 0
DEBUG util.py:634:  child environment: None
DEBUG util.py:551:  Using nspawn with args None
DEBUG util.py:556:  Executing command: ['/usr/bin/systemd-nspawn', '-q', '-M', '5cbc5c2f8255405d9d54a7ed4e409712', '-D', '/var/lib/mock/rocky-9-aarch64_ciqshim-bootstrap/root', '-a', '--console=pipe', '--setenv=TERM=vt100', '--setenv=SHELL=/bin/sh', '--setenv=HOME=/builddir', '--setenv=HOSTNAME=mock', '--setenv=PATH=/usr/bin:/bin:/usr/sbin:/sbin', '--setenv=LANG=C.UTF-8', '--resolv-conf=off', 'rpm', '-q', 'rpm', 'rpm-sequoia', 'python3-dnf', 'python3-dnf-plugins-core', 'yum', 'yum-utils', 'dnf5', 'dnf5-plugins'] with env {'TERM': 'vt100', 'SHELL': '/bin/sh', 'HOME': '/builddir', 'HOSTNAME': 'mock', 'PATH': '/usr/bin:/bin:/usr/sbin:/sbin', 'LANG': 'C.UTF-8', 'SYSTEMD_NSPAWN_TMPFS_TMP': '0', 'SYSTEMD_SECCOMP': '0'} and shell False
DEBUG util.py:461:  rpm-4.16.1.3-39.el9.aarch64
DEBUG util.py:461:  package rpm-sequoia is not installed
DEBUG util.py:461:  python3-dnf-4.14.0-31.el9.noarch
DEBUG util.py:461:  python3-dnf-plugins-core-4.3.0-5.el9_2.noarch
DEBUG util.py:461:  yum-4.14.0-31.el9.noarch
DEBUG util.py:461:  package yum-utils is not installed
DEBUG util.py:461:  package dnf5 is not installed
DEBUG util.py:461:  package dnf5-plugins is not installed
DEBUG util.py:608:  Child return code was: 4
INFO package_manager.py:201:  Buildroot is handled by package management downloaded with a bootstrap image:
  rpm-4.16.1.3-39.el9.aarch64
  python3-dnf-4.14.0-31.el9.noarch
  python3-dnf-plugins-core-4.3.0-5.el9_2.noarch
  yum-4.14.0-31.el9.noarch
DEBUG file_util.py:18:  ensuring that dir exists: /var/lib/mock/rocky-9-aarch64_ciqshim-bootstrap/root/var/lib/mock/rocky-9-aarch64_ciqshim/root
DEBUG util.py:634:  child environment: None
DEBUG util.py:556:  Executing command: ['/bin/mount', '-n', '-t', 'tmpfs', '-o', 'private,mode=0755', 'tmpfs', '/var/lib/mock/rocky-9-aarch64_ciqshim-bootstrap/root/var/lib/mock/rocky-9-aarch64_ciqshim/root'] with env {'TERM': 'vt100', 'SHELL': '/bin/sh', 'HOME': '/builddir', 'HOSTNAME': 'mock', 'PATH': '/usr/bin:/bin:/usr/sbin:/sbin', 'LANG': 'C.UTF-8'} and shell False
DEBUG util.py:608:  Child return code was: 0
DEBUG file_util.py:18:  ensuring that dir exists: /var/lib/mock/rocky-9-aarch64_ciqshim-bootstrap/root/var/lib/mock/rocky-9-aarch64_ciqshim/root
DEBUG util.py:634:  child environment: None
DEBUG util.py:556:  Executing command: ['/bin/mount', '-n', '-o', 'rbind', '/var/lib/mock/rocky-9-aarch64_ciqshim/root', '/var/lib/mock/rocky-9-aarch64_ciqshim-bootstrap/root/var/lib/mock/rocky-9-aarch64_ciqshim/root'] with env {'TERM': 'vt100', 'SHELL': '/bin/sh', 'HOME': '/builddir', 'HOSTNAME': 'mock', 'PATH': '/usr/bin:/bin:/usr/sbin:/sbin', 'LANG': 'C.UTF-8'} and shell False
DEBUG util.py:608:  Child return code was: 0
DEBUG util.py:634:  child environment: None
DEBUG util.py:556:  Executing command: ['/bin/mount', '-n', '-o', 'remount,private,rbind', '--target', '/var/lib/mock/rocky-9-aarch64_ciqshim-bootstrap/root/var/lib/mock/rocky-9-aarch64_ciqshim/root'] with env {'TERM': 'vt100', 'SHELL': '/bin/sh', 'HOME': '/builddir', 'HOSTNAME': 'mock', 'PATH': '/usr/bin:/bin:/usr/sbin:/sbin', 'LANG': 'C.UTF-8'} and shell False
DEBUG util.py:608:  Child return code was: 0
DEBUG util.py:634:  child environment: None
DEBUG util.py:551:  Using nspawn with args ['--capability=cap_ipc_lock', '--bind=/tmp/mock-resolv.cs_olotw:/etc/resolv.conf']
DEBUG util.py:556:  Executing command: ['/usr/bin/systemd-nspawn', '-q', '-M', '5ffa0946993648de8d4164bf41ff3fc5', '-D', '/var/lib/mock/rocky-9-aarch64_ciqshim-bootstrap/root', '-a', '--capability=cap_ipc_lock', '--bind=/tmp/mock-resolv.cs_olotw:/etc/resolv.conf', '--console=pipe', '--setenv=TERM=vt100', '--setenv=SHELL=/bin/bash', '--setenv=HOME=/builddir', '--setenv=HOSTNAME=mock', '--setenv=PATH=/usr/bin:/bin:/usr/sbin:/sbin', '--setenv=PROMPT_COMMAND=printf "\\033]0;<mock-chroot>\\007"', '--setenv=PS1=<mock-chroot> \\s-\\v\\$ ', '--setenv=LANG=C.UTF-8', '--resolv-conf=off', '/bin/rpm', '-qa', '--root', '/var/lib/mock/rocky-9-aarch64_ciqshim/root'] with env {'TERM': 'vt100', 'SHELL': '/bin/bash', 'HOME': '/builddir', 'HOSTNAME': 'mock', 'PATH': '/usr/bin:/bin:/usr/sbin:/sbin', 'PROMPT_COMMAND': 'printf "\\033]0;<mock-chroot>\\007"', 'PS1': '<mock-chroot> \\s-\\v\\$ ', 'LANG': 'C.UTF-8', 'SYSTEMD_NSPAWN_TMPFS_TMP': '0', 'SYSTEMD_SECCOMP': '0'} and shell False
DEBUG util.py:461:  gpg-pubkey-350d275d-6279464b
DEBUG util.py:461:  libgcc-11.5.0-5.el9_5.aarch64
DEBUG util.py:461:  rust-srpm-macros-17-4.el9.noarch
DEBUG util.py:461:  qt5-srpm-macros-5.15.9-1.el9.noarch
DEBUG util.py:461:  perl-srpm-macros-1-41.el9.noarch
DEBUG util.py:461:  openblas-srpm-macros-2-11.el9.noarch
DEBUG util.py:461:  ocaml-srpm-macros-6-6.el9.noarch
DEBUG util.py:461:  kernel-headers-5.14.0-570.58.1.el9_6.aarch64
DEBUG util.py:461:  ghc-srpm-macros-1.5.0-6.el9.noarch
DEBUG util.py:461:  tzdata-2025b-1.el9.noarch
DEBUG util.py:461:  rocky-gpg-keys-9.6-1.3.el9.noarch
DEBUG util.py:461:  rocky-release-9.6-1.3.el9.noarch
DEBUG util.py:461:  rocky-repos-9.6-1.3.el9.noarch
DEBUG util.py:461:  setup-2.13.7-10.el9.noarch
DEBUG util.py:461:  filesystem-3.16-5.el9.aarch64
DEBUG util.py:461:  basesystem-11-13.el9.0.1.noarch
DEBUG util.py:461:  publicsuffix-list-dafsa-20210518-3.el9.noarch
DEBUG util.py:461:  pkgconf-m4-1.7.3-10.el9.noarch
DEBUG util.py:461:  pcre2-syntax-10.40-6.el9.noarch
DEBUG util.py:461:  ncurses-base-6.2-10.20210508.el9_6.2.noarch
DEBUG util.py:461:  glibc-gconv-extra-2.34-168.el9_6.24.aarch64
DEBUG util.py:461:  glibc-minimal-langpack-2.34-168.el9_6.24.aarch64
DEBUG util.py:461:  glibc-common-2.34-168.el9_6.24.aarch64
DEBUG util.py:461:  glibc-2.34-168.el9_6.24.aarch64
DEBUG util.py:461:  ncurses-libs-6.2-10.20210508.el9_6.2.aarch64
DEBUG util.py:461:  bash-5.1.8-9.el9.aarch64
DEBUG util.py:461:  zlib-1.2.11-40.el9.aarch64
DEBUG util.py:461:  libstdc++-11.5.0-5.el9_5.aarch64
DEBUG util.py:461:  libzstd-1.5.5-1.el9.aarch64
DEBUG util.py:461:  xz-libs-5.2.5-8.el9_0.aarch64
DEBUG util.py:461:  bzip2-libs-1.0.8-10.el9_5.aarch64
DEBUG util.py:461:  gmp-6.2.0-13.el9.aarch64
DEBUG util.py:461:  elfutils-libelf-0.192-6.el9_6.aarch64
DEBUG util.py:461:  libxcrypt-4.4.18-3.el9.aarch64
DEBUG util.py:461:  mpfr-4.1.0-7.el9.aarch64
DEBUG util.py:461:  libuuid-2.37.4-21.el9.aarch64
DEBUG util.py:461:  libattr-2.5.1-3.el9.aarch64
DEBUG util.py:461:  libacl-2.3.1-4.el9.aarch64
DEBUG util.py:461:  libcap-2.48-9.el9_2.aarch64
DEBUG util.py:461:  popt-1.18-8.el9.aarch64
DEBUG util.py:461:  libmpc-1.2.1-4.el9.aarch64
DEBUG util.py:461:  crypto-policies-20250128-1.git5269e22.el9.noarch
DEBUG util.py:461:  readline-8.1-4.el9.aarch64
DEBUG util.py:461:  libcom_err-1.46.5-7.el9.aarch64
DEBUG util.py:461:  lz4-libs-1.9.3-5.el9.aarch64
DEBUG util.py:461:  dwz-0.14-3.el9.aarch64
DEBUG util.py:461:  unzip-6.0-58.el9_5.aarch64
DEBUG util.py:461:  libxml2-2.9.13-12.el9_6.aarch64
DEBUG util.py:461:  file-libs-5.39-16.el9.aarch64
DEBUG util.py:461:  file-5.39-16.el9.aarch64
DEBUG util.py:461:  sqlite-libs-3.34.1-8.el9_6.aarch64
DEBUG util.py:461:  alternatives-1.24-2.el9.aarch64
DEBUG util.py:461:  libcap-ng-0.8.2-7.el9.aarch64
DEBUG util.py:461:  audit-libs-3.1.5-4.el9.aarch64
DEBUG util.py:461:  libffi-3.4.2-8.el9.aarch64
DEBUG util.py:461:  libgomp-11.5.0-5.el9_5.aarch64
DEBUG util.py:461:  libsepol-3.6-2.el9.aarch64
DEBUG util.py:461:  libsigsegv-2.13-4.el9.aarch64
DEBUG util.py:461:  gawk-5.1.0-6.el9.aarch64
DEBUG util.py:461:  libsmartcols-2.37.4-21.el9.aarch64
DEBUG util.py:461:  libtasn1-4.16.0-9.el9.aarch64
DEBUG util.py:461:  p11-kit-0.25.3-3.el9_5.aarch64
DEBUG util.py:461:  libunistring-0.9.10-15.el9.aarch64
DEBUG util.py:461:  libidn2-2.3.0-7.el9.aarch64
DEBUG util.py:461:  lua-libs-5.4.4-4.el9.aarch64
DEBUG util.py:461:  libpsl-0.21.1-5.el9.aarch64
DEBUG util.py:461:  p11-kit-trust-0.25.3-3.el9_5.aarch64
DEBUG util.py:461:  zip-3.0-35.el9.aarch64
DEBUG util.py:461:  zstd-1.5.5-1.el9.aarch64
DEBUG util.py:461:  cpp-11.5.0-5.el9_5.aarch64
DEBUG util.py:461:  bzip2-1.0.8-10.el9_5.aarch64
DEBUG util.py:461:  groff-base-1.22.4-10.el9.aarch64
DEBUG util.py:461:  libasan-11.5.0-5.el9_5.aarch64
DEBUG util.py:461:  libstdc++-devel-11.5.0-5.el9_5.aarch64
DEBUG util.py:461:  libubsan-11.5.0-5.el9_5.aarch64
DEBUG util.py:461:  info-6.7-15.el9.aarch64
DEBUG util.py:461:  ed-1.14.2-12.el9.aarch64
DEBUG util.py:461:  elfutils-default-yama-scope-0.192-6.el9_6.noarch
DEBUG util.py:461:  elfutils-libs-0.192-6.el9_6.aarch64
DEBUG util.py:461:  libedit-3.1-38.20210216cvs.el9.aarch64
DEBUG util.py:461:  llvm-libs-19.1.7-1.el9.aarch64
DEBUG util.py:461:  ncurses-6.2-10.20210508.el9_6.2.aarch64
DEBUG util.py:461:  cpio-2.13-16.el9.aarch64
DEBUG util.py:461:  diffutils-3.7-12.el9.aarch64
DEBUG util.py:461:  gdbm-libs-1.23-1.el9.aarch64
DEBUG util.py:461:  json-c-0.14-11.el9.aarch64
DEBUG util.py:461:  keyutils-libs-1.6.3-1.el9.aarch64
DEBUG util.py:461:  libatomic-11.5.0-5.el9_5.aarch64
DEBUG util.py:461:  libbrotli-1.0.9-7.el9_5.aarch64
DEBUG util.py:461:  libdb-5.3.28-57.el9_6.aarch64
DEBUG util.py:461:  libeconf-0.4.1-4.el9.aarch64
DEBUG util.py:461:  libgpg-error-1.42-5.el9.aarch64
DEBUG util.py:461:  libgcrypt-1.10.0-11.el9.aarch64
DEBUG util.py:461:  libnghttp2-1.43.0-6.el9.aarch64
DEBUG util.py:461:  libpkgconf-1.7.3-10.el9.aarch64
DEBUG util.py:461:  pkgconf-1.7.3-10.el9.aarch64
DEBUG util.py:461:  pkgconf-pkg-config-1.7.3-10.el9.aarch64
DEBUG util.py:461:  libxcrypt-devel-4.4.18-3.el9.aarch64
DEBUG util.py:461:  glibc-devel-2.34-168.el9_6.24.aarch64
DEBUG util.py:461:  libtool-ltdl-2.4.6-46.el9.aarch64
DEBUG util.py:461:  libverto-0.3.2-3.el9.aarch64
DEBUG util.py:461:  make-4.3-8.el9.aarch64
DEBUG util.py:461:  pcre-8.44-4.el9.aarch64
DEBUG util.py:461:  grep-3.6-5.el9.aarch64
DEBUG util.py:461:  xz-5.2.5-8.el9_0.aarch64
DEBUG util.py:461:  pcre2-10.40-6.el9.aarch64
DEBUG util.py:461:  libselinux-3.6-3.el9.aarch64
DEBUG util.py:461:  sed-4.8-9.el9.aarch64
DEBUG util.py:461:  findutils-4.8.0-7.el9.aarch64
DEBUG util.py:461:  libsemanage-3.6-5.el9_6.aarch64
DEBUG util.py:461:  shadow-utils-4.9-12.el9.aarch64
DEBUG util.py:461:  libutempter-1.2.1-6.el9.aarch64
DEBUG util.py:461:  tar-1.34-7.el9.aarch64
DEBUG util.py:461:  patch-2.7.6-16.el9.aarch64
DEBUG util.py:461:  libssh-config-0.10.4-15.el9_6.noarch
DEBUG util.py:461:  coreutils-common-8.32-39.el9.aarch64
DEBUG util.py:461:  openssl-libs-3.2.2-6.el9_5.1.aarch64
DEBUG util.py:461:  coreutils-8.32-39.el9.aarch64
DEBUG util.py:461:  ca-certificates-2024.2.69_v8.0.303-91.4.el9_4.noarch
DEBUG util.py:461:  libblkid-2.37.4-21.el9.aarch64
DEBUG util.py:461:  krb5-libs-1.21.1-8.el9_6.aarch64
DEBUG util.py:461:  libmount-2.37.4-21.el9.aarch64
DEBUG util.py:461:  gzip-1.12-1.el9.aarch64
DEBUG util.py:461:  cracklib-2.9.6-27.el9.aarch64
DEBUG util.py:461:  systemd-libs-252-51.el9_6.3.rocky.0.1.aarch64
DEBUG util.py:461:  libarchive-3.5.3-6.el9_6.aarch64
DEBUG util.py:461:  util-linux-core-2.37.4-21.el9.aarch64
DEBUG util.py:461:  cracklib-dicts-2.9.6-27.el9.aarch64
DEBUG util.py:461:  cyrus-sasl-lib-2.1.27-21.el9.aarch64
DEBUG util.py:461:  libssh-0.10.4-15.el9_6.aarch64
DEBUG util.py:461:  libfdisk-2.37.4-21.el9.aarch64
DEBUG util.py:461:  perl-Digest-1.19-4.el9.noarch
DEBUG util.py:461:  perl-Digest-MD5-2.58-4.el9.aarch64
DEBUG util.py:461:  perl-B-1.80-481.1.el9_6.aarch64
DEBUG util.py:461:  perl-FileHandle-2.03-481.1.el9_6.noarch
DEBUG util.py:461:  perl-Data-Dumper-2.174-462.el9.aarch64
DEBUG util.py:461:  perl-libnet-3.13-4.el9.noarch
DEBUG util.py:461:  perl-AutoLoader-5.74-481.1.el9_6.noarch
DEBUG util.py:461:  perl-base-2.27-481.1.el9_6.noarch
DEBUG util.py:461:  perl-URI-5.09-3.el9.noarch
DEBUG util.py:461:  perl-if-0.60.800-481.1.el9_6.noarch
DEBUG util.py:461:  perl-IO-Socket-IP-0.41-5.el9.noarch
DEBUG util.py:461:  perl-Time-Local-1.300-7.el9.noarch
DEBUG util.py:461:  perl-File-Path-2.18-4.el9.noarch
DEBUG util.py:461:  perl-IO-Socket-SSL-2.073-2.el9.noarch
DEBUG util.py:461:  perl-Net-SSLeay-1.94-1.el9.aarch64
DEBUG util.py:461:  perl-Pod-Escapes-1.07-460.el9.noarch
DEBUG util.py:461:  perl-Text-Tabs+Wrap-2013.0523-460.el9.noarch
DEBUG util.py:461:  perl-Mozilla-CA-20200520-6.el9.noarch
DEBUG util.py:461:  perl-Class-Struct-0.66-481.1.el9_6.noarch
DEBUG util.py:461:  perl-POSIX-1.94-481.1.el9_6.aarch64
DEBUG util.py:461:  perl-Term-ANSIColor-5.01-461.el9.noarch
DEBUG util.py:461:  perl-IPC-Open3-1.21-481.1.el9_6.noarch
DEBUG util.py:461:  perl-subs-1.03-481.1.el9_6.noarch
DEBUG util.py:461:  perl-File-Temp-0.231.100-4.el9.noarch
DEBUG util.py:461:  perl-Term-Cap-1.17-460.el9.noarch
DEBUG util.py:461:  perl-Pod-Simple-3.42-4.el9.noarch
DEBUG util.py:461:  perl-HTTP-Tiny-0.076-462.el9.noarch
DEBUG util.py:461:  perl-Socket-2.031-4.el9.aarch64
DEBUG util.py:461:  perl-SelectSaver-1.02-481.1.el9_6.noarch
DEBUG util.py:461:  perl-Symbol-1.08-481.1.el9_6.noarch
DEBUG util.py:461:  perl-File-stat-1.09-481.1.el9_6.noarch
DEBUG util.py:461:  perl-podlators-4.14-460.el9.noarch
DEBUG util.py:461:  perl-Pod-Perldoc-3.28.01-461.el9.noarch
DEBUG util.py:461:  perl-Fcntl-1.13-481.1.el9_6.aarch64
DEBUG util.py:461:  perl-Text-ParseWords-3.30-460.el9.noarch
DEBUG util.py:461:  perl-mro-1.23-481.1.el9_6.aarch64
DEBUG util.py:461:  perl-IO-1.43-481.1.el9_6.aarch64
DEBUG util.py:461:  perl-overloading-0.02-481.1.el9_6.noarch
DEBUG util.py:461:  perl-Pod-Usage-2.01-4.el9.noarch
DEBUG util.py:461:  perl-Errno-1.30-481.1.el9_6.aarch64
DEBUG util.py:461:  perl-File-Basename-2.85-481.1.el9_6.noarch
DEBUG util.py:461:  perl-Getopt-Std-1.12-481.1.el9_6.noarch
DEBUG util.py:461:  perl-MIME-Base64-3.16-4.el9.aarch64
DEBUG util.py:461:  perl-Scalar-List-Utils-1.56-462.el9.aarch64
DEBUG util.py:461:  perl-constant-1.33-461.el9.noarch
DEBUG util.py:461:  perl-Storable-3.21-460.el9.aarch64
DEBUG util.py:461:  perl-overload-1.31-481.1.el9_6.noarch
DEBUG util.py:461:  perl-parent-0.238-460.el9.noarch
DEBUG util.py:461:  perl-vars-1.05-481.1.el9_6.noarch
DEBUG util.py:461:  perl-Getopt-Long-2.52-4.el9.noarch
DEBUG util.py:461:  perl-Carp-1.50-460.el9.noarch
DEBUG util.py:461:  perl-Exporter-5.74-461.el9.noarch
DEBUG util.py:461:  perl-PathTools-3.78-461.el9.aarch64
DEBUG util.py:461:  perl-Encode-3.08-462.el9.aarch64
DEBUG util.py:461:  perl-libs-5.32.1-481.1.el9_6.aarch64
DEBUG util.py:461:  perl-interpreter-5.32.1-481.1.el9_6.aarch64
DEBUG util.py:461:  kernel-srpm-macros-1.0-13.el9.noarch
DEBUG util.py:461:  openssl-3.2.2-6.el9_5.1.aarch64
DEBUG util.py:461:  libpwquality-1.4.4-8.el9.aarch64
DEBUG util.py:461:  pam-1.5.1-26.el9_6.aarch64
DEBUG util.py:461:  libevent-2.1.12-8.el9_4.aarch64
DEBUG util.py:461:  openldap-2.6.8-4.el9.0.1.aarch64
DEBUG util.py:461:  libcurl-7.76.1-31.el9_6.1.aarch64
DEBUG util.py:461:  elfutils-debuginfod-client-0.192-6.el9_6.aarch64
DEBUG util.py:461:  binutils-gold-2.35.2-63.el9.aarch64
DEBUG util.py:461:  binutils-2.35.2-63.el9.aarch64
DEBUG util.py:461:  gcc-11.5.0-5.el9_5.aarch64
DEBUG util.py:461:  elfutils-0.192-6.el9_6.aarch64
DEBUG util.py:461:  gdb-minimal-14.2-4.1.el9_6.aarch64
DEBUG util.py:461:  debugedit-5.0-5.el9.aarch64
DEBUG util.py:461:  annobin-12.92-1.el9.aarch64
DEBUG util.py:461:  gcc-plugin-annobin-11.5.0-5.el9_5.aarch64
DEBUG util.py:461:  curl-7.76.1-31.el9_6.1.aarch64
DEBUG util.py:461:  rpm-4.16.1.3-37.el9.aarch64
DEBUG util.py:461:  rpm-libs-4.16.1.3-37.el9.aarch64
DEBUG util.py:461:  rpm-build-libs-4.16.1.3-37.el9.aarch64
DEBUG util.py:461:  efi-srpm-macros-6-2.el9_0.noarch
DEBUG util.py:461:  lua-srpm-macros-1-6.el9.noarch
DEBUG util.py:461:  fonts-srpm-macros-2.0.5-7.el9.1.noarch
DEBUG util.py:461:  go-srpm-macros-3.6.0-10.el9_6.noarch
DEBUG util.py:461:  python-srpm-macros-3.9-54.el9.noarch
DEBUG util.py:461:  pyproject-srpm-macros-1.16.2-1.el9.noarch
DEBUG util.py:461:  redhat-rpm-config-209-1.el9.noarch
DEBUG util.py:461:  rpm-build-4.16.1.3-37.el9.aarch64
DEBUG util.py:461:  gcc-c++-11.5.0-5.el9_5.aarch64
DEBUG util.py:461:  util-linux-2.37.4-21.el9.aarch64
DEBUG util.py:461:  which-2.21-30.el9_6.aarch64
DEBUG util.py:608:  Child return code was: 0
DEBUG util.py:183:  kill orphans in chroot /var/lib/mock/rocky-9-aarch64_ciqshim/root
DEBUG util.py:183:  kill orphans in chroot /var/lib/mock/rocky-9-aarch64_ciqshim-bootstrap/root/var/lib/mock/rocky-9-aarch64_ciqshim/root
DEBUG util.py:634:  child environment: None
DEBUG util.py:556:  Executing command: ['/bin/umount', '-n', '-l', '/var/lib/mock/rocky-9-aarch64_ciqshim-bootstrap/root/var/lib/mock/rocky-9-aarch64_ciqshim/root'] with env {'TERM': 'vt100', 'SHELL': '/bin/sh', 'HOME': '/builddir', 'HOSTNAME': 'mock', 'PATH': '/usr/bin:/bin:/usr/sbin:/sbin', 'LANG': 'C.UTF-8'} and shell False
DEBUG util.py:608:  Child return code was: 0
DEBUG util.py:634:  child environment: None
DEBUG util.py:556:  Executing command: ['/bin/umount', '-n', '-l', '/var/lib/mock/rocky-9-aarch64_ciqshim-bootstrap/root/var/lib/mock/rocky-9-aarch64_ciqshim/root'] with env {'TERM': 'vt100', 'SHELL': '/bin/sh', 'HOME': '/builddir', 'HOSTNAME': 'mock', 'PATH': '/usr/bin:/bin:/usr/sbin:/sbin', 'LANG': 'C.UTF-8'} and shell False
DEBUG util.py:608:  Child return code was: 0
DEBUG file_util.py:18:  ensuring that dir exists: /var/lib/mock/rocky-9-aarch64_ciqshim/root/proc
DEBUG util.py:634:  child environment: None
DEBUG util.py:556:  Executing command: ['/bin/mount', '-n', '-t', 'tmpfs', '-o', 'rprivate,mode=0755', 'tmpfs', '/var/lib/mock/rocky-9-aarch64_ciqshim/root/proc'] with env {'TERM': 'vt100', 'SHELL': '/bin/sh', 'HOME': '/builddir', 'HOSTNAME': 'mock', 'PATH': '/usr/bin:/bin:/usr/sbin:/sbin', 'LANG': 'C.UTF-8'} and shell False
DEBUG util.py:608:  Child return code was: 0
DEBUG file_util.py:18:  ensuring that dir exists: /var/lib/mock/rocky-9-aarch64_ciqshim/root/proc
DEBUG util.py:634:  child environment: None
DEBUG util.py:556:  Executing command: ['/bin/mount', '-n', '-o', 'rbind', '/proc', '/var/lib/mock/rocky-9-aarch64_ciqshim/root/proc'] with env {'TERM': 'vt100', 'SHELL': '/bin/sh', 'HOME': '/builddir', 'HOSTNAME': 'mock', 'PATH': '/usr/bin:/bin:/usr/sbin:/sbin', 'LANG': 'C.UTF-8'} and shell False
DEBUG util.py:608:  Child return code was: 0
DEBUG util.py:634:  child environment: None
DEBUG util.py:556:  Executing command: ['/bin/mount', '-n', '-o', 'remount,nodev,noexec,nosuid,readonly,rprivate,rbind', '--target', '/var/lib/mock/rocky-9-aarch64_ciqshim/root/proc'] with env {'TERM': 'vt100', 'SHELL': '/bin/sh', 'HOME': '/builddir', 'HOSTNAME': 'mock', 'PATH': '/usr/bin:/bin:/usr/sbin:/sbin', 'LANG': 'C.UTF-8'} and shell False
DEBUG util.py:608:  Child return code was: 0
DEBUG file_util.py:18:  ensuring that dir exists: /var/lib/mock/rocky-9-aarch64_ciqshim/root/sys
DEBUG util.py:634:  child environment: None
DEBUG util.py:556:  Executing command: ['/bin/mount', '-n', '-t', 'tmpfs', '-o', 'rprivate,mode=0755', 'tmpfs', '/var/lib/mock/rocky-9-aarch64_ciqshim/root/sys'] with env {'TERM': 'vt100', 'SHELL': '/bin/sh', 'HOME': '/builddir', 'HOSTNAME': 'mock', 'PATH': '/usr/bin:/bin:/usr/sbin:/sbin', 'LANG': 'C.UTF-8'} and shell False
DEBUG util.py:608:  Child return code was: 0
DEBUG file_util.py:18:  ensuring that dir exists: /var/lib/mock/rocky-9-aarch64_ciqshim/root/sys
DEBUG util.py:634:  child environment: None
DEBUG util.py:556:  Executing command: ['/bin/mount', '-n', '-o', 'rbind', '/sys', '/var/lib/mock/rocky-9-aarch64_ciqshim/root/sys'] with env {'TERM': 'vt100', 'SHELL': '/bin/sh', 'HOME': '/builddir', 'HOSTNAME': 'mock', 'PATH': '/usr/bin:/bin:/usr/sbin:/sbin', 'LANG': 'C.UTF-8'} and shell False
DEBUG util.py:608:  Child return code was: 0
DEBUG util.py:634:  child environment: None
DEBUG util.py:556:  Executing command: ['/bin/mount', '-n', '-o', 'remount,nodev,noexec,nosuid,readonly,rprivate,rbind', '--target', '/var/lib/mock/rocky-9-aarch64_ciqshim/root/sys'] with env {'TERM': 'vt100', 'SHELL': '/bin/sh', 'HOME': '/builddir', 'HOSTNAME': 'mock', 'PATH': '/usr/bin:/bin:/usr/sbin:/sbin', 'LANG': 'C.UTF-8'} and shell False
DEBUG util.py:608:  Child return code was: 0
DEBUG file_util.py:18:  ensuring that dir exists: /var/lib/mock/rocky-9-aarch64_ciqshim/root/dev/shm
DEBUG util.py:634:  child environment: None
DEBUG util.py:556:  Executing command: ['/bin/mount', '-n', '-t', 'tmpfs', 'tmpfs', '/var/lib/mock/rocky-9-aarch64_ciqshim/root/dev/shm'] with env {'TERM': 'vt100', 'SHELL': '/bin/sh', 'HOME': '/builddir', 'HOSTNAME': 'mock', 'PATH': '/usr/bin:/bin:/usr/sbin:/sbin', 'LANG': 'C.UTF-8'} and shell False
DEBUG util.py:608:  Child return code was: 0
DEBUG file_util.py:18:  ensuring that dir exists: /var/lib/mock/rocky-9-aarch64_ciqshim/root/dev/pts
DEBUG util.py:634:  child environment: None
DEBUG util.py:556:  Executing command: ['/bin/mount', '-n', '-t', 'devpts', '-o', 'gid=5,mode=0620,ptmxmode=0666,newinstance', 'devpts', '/var/lib/mock/rocky-9-aarch64_ciqshim/root/dev/pts'] with env {'TERM': 'vt100', 'SHELL': '/bin/sh', 'HOME': '/builddir', 'HOSTNAME': 'mock', 'PATH': '/usr/bin:/bin:/usr/sbin:/sbin', 'LANG': 'C.UTF-8'} and shell False
DEBUG util.py:608:  Child return code was: 0
DEBUG util.py:634:  child environment: None
DEBUG util.py:556:  Executing command: ['/bin/mount', '-n', '-o', 'bind', '/tmp/mock-selinux-plugin.d_k7rv0f', '/var/lib/mock/rocky-9-aarch64_ciqshim/root/proc/filesystems'] with env {'TERM': 'vt100', 'SHELL': '/bin/sh', 'HOME': '/builddir', 'HOSTNAME': 'mock', 'PATH': '/usr/bin:/bin:/usr/sbin:/sbin', 'LANG': 'C.UTF-8'} and shell False
DEBUG util.py:608:  Child return code was: 0
DEBUG file_util.py:18:  ensuring that dir exists: /var/lib/mock/rocky-9-aarch64_ciqshim/root/sys/fs/selinux
DEBUG util.py:634:  child environment: None
DEBUG util.py:556:  Executing command: ['/bin/mount', '-n', '-t', 'tmpfs', 'tmpfs', '/var/lib/mock/rocky-9-aarch64_ciqshim/root/sys/fs/selinux'] with env {'TERM': 'vt100', 'SHELL': '/bin/sh', 'HOME': '/builddir', 'HOSTNAME': 'mock', 'PATH': '/usr/bin:/bin:/usr/sbin:/sbin', 'LANG': 'C.UTF-8'} and shell False
DEBUG util.py:608:  Child return code was: 0
DEBUG file_util.py:18:  ensuring that dir exists: /var/lib/mock/rocky-9-aarch64_ciqshim-bootstrap/root/var/lib/mock/rocky-9-aarch64_ciqshim/root
DEBUG util.py:634:  child environment: None
DEBUG util.py:556:  Executing command: ['/bin/mount', '-n', '-t', 'tmpfs', '-o', 'private,mode=0755', 'tmpfs', '/var/lib/mock/rocky-9-aarch64_ciqshim-bootstrap/root/var/lib/mock/rocky-9-aarch64_ciqshim/root'] with env {'TERM': 'vt100', 'SHELL': '/bin/sh', 'HOME': '/builddir', 'HOSTNAME': 'mock', 'PATH': '/usr/bin:/bin:/usr/sbin:/sbin', 'LANG': 'C.UTF-8'} and shell False
DEBUG util.py:608:  Child return code was: 0
DEBUG file_util.py:18:  ensuring that dir exists: /var/lib/mock/rocky-9-aarch64_ciqshim-bootstrap/root/var/lib/mock/rocky-9-aarch64_ciqshim/root
DEBUG util.py:634:  child environment: None
DEBUG util.py:556:  Executing command: ['/bin/mount', '-n', '-o', 'rbind', '/var/lib/mock/rocky-9-aarch64_ciqshim/root', '/var/lib/mock/rocky-9-aarch64_ciqshim-bootstrap/root/var/lib/mock/rocky-9-aarch64_ciqshim/root'] with env {'TERM': 'vt100', 'SHELL': '/bin/sh', 'HOME': '/builddir', 'HOSTNAME': 'mock', 'PATH': '/usr/bin:/bin:/usr/sbin:/sbin', 'LANG': 'C.UTF-8'} and shell False
DEBUG util.py:608:  Child return code was: 0
DEBUG util.py:634:  child environment: None
DEBUG util.py:556:  Executing command: ['/bin/mount', '-n', '-o', 'remount,private,rbind', '--target', '/var/lib/mock/rocky-9-aarch64_ciqshim-bootstrap/root/var/lib/mock/rocky-9-aarch64_ciqshim/root'] with env {'TERM': 'vt100', 'SHELL': '/bin/sh', 'HOME': '/builddir', 'HOSTNAME': 'mock', 'PATH': '/usr/bin:/bin:/usr/sbin:/sbin', 'LANG': 'C.UTF-8'} and shell False
DEBUG util.py:608:  Child return code was: 0
DEBUG file_util.py:18:  ensuring that dir exists: /var/lib/mock/rocky-9-aarch64_ciqshim/root/installation-homedir
DEBUG package_manager.py:295:  ['/usr/bin/dnf-3', '--installroot', '/var/lib/mock/rocky-9-aarch64_ciqshim/root/', '-y', '--releasever', '9.6', '--setopt=deltarpm=False', '--setopt=allow_vendor_change=yes', '--allowerasing', '--disableplugin=local', '--disableplugin=spacewalk', '--disableplugin=versionlock', 'update']
DEBUG util.py:634:  child environment: None
DEBUG util.py:551:  Using nspawn with args ['--capability=cap_ipc_lock', '--bind=/tmp/mock-resolv.cs_olotw:/etc/resolv.conf']
DEBUG util.py:556:  Executing command: ['/usr/bin/systemd-nspawn', '-q', '-M', 'ba61e1b0b350442f87494f16f153fc85', '-D', '/var/lib/mock/rocky-9-aarch64_ciqshim-bootstrap/root', '-a', '--capability=cap_ipc_lock', '--bind=/tmp/mock-resolv.cs_olotw:/etc/resolv.conf', '--console=pipe', '--setenv=TERM=vt100', '--setenv=SHELL=/bin/bash', '--setenv=HOME=/var/lib/mock/rocky-9-aarch64_ciqshim/root/installation-homedir', '--setenv=HOSTNAME=mock', '--setenv=PATH=/usr/bin:/bin:/usr/sbin:/sbin', '--setenv=PROMPT_COMMAND=printf "\\033]0;<mock-chroot>\\007"', '--setenv=PS1=<mock-chroot> \\s-\\v\\$ ', '--setenv=LANG=C.UTF-8', '--setenv=LC_MESSAGES=C.UTF-8', '--resolv-conf=off', '/usr/bin/dnf-3', '--installroot', '/var/lib/mock/rocky-9-aarch64_ciqshim/root/', '-y', '--releasever', '9.6', '--setopt=deltarpm=False', '--setopt=allow_vendor_change=yes', '--allowerasing', '--disableplugin=local', '--disableplugin=spacewalk', '--disableplugin=versionlock', 'update', '--setopt=tsflags=nocontexts'] with env {'TERM': 'vt100', 'SHELL': '/bin/bash', 'HOME': '/var/lib/mock/rocky-9-aarch64_ciqshim/root/installation-homedir', 'HOSTNAME': 'mock', 'PATH': '/usr/bin:/bin:/usr/sbin:/sbin', 'PROMPT_COMMAND': 'printf "\\033]0;<mock-chroot>\\007"', 'PS1': '<mock-chroot> \\s-\\v\\$ ', 'LANG': 'C.UTF-8', 'LC_MESSAGES': 'C.UTF-8', 'SYSTEMD_NSPAWN_TMPFS_TMP': '0', 'SYSTEMD_SECCOMP': '0'} and shell False
DEBUG util.py:459:  No matches found for the following disable plugin patterns: local, spacewalk, versionlock
DEBUG util.py:461:  Rocky Linux 9.6 - BaseOS                                                                                                                      6.5 kB/s | 3.9 kB     00:00    
DEBUG util.py:461:  Rocky Linux 9.6 - AppStream                                                                                                                    14 kB/s | 4.4 kB     00:00    
DEBUG util.py:461:  Rocky Linux 9.6 - CodeReadyBuilder                                                                                                             11 kB/s | 4.4 kB     00:00    
DEBUG util.py:461:  Rocky Linux 9.6 - Extras                                                                                                                       10 kB/s | 3.1 kB     00:00    
DEBUG util.py:461:  Rocky Linux 9.6 - Devel (WARNING: UNSUPPORTED - FOR BUILDROOT USE ONLY!)                                                                       13 kB/s | 3.6 kB     00:00    
DEBUG util.py:461:  Dependencies resolved.
DEBUG util.py:461:  Nothing to do.
DEBUG util.py:461:  Complete!
DEBUG util.py:608:  Child return code was: 0
DEBUG util.py:183:  kill orphans in chroot /var/lib/mock/rocky-9-aarch64_ciqshim/root
DEBUG util.py:183:  kill orphans in chroot /var/lib/mock/rocky-9-aarch64_ciqshim-bootstrap/root/var/lib/mock/rocky-9-aarch64_ciqshim/root
DEBUG util.py:634:  child environment: None
DEBUG util.py:556:  Executing command: ['/bin/umount', '-n', '-l', '/var/lib/mock/rocky-9-aarch64_ciqshim-bootstrap/root/var/lib/mock/rocky-9-aarch64_ciqshim/root'] with env {'TERM': 'vt100', 'SHELL': '/bin/sh', 'HOME': '/builddir', 'HOSTNAME': 'mock', 'PATH': '/usr/bin:/bin:/usr/sbin:/sbin', 'LANG': 'C.UTF-8'} and shell False
DEBUG util.py:608:  Child return code was: 0
DEBUG util.py:634:  child environment: None
DEBUG util.py:556:  Executing command: ['/bin/umount', '-n', '-l', '/var/lib/mock/rocky-9-aarch64_ciqshim-bootstrap/root/var/lib/mock/rocky-9-aarch64_ciqshim/root'] with env {'TERM': 'vt100', 'SHELL': '/bin/sh', 'HOME': '/builddir', 'HOSTNAME': 'mock', 'PATH': '/usr/bin:/bin:/usr/sbin:/sbin', 'LANG': 'C.UTF-8'} and shell False
DEBUG util.py:608:  Child return code was: 0
DEBUG util.py:634:  child environment: None
DEBUG util.py:556:  Executing command: ['/bin/umount', '-n', '-l', '/var/lib/mock/rocky-9-aarch64_ciqshim/root/sys/fs/selinux'] with env {'TERM': 'vt100', 'SHELL': '/bin/sh', 'HOME': '/builddir', 'HOSTNAME': 'mock', 'PATH': '/usr/bin:/bin:/usr/sbin:/sbin', 'LANG': 'C.UTF-8'} and shell False
DEBUG util.py:608:  Child return code was: 0
DEBUG util.py:634:  child environment: None
DEBUG util.py:556:  Executing command: ['/bin/umount', '-n', '/var/lib/mock/rocky-9-aarch64_ciqshim/root/proc/filesystems'] with env {'TERM': 'vt100', 'SHELL': '/bin/sh', 'HOME': '/builddir', 'HOSTNAME': 'mock', 'PATH': '/usr/bin:/bin:/usr/sbin:/sbin', 'LANG': 'C.UTF-8'} and shell False
DEBUG util.py:608:  Child return code was: 0
DEBUG util.py:634:  child environment: None
DEBUG util.py:556:  Executing command: ['/bin/umount', '-n', '-l', '/var/lib/mock/rocky-9-aarch64_ciqshim/root/dev/pts'] with env {'TERM': 'vt100', 'SHELL': '/bin/sh', 'HOME': '/builddir', 'HOSTNAME': 'mock', 'PATH': '/usr/bin:/bin:/usr/sbin:/sbin', 'LANG': 'C.UTF-8'} and shell False
DEBUG util.py:608:  Child return code was: 0
DEBUG util.py:634:  child environment: None
DEBUG util.py:556:  Executing command: ['/bin/umount', '-n', '-l', '/var/lib/mock/rocky-9-aarch64_ciqshim/root/dev/shm'] with env {'TERM': 'vt100', 'SHELL': '/bin/sh', 'HOME': '/builddir', 'HOSTNAME': 'mock', 'PATH': '/usr/bin:/bin:/usr/sbin:/sbin', 'LANG': 'C.UTF-8'} and shell False
DEBUG util.py:608:  Child return code was: 0
DEBUG util.py:634:  child environment: None
DEBUG util.py:556:  Executing command: ['/bin/umount', '-n', '-l', '/var/lib/mock/rocky-9-aarch64_ciqshim/root/sys'] with env {'TERM': 'vt100', 'SHELL': '/bin/sh', 'HOME': '/builddir', 'HOSTNAME': 'mock', 'PATH': '/usr/bin:/bin:/usr/sbin:/sbin', 'LANG': 'C.UTF-8'} and shell False
DEBUG util.py:608:  Child return code was: 0
DEBUG util.py:634:  child environment: None
DEBUG util.py:556:  Executing command: ['/bin/umount', '-n', '-l', '/var/lib/mock/rocky-9-aarch64_ciqshim/root/sys'] with env {'TERM': 'vt100', 'SHELL': '/bin/sh', 'HOME': '/builddir', 'HOSTNAME': 'mock', 'PATH': '/usr/bin:/bin:/usr/sbin:/sbin', 'LANG': 'C.UTF-8'} and shell False
DEBUG util.py:608:  Child return code was: 0
DEBUG util.py:634:  child environment: None
DEBUG util.py:556:  Executing command: ['/bin/umount', '-n', '-l', '/var/lib/mock/rocky-9-aarch64_ciqshim/root/proc'] with env {'TERM': 'vt100', 'SHELL': '/bin/sh', 'HOME': '/builddir', 'HOSTNAME': 'mock', 'PATH': '/usr/bin:/bin:/usr/sbin:/sbin', 'LANG': 'C.UTF-8'} and shell False
DEBUG util.py:608:  Child return code was: 0
DEBUG util.py:634:  child environment: None
DEBUG util.py:556:  Executing command: ['/bin/umount', '-n', '-l', '/var/lib/mock/rocky-9-aarch64_ciqshim/root/proc'] with env {'TERM': 'vt100', 'SHELL': '/bin/sh', 'HOME': '/builddir', 'HOSTNAME': 'mock', 'PATH': '/usr/bin:/bin:/usr/sbin:/sbin', 'LANG': 'C.UTF-8'} and shell False
DEBUG util.py:608:  Child return code was: 0
DEBUG file_util.py:18:  ensuring that dir exists: /var/lib/mock/rocky-9-aarch64_ciqshim-bootstrap/root/var/lib/mock/rocky-9-aarch64_ciqshim/root
DEBUG util.py:634:  child environment: None
DEBUG util.py:556:  Executing command: ['/bin/mount', '-n', '-t', 'tmpfs', '-o', 'private,mode=0755', 'tmpfs', '/var/lib/mock/rocky-9-aarch64_ciqshim-bootstrap/root/var/lib/mock/rocky-9-aarch64_ciqshim/root'] with env {'TERM': 'vt100', 'SHELL': '/bin/sh', 'HOME': '/builddir', 'HOSTNAME': 'mock', 'PATH': '/usr/bin:/bin:/usr/sbin:/sbin', 'LANG': 'C.UTF-8'} and shell False
DEBUG util.py:608:  Child return code was: 0
DEBUG file_util.py:18:  ensuring that dir exists: /var/lib/mock/rocky-9-aarch64_ciqshim-bootstrap/root/var/lib/mock/rocky-9-aarch64_ciqshim/root
DEBUG util.py:634:  child environment: None
DEBUG util.py:556:  Executing command: ['/bin/mount', '-n', '-o', 'rbind', '/var/lib/mock/rocky-9-aarch64_ciqshim/root', '/var/lib/mock/rocky-9-aarch64_ciqshim-bootstrap/root/var/lib/mock/rocky-9-aarch64_ciqshim/root'] with env {'TERM': 'vt100', 'SHELL': '/bin/sh', 'HOME': '/builddir', 'HOSTNAME': 'mock', 'PATH': '/usr/bin:/bin:/usr/sbin:/sbin', 'LANG': 'C.UTF-8'} and shell False
DEBUG util.py:608:  Child return code was: 0
DEBUG util.py:634:  child environment: None
DEBUG util.py:556:  Executing command: ['/bin/mount', '-n', '-o', 'remount,private,rbind', '--target', '/var/lib/mock/rocky-9-aarch64_ciqshim-bootstrap/root/var/lib/mock/rocky-9-aarch64_ciqshim/root'] with env {'TERM': 'vt100', 'SHELL': '/bin/sh', 'HOME': '/builddir', 'HOSTNAME': 'mock', 'PATH': '/usr/bin:/bin:/usr/sbin:/sbin', 'LANG': 'C.UTF-8'} and shell False
DEBUG util.py:608:  Child return code was: 0
DEBUG util.py:634:  child environment: None
DEBUG util.py:551:  Using nspawn with args ['--capability=cap_ipc_lock', '--bind=/tmp/mock-resolv.cs_olotw:/etc/resolv.conf']
DEBUG util.py:556:  Executing command: ['/usr/bin/systemd-nspawn', '-q', '-M', '944d3180e8824b0a8a62224e9ae3933c', '-D', '/var/lib/mock/rocky-9-aarch64_ciqshim-bootstrap/root', '-a', '--capability=cap_ipc_lock', '--bind=/tmp/mock-resolv.cs_olotw:/etc/resolv.conf', '--console=pipe', '--setenv=TERM=vt100', '--setenv=SHELL=/bin/bash', '--setenv=HOME=/builddir', '--setenv=HOSTNAME=mock', '--setenv=PATH=/usr/bin:/bin:/usr/sbin:/sbin', '--setenv=PROMPT_COMMAND=printf "\\033]0;<mock-chroot>\\007"', '--setenv=PS1=<mock-chroot> \\s-\\v\\$ ', '--setenv=LANG=C.UTF-8', '--resolv-conf=off', '/bin/rpm', '-qa', '--root', '/var/lib/mock/rocky-9-aarch64_ciqshim/root'] with env {'TERM': 'vt100', 'SHELL': '/bin/bash', 'HOME': '/builddir', 'HOSTNAME': 'mock', 'PATH': '/usr/bin:/bin:/usr/sbin:/sbin', 'PROMPT_COMMAND': 'printf "\\033]0;<mock-chroot>\\007"', 'PS1': '<mock-chroot> \\s-\\v\\$ ', 'LANG': 'C.UTF-8', 'SYSTEMD_NSPAWN_TMPFS_TMP': '0', 'SYSTEMD_SECCOMP': '0'} and shell False
DEBUG util.py:461:  gpg-pubkey-350d275d-6279464b
DEBUG util.py:461:  libgcc-11.5.0-5.el9_5.aarch64
DEBUG util.py:461:  rust-srpm-macros-17-4.el9.noarch
DEBUG util.py:461:  qt5-srpm-macros-5.15.9-1.el9.noarch
DEBUG util.py:461:  perl-srpm-macros-1-41.el9.noarch
DEBUG util.py:461:  openblas-srpm-macros-2-11.el9.noarch
DEBUG util.py:461:  ocaml-srpm-macros-6-6.el9.noarch
DEBUG util.py:461:  kernel-headers-5.14.0-570.58.1.el9_6.aarch64
DEBUG util.py:461:  ghc-srpm-macros-1.5.0-6.el9.noarch
DEBUG util.py:461:  tzdata-2025b-1.el9.noarch
DEBUG util.py:461:  rocky-gpg-keys-9.6-1.3.el9.noarch
DEBUG util.py:461:  rocky-release-9.6-1.3.el9.noarch
DEBUG util.py:461:  rocky-repos-9.6-1.3.el9.noarch
DEBUG util.py:461:  setup-2.13.7-10.el9.noarch
DEBUG util.py:461:  filesystem-3.16-5.el9.aarch64
DEBUG util.py:461:  basesystem-11-13.el9.0.1.noarch
DEBUG util.py:461:  publicsuffix-list-dafsa-20210518-3.el9.noarch
DEBUG util.py:461:  pkgconf-m4-1.7.3-10.el9.noarch
DEBUG util.py:461:  pcre2-syntax-10.40-6.el9.noarch
DEBUG util.py:461:  ncurses-base-6.2-10.20210508.el9_6.2.noarch
DEBUG util.py:461:  glibc-gconv-extra-2.34-168.el9_6.24.aarch64
DEBUG util.py:461:  glibc-minimal-langpack-2.34-168.el9_6.24.aarch64
DEBUG util.py:461:  glibc-common-2.34-168.el9_6.24.aarch64
DEBUG util.py:461:  glibc-2.34-168.el9_6.24.aarch64
DEBUG util.py:461:  ncurses-libs-6.2-10.20210508.el9_6.2.aarch64
DEBUG util.py:461:  bash-5.1.8-9.el9.aarch64
DEBUG util.py:461:  zlib-1.2.11-40.el9.aarch64
DEBUG util.py:461:  libstdc++-11.5.0-5.el9_5.aarch64
DEBUG util.py:461:  libzstd-1.5.5-1.el9.aarch64
DEBUG util.py:461:  xz-libs-5.2.5-8.el9_0.aarch64
DEBUG util.py:461:  bzip2-libs-1.0.8-10.el9_5.aarch64
DEBUG util.py:461:  gmp-6.2.0-13.el9.aarch64
DEBUG util.py:461:  elfutils-libelf-0.192-6.el9_6.aarch64
DEBUG util.py:461:  libxcrypt-4.4.18-3.el9.aarch64
DEBUG util.py:461:  mpfr-4.1.0-7.el9.aarch64
DEBUG util.py:461:  libuuid-2.37.4-21.el9.aarch64
DEBUG util.py:461:  libattr-2.5.1-3.el9.aarch64
DEBUG util.py:461:  libacl-2.3.1-4.el9.aarch64
DEBUG util.py:461:  libcap-2.48-9.el9_2.aarch64
DEBUG util.py:461:  popt-1.18-8.el9.aarch64
DEBUG util.py:461:  libmpc-1.2.1-4.el9.aarch64
DEBUG util.py:461:  crypto-policies-20250128-1.git5269e22.el9.noarch
DEBUG util.py:461:  readline-8.1-4.el9.aarch64
DEBUG util.py:461:  libcom_err-1.46.5-7.el9.aarch64
DEBUG util.py:461:  lz4-libs-1.9.3-5.el9.aarch64
DEBUG util.py:461:  dwz-0.14-3.el9.aarch64
DEBUG util.py:461:  unzip-6.0-58.el9_5.aarch64
DEBUG util.py:461:  libxml2-2.9.13-12.el9_6.aarch64
DEBUG util.py:461:  file-libs-5.39-16.el9.aarch64
DEBUG util.py:461:  file-5.39-16.el9.aarch64
DEBUG util.py:461:  sqlite-libs-3.34.1-8.el9_6.aarch64
DEBUG util.py:461:  alternatives-1.24-2.el9.aarch64
DEBUG util.py:461:  libcap-ng-0.8.2-7.el9.aarch64
DEBUG util.py:461:  audit-libs-3.1.5-4.el9.aarch64
DEBUG util.py:461:  libffi-3.4.2-8.el9.aarch64
DEBUG util.py:461:  libgomp-11.5.0-5.el9_5.aarch64
DEBUG util.py:461:  libsepol-3.6-2.el9.aarch64
DEBUG util.py:461:  libsigsegv-2.13-4.el9.aarch64
DEBUG util.py:461:  gawk-5.1.0-6.el9.aarch64
DEBUG util.py:461:  libsmartcols-2.37.4-21.el9.aarch64
DEBUG util.py:461:  libtasn1-4.16.0-9.el9.aarch64
DEBUG util.py:461:  p11-kit-0.25.3-3.el9_5.aarch64
DEBUG util.py:461:  libunistring-0.9.10-15.el9.aarch64
DEBUG util.py:461:  libidn2-2.3.0-7.el9.aarch64
DEBUG util.py:461:  lua-libs-5.4.4-4.el9.aarch64
DEBUG util.py:461:  libpsl-0.21.1-5.el9.aarch64
DEBUG util.py:461:  p11-kit-trust-0.25.3-3.el9_5.aarch64
DEBUG util.py:461:  zip-3.0-35.el9.aarch64
DEBUG util.py:461:  zstd-1.5.5-1.el9.aarch64
DEBUG util.py:461:  cpp-11.5.0-5.el9_5.aarch64
DEBUG util.py:461:  bzip2-1.0.8-10.el9_5.aarch64
DEBUG util.py:461:  groff-base-1.22.4-10.el9.aarch64
DEBUG util.py:461:  libasan-11.5.0-5.el9_5.aarch64
DEBUG util.py:461:  libstdc++-devel-11.5.0-5.el9_5.aarch64
DEBUG util.py:461:  libubsan-11.5.0-5.el9_5.aarch64
DEBUG util.py:461:  info-6.7-15.el9.aarch64
DEBUG util.py:461:  ed-1.14.2-12.el9.aarch64
DEBUG util.py:461:  elfutils-default-yama-scope-0.192-6.el9_6.noarch
DEBUG util.py:461:  elfutils-libs-0.192-6.el9_6.aarch64
DEBUG util.py:461:  libedit-3.1-38.20210216cvs.el9.aarch64
DEBUG util.py:461:  llvm-libs-19.1.7-1.el9.aarch64
DEBUG util.py:461:  ncurses-6.2-10.20210508.el9_6.2.aarch64
DEBUG util.py:461:  cpio-2.13-16.el9.aarch64
DEBUG util.py:461:  diffutils-3.7-12.el9.aarch64
DEBUG util.py:461:  gdbm-libs-1.23-1.el9.aarch64
DEBUG util.py:461:  json-c-0.14-11.el9.aarch64
DEBUG util.py:461:  keyutils-libs-1.6.3-1.el9.aarch64
DEBUG util.py:461:  libatomic-11.5.0-5.el9_5.aarch64
DEBUG util.py:461:  libbrotli-1.0.9-7.el9_5.aarch64
DEBUG util.py:461:  libdb-5.3.28-57.el9_6.aarch64
DEBUG util.py:461:  libeconf-0.4.1-4.el9.aarch64
DEBUG util.py:461:  libgpg-error-1.42-5.el9.aarch64
DEBUG util.py:461:  libgcrypt-1.10.0-11.el9.aarch64
DEBUG util.py:461:  libnghttp2-1.43.0-6.el9.aarch64
DEBUG util.py:461:  libpkgconf-1.7.3-10.el9.aarch64
DEBUG util.py:461:  pkgconf-1.7.3-10.el9.aarch64
DEBUG util.py:461:  pkgconf-pkg-config-1.7.3-10.el9.aarch64
DEBUG util.py:461:  libxcrypt-devel-4.4.18-3.el9.aarch64
DEBUG util.py:461:  glibc-devel-2.34-168.el9_6.24.aarch64
DEBUG util.py:461:  libtool-ltdl-2.4.6-46.el9.aarch64
DEBUG util.py:461:  libverto-0.3.2-3.el9.aarch64
DEBUG util.py:461:  make-4.3-8.el9.aarch64
DEBUG util.py:461:  pcre-8.44-4.el9.aarch64
DEBUG util.py:461:  grep-3.6-5.el9.aarch64
DEBUG util.py:461:  xz-5.2.5-8.el9_0.aarch64
DEBUG util.py:461:  pcre2-10.40-6.el9.aarch64
DEBUG util.py:461:  libselinux-3.6-3.el9.aarch64
DEBUG util.py:461:  sed-4.8-9.el9.aarch64
DEBUG util.py:461:  findutils-4.8.0-7.el9.aarch64
DEBUG util.py:461:  libsemanage-3.6-5.el9_6.aarch64
DEBUG util.py:461:  shadow-utils-4.9-12.el9.aarch64
DEBUG util.py:461:  libutempter-1.2.1-6.el9.aarch64
DEBUG util.py:461:  tar-1.34-7.el9.aarch64
DEBUG util.py:461:  patch-2.7.6-16.el9.aarch64
DEBUG util.py:461:  libssh-config-0.10.4-15.el9_6.noarch
DEBUG util.py:461:  coreutils-common-8.32-39.el9.aarch64
DEBUG util.py:461:  openssl-libs-3.2.2-6.el9_5.1.aarch64
DEBUG util.py:461:  coreutils-8.32-39.el9.aarch64
DEBUG util.py:461:  ca-certificates-2024.2.69_v8.0.303-91.4.el9_4.noarch
DEBUG util.py:461:  libblkid-2.37.4-21.el9.aarch64
DEBUG util.py:461:  krb5-libs-1.21.1-8.el9_6.aarch64
DEBUG util.py:461:  libmount-2.37.4-21.el9.aarch64
DEBUG util.py:461:  gzip-1.12-1.el9.aarch64
DEBUG util.py:461:  cracklib-2.9.6-27.el9.aarch64
DEBUG util.py:461:  systemd-libs-252-51.el9_6.3.rocky.0.1.aarch64
DEBUG util.py:461:  libarchive-3.5.3-6.el9_6.aarch64
DEBUG util.py:461:  util-linux-core-2.37.4-21.el9.aarch64
DEBUG util.py:461:  cracklib-dicts-2.9.6-27.el9.aarch64
DEBUG util.py:461:  cyrus-sasl-lib-2.1.27-21.el9.aarch64
DEBUG util.py:461:  libssh-0.10.4-15.el9_6.aarch64
DEBUG util.py:461:  libfdisk-2.37.4-21.el9.aarch64
DEBUG util.py:461:  perl-Digest-1.19-4.el9.noarch
DEBUG util.py:461:  perl-Digest-MD5-2.58-4.el9.aarch64
DEBUG util.py:461:  perl-B-1.80-481.1.el9_6.aarch64
DEBUG util.py:461:  perl-FileHandle-2.03-481.1.el9_6.noarch
DEBUG util.py:461:  perl-Data-Dumper-2.174-462.el9.aarch64
DEBUG util.py:461:  perl-libnet-3.13-4.el9.noarch
DEBUG util.py:461:  perl-AutoLoader-5.74-481.1.el9_6.noarch
DEBUG util.py:461:  perl-base-2.27-481.1.el9_6.noarch
DEBUG util.py:461:  perl-URI-5.09-3.el9.noarch
DEBUG util.py:461:  perl-if-0.60.800-481.1.el9_6.noarch
DEBUG util.py:461:  perl-IO-Socket-IP-0.41-5.el9.noarch
DEBUG util.py:461:  perl-Time-Local-1.300-7.el9.noarch
DEBUG util.py:461:  perl-File-Path-2.18-4.el9.noarch
DEBUG util.py:461:  perl-IO-Socket-SSL-2.073-2.el9.noarch
DEBUG util.py:461:  perl-Net-SSLeay-1.94-1.el9.aarch64
DEBUG util.py:461:  perl-Pod-Escapes-1.07-460.el9.noarch
DEBUG util.py:461:  perl-Text-Tabs+Wrap-2013.0523-460.el9.noarch
DEBUG util.py:461:  perl-Mozilla-CA-20200520-6.el9.noarch
DEBUG util.py:461:  perl-Class-Struct-0.66-481.1.el9_6.noarch
DEBUG util.py:461:  perl-POSIX-1.94-481.1.el9_6.aarch64
DEBUG util.py:461:  perl-Term-ANSIColor-5.01-461.el9.noarch
DEBUG util.py:461:  perl-IPC-Open3-1.21-481.1.el9_6.noarch
DEBUG util.py:461:  perl-subs-1.03-481.1.el9_6.noarch
DEBUG util.py:461:  perl-File-Temp-0.231.100-4.el9.noarch
DEBUG util.py:461:  perl-Term-Cap-1.17-460.el9.noarch
DEBUG util.py:461:  perl-Pod-Simple-3.42-4.el9.noarch
DEBUG util.py:461:  perl-HTTP-Tiny-0.076-462.el9.noarch
DEBUG util.py:461:  perl-Socket-2.031-4.el9.aarch64
DEBUG util.py:461:  perl-SelectSaver-1.02-481.1.el9_6.noarch
DEBUG util.py:461:  perl-Symbol-1.08-481.1.el9_6.noarch
DEBUG util.py:461:  perl-File-stat-1.09-481.1.el9_6.noarch
DEBUG util.py:461:  perl-podlators-4.14-460.el9.noarch
DEBUG util.py:461:  perl-Pod-Perldoc-3.28.01-461.el9.noarch
DEBUG util.py:461:  perl-Fcntl-1.13-481.1.el9_6.aarch64
DEBUG util.py:461:  perl-Text-ParseWords-3.30-460.el9.noarch
DEBUG util.py:461:  perl-mro-1.23-481.1.el9_6.aarch64
DEBUG util.py:461:  perl-IO-1.43-481.1.el9_6.aarch64
DEBUG util.py:461:  perl-overloading-0.02-481.1.el9_6.noarch
DEBUG util.py:461:  perl-Pod-Usage-2.01-4.el9.noarch
DEBUG util.py:461:  perl-Errno-1.30-481.1.el9_6.aarch64
DEBUG util.py:461:  perl-File-Basename-2.85-481.1.el9_6.noarch
DEBUG util.py:461:  perl-Getopt-Std-1.12-481.1.el9_6.noarch
DEBUG util.py:461:  perl-MIME-Base64-3.16-4.el9.aarch64
DEBUG util.py:461:  perl-Scalar-List-Utils-1.56-462.el9.aarch64
DEBUG util.py:461:  perl-constant-1.33-461.el9.noarch
DEBUG util.py:461:  perl-Storable-3.21-460.el9.aarch64
DEBUG util.py:461:  perl-overload-1.31-481.1.el9_6.noarch
DEBUG util.py:461:  perl-parent-0.238-460.el9.noarch
DEBUG util.py:461:  perl-vars-1.05-481.1.el9_6.noarch
DEBUG util.py:461:  perl-Getopt-Long-2.52-4.el9.noarch
DEBUG util.py:461:  perl-Carp-1.50-460.el9.noarch
DEBUG util.py:461:  perl-Exporter-5.74-461.el9.noarch
DEBUG util.py:461:  perl-PathTools-3.78-461.el9.aarch64
DEBUG util.py:461:  perl-Encode-3.08-462.el9.aarch64
DEBUG util.py:461:  perl-libs-5.32.1-481.1.el9_6.aarch64
DEBUG util.py:461:  perl-interpreter-5.32.1-481.1.el9_6.aarch64
DEBUG util.py:461:  kernel-srpm-macros-1.0-13.el9.noarch
DEBUG util.py:461:  openssl-3.2.2-6.el9_5.1.aarch64
DEBUG util.py:461:  libpwquality-1.4.4-8.el9.aarch64
DEBUG util.py:461:  pam-1.5.1-26.el9_6.aarch64
DEBUG util.py:461:  libevent-2.1.12-8.el9_4.aarch64
DEBUG util.py:461:  openldap-2.6.8-4.el9.0.1.aarch64
DEBUG util.py:461:  libcurl-7.76.1-31.el9_6.1.aarch64
DEBUG util.py:461:  elfutils-debuginfod-client-0.192-6.el9_6.aarch64
DEBUG util.py:461:  binutils-gold-2.35.2-63.el9.aarch64
DEBUG util.py:461:  binutils-2.35.2-63.el9.aarch64
DEBUG util.py:461:  gcc-11.5.0-5.el9_5.aarch64
DEBUG util.py:461:  elfutils-0.192-6.el9_6.aarch64
DEBUG util.py:461:  gdb-minimal-14.2-4.1.el9_6.aarch64
DEBUG util.py:461:  debugedit-5.0-5.el9.aarch64
DEBUG util.py:461:  annobin-12.92-1.el9.aarch64
DEBUG util.py:461:  gcc-plugin-annobin-11.5.0-5.el9_5.aarch64
DEBUG util.py:461:  curl-7.76.1-31.el9_6.1.aarch64
DEBUG util.py:461:  rpm-4.16.1.3-37.el9.aarch64
DEBUG util.py:461:  rpm-libs-4.16.1.3-37.el9.aarch64
DEBUG util.py:461:  rpm-build-libs-4.16.1.3-37.el9.aarch64
DEBUG util.py:461:  efi-srpm-macros-6-2.el9_0.noarch
DEBUG util.py:461:  lua-srpm-macros-1-6.el9.noarch
DEBUG util.py:461:  fonts-srpm-macros-2.0.5-7.el9.1.noarch
DEBUG util.py:461:  go-srpm-macros-3.6.0-10.el9_6.noarch
DEBUG util.py:461:  python-srpm-macros-3.9-54.el9.noarch
DEBUG util.py:461:  pyproject-srpm-macros-1.16.2-1.el9.noarch
DEBUG util.py:461:  redhat-rpm-config-209-1.el9.noarch
DEBUG util.py:461:  rpm-build-4.16.1.3-37.el9.aarch64
DEBUG util.py:461:  gcc-c++-11.5.0-5.el9_5.aarch64
DEBUG util.py:461:  util-linux-2.37.4-21.el9.aarch64
DEBUG util.py:461:  which-2.21-30.el9_6.aarch64
DEBUG util.py:608:  Child return code was: 0
DEBUG util.py:183:  kill orphans in chroot /var/lib/mock/rocky-9-aarch64_ciqshim/root
DEBUG util.py:183:  kill orphans in chroot /var/lib/mock/rocky-9-aarch64_ciqshim-bootstrap/root/var/lib/mock/rocky-9-aarch64_ciqshim/root
DEBUG util.py:634:  child environment: None
DEBUG util.py:556:  Executing command: ['/bin/umount', '-n', '-l', '/var/lib/mock/rocky-9-aarch64_ciqshim-bootstrap/root/var/lib/mock/rocky-9-aarch64_ciqshim/root'] with env {'TERM': 'vt100', 'SHELL': '/bin/sh', 'HOME': '/builddir', 'HOSTNAME': 'mock', 'PATH': '/usr/bin:/bin:/usr/sbin:/sbin', 'LANG': 'C.UTF-8'} and shell False
DEBUG util.py:608:  Child return code was: 0
DEBUG util.py:634:  child environment: None
DEBUG util.py:556:  Executing command: ['/bin/umount', '-n', '-l', '/var/lib/mock/rocky-9-aarch64_ciqshim-bootstrap/root/var/lib/mock/rocky-9-aarch64_ciqshim/root'] with env {'TERM': 'vt100', 'SHELL': '/bin/sh', 'HOME': '/builddir', 'HOSTNAME': 'mock', 'PATH': '/usr/bin:/bin:/usr/sbin:/sbin', 'LANG': 'C.UTF-8'} and shell False
DEBUG util.py:608:  Child return code was: 0
DEBUG file_util.py:18:  ensuring that dir exists: /var/lib/mock/rocky-9-aarch64_ciqshim/root/builddir/build
DEBUG file_util.py:18:  ensuring that dir exists: /var/lib/mock/rocky-9-aarch64_ciqshim/root/builddir/build/RPMS
DEBUG file_util.py:21:  created dir: /var/lib/mock/rocky-9-aarch64_ciqshim/root/builddir/build/RPMS
DEBUG file_util.py:18:  ensuring that dir exists: /var/lib/mock/rocky-9-aarch64_ciqshim/root/builddir/build/SPECS
DEBUG file_util.py:21:  created dir: /var/lib/mock/rocky-9-aarch64_ciqshim/root/builddir/build/SPECS
DEBUG file_util.py:18:  ensuring that dir exists: /var/lib/mock/rocky-9-aarch64_ciqshim/root/builddir/build/SRPMS
DEBUG file_util.py:21:  created dir: /var/lib/mock/rocky-9-aarch64_ciqshim/root/builddir/build/SRPMS
DEBUG file_util.py:18:  ensuring that dir exists: /var/lib/mock/rocky-9-aarch64_ciqshim/root/builddir/build/SOURCES
DEBUG file_util.py:18:  ensuring that dir exists: /var/lib/mock/rocky-9-aarch64_ciqshim/root/builddir/build/BUILD
DEBUG file_util.py:21:  created dir: /var/lib/mock/rocky-9-aarch64_ciqshim/root/builddir/build/BUILD
DEBUG file_util.py:18:  ensuring that dir exists: /var/lib/mock/rocky-9-aarch64_ciqshim/root/builddir/build/BUILDROOT
DEBUG file_util.py:21:  created dir: /var/lib/mock/rocky-9-aarch64_ciqshim/root/builddir/build/BUILDROOT
DEBUG file_util.py:18:  ensuring that dir exists: /var/lib/mock/rocky-9-aarch64_ciqshim/root/builddir/build/originals
DEBUG file_util.py:21:  created dir: /var/lib/mock/rocky-9-aarch64_ciqshim/root/builddir/build/originals
DEBUG file_util.py:18:  ensuring that dir exists: /var/lib/mock/rocky-9-aarch64_ciqshim/root/builddir
DEBUG util.py:634:  child environment: None
DEBUG util.py:556:  Executing command: ['userdel', '-f', 'mockbuild', '--prefix', '/var/lib/mock/rocky-9-aarch64_ciqshim/root'] with env {'TERM': 'vt100', 'SHELL': '/bin/sh', 'HOME': '/builddir', 'HOSTNAME': 'mock', 'PATH': '/usr/bin:/bin:/usr/sbin:/sbin', 'LANG': 'C.UTF-8'} and shell False
DEBUG util.py:608:  Child return code was: 0
DEBUG util.py:634:  child environment: None
DEBUG util.py:556:  Executing command: ['groupdel', 'mock', '--prefix', '/var/lib/mock/rocky-9-aarch64_ciqshim/root'] with env {'TERM': 'vt100', 'SHELL': '/bin/sh', 'HOME': '/builddir', 'HOSTNAME': 'mock', 'PATH': '/usr/bin:/bin:/usr/sbin:/sbin', 'LANG': 'C.UTF-8'} and shell False
DEBUG util.py:608:  Child return code was: 0
DEBUG util.py:634:  child environment: None
DEBUG util.py:556:  Executing command: ['groupadd', 'mock', '-g', '135', '--prefix', '/var/lib/mock/rocky-9-aarch64_ciqshim/root'] with env {'TERM': 'vt100', 'SHELL': '/bin/sh', 'HOME': '/builddir', 'HOSTNAME': 'mock', 'PATH': '/usr/bin:/bin:/usr/sbin:/sbin', 'LANG': 'C.UTF-8'} and shell False
DEBUG util.py:608:  Child return code was: 0
DEBUG util.py:634:  child environment: None
DEBUG util.py:556:  Executing command: ['useradd', 'mockbuild', '-o', '-u', '1000', '-g', '135', '-N', '-d', '/builddir', '--prefix', '/var/lib/mock/rocky-9-aarch64_ciqshim/root'] with env {'TERM': 'vt100', 'SHELL': '/bin/sh', 'HOME': '/builddir', 'HOSTNAME': 'mock', 'PATH': '/usr/bin:/bin:/usr/sbin:/sbin', 'LANG': 'C.UTF-8'} and shell False
DEBUG util.py:459:  useradd: warning: the home directory /builddir already exists.
DEBUG util.py:459:  useradd: Not copying any file from skel directory into it.
DEBUG util.py:459:  Creating mailbox file: File exists
DEBUG util.py:608:  Child return code was: 0
DEBUG file_util.py:30:  touching file: /var/lib/mock/rocky-9-aarch64_ciqshim/root/.initialized
DEBUG util.py:634:  child environment: None
DEBUG util.py:551:  Using nspawn with args ['--capability=cap_ipc_lock', '--bind=/tmp/mock-resolv._u1wk_t1:/etc/resolv.conf', '--bind=/dev/btrfs-control', '--bind=/dev/mapper/control', '--bind=/dev/fuse', '--bind=/dev/loop-control', '--bind=/dev/loop0', '--bind=/dev/loop1', '--bind=/dev/loop2', '--bind=/dev/loop3', '--bind=/dev/loop4', '--bind=/dev/loop5', '--bind=/dev/loop6', '--bind=/dev/loop7', '--bind=/dev/loop8', '--bind=/dev/loop9', '--bind=/dev/loop10', '--bind=/dev/loop11']
DEBUG util.py:556:  Executing command: ['/usr/bin/systemd-nspawn', '-q', '-M', '43f31b6bfb0b4fb689b762b06d548bf5', '-D', '/var/lib/mock/rocky-9-aarch64_ciqshim/root', '-a', '-u', 'mockbuild', '--capability=cap_ipc_lock', '--bind=/tmp/mock-resolv._u1wk_t1:/etc/resolv.conf', '--bind=/dev/btrfs-control', '--bind=/dev/mapper/control', '--bind=/dev/fuse', '--bind=/dev/loop-control', '--bind=/dev/loop0', '--bind=/dev/loop1', '--bind=/dev/loop2', '--bind=/dev/loop3', '--bind=/dev/loop4', '--bind=/dev/loop5', '--bind=/dev/loop6', '--bind=/dev/loop7', '--bind=/dev/loop8', '--bind=/dev/loop9', '--bind=/dev/loop10', '--bind=/dev/loop11', '--console=pipe', '--setenv=TERM=vt100', '--setenv=SHELL=/bin/bash', '--setenv=HOME=/builddir', '--setenv=HOSTNAME=mock', '--setenv=PATH=/usr/bin:/bin:/usr/sbin:/sbin', '--setenv=PROMPT_COMMAND=printf "\\033]0;<mock-chroot>\\007"', '--setenv=PS1=<mock-chroot> \\s-\\v\\$ ', '--setenv=LANG=C.UTF-8', '--resolv-conf=off', '/bin/rpm', '-Uvh', '--nodeps', '/builddir/build/originals/shim-unsigned-aarch64-16.1-0.el9.src.rpm'] with env {'TERM': 'vt100', 'SHELL': '/bin/bash', 'HOME': '/builddir', 'HOSTNAME': 'mock', 'PATH': '/usr/bin:/bin:/usr/sbin:/sbin', 'PROMPT_COMMAND': 'printf "\\033]0;<mock-chroot>\\007"', 'PS1': '<mock-chroot> \\s-\\v\\$ ', 'LANG': 'C.UTF-8', 'SYSTEMD_NSPAWN_TMPFS_TMP': '0', 'SYSTEMD_SECCOMP': '0'} and shell False
DEBUG util.py:461:  Updating / installing...
DEBUG util.py:461:  shim-unsigned-aarch64-16.1-0.el9      ########################################
DEBUG util.py:608:  Child return code was: 0
DEBUG util.py:634:  child environment: None
DEBUG util.py:551:  Using nspawn with args ['--capability=cap_ipc_lock', '--bind=/tmp/mock-resolv._u1wk_t1:/etc/resolv.conf', '--bind=/dev/btrfs-control', '--bind=/dev/mapper/control', '--bind=/dev/fuse', '--bind=/dev/loop-control', '--bind=/dev/loop0', '--bind=/dev/loop1', '--bind=/dev/loop2', '--bind=/dev/loop3', '--bind=/dev/loop4', '--bind=/dev/loop5', '--bind=/dev/loop6', '--bind=/dev/loop7', '--bind=/dev/loop8', '--bind=/dev/loop9', '--bind=/dev/loop10', '--bind=/dev/loop11']
DEBUG util.py:556:  Executing command: ['/usr/bin/systemd-nspawn', '-q', '-M', '817a406cac374b6587184c4833b5055d', '-D', '/var/lib/mock/rocky-9-aarch64_ciqshim/root', '-a', '-u', 'mockbuild', '--capability=cap_ipc_lock', '--bind=/tmp/mock-resolv._u1wk_t1:/etc/resolv.conf', '--bind=/dev/btrfs-control', '--bind=/dev/mapper/control', '--bind=/dev/fuse', '--bind=/dev/loop-control', '--bind=/dev/loop0', '--bind=/dev/loop1', '--bind=/dev/loop2', '--bind=/dev/loop3', '--bind=/dev/loop4', '--bind=/dev/loop5', '--bind=/dev/loop6', '--bind=/dev/loop7', '--bind=/dev/loop8', '--bind=/dev/loop9', '--bind=/dev/loop10', '--bind=/dev/loop11', '--console=pipe', '--setenv=TERM=vt100', '--setenv=SHELL=/bin/bash', '--setenv=HOME=/builddir', '--setenv=HOSTNAME=mock', '--setenv=PATH=/usr/bin:/bin:/usr/sbin:/sbin', '--setenv=PROMPT_COMMAND=printf "\\033]0;<mock-chroot>\\007"', '--setenv=PS1=<mock-chroot> \\s-\\v\\$ ', '--setenv=LANG=C.UTF-8', '--resolv-conf=off', '/bin/rpm', '-qpl', '/builddir/build/originals/shim-unsigned-aarch64-16.1-0.el9.src.rpm'] with env {'TERM': 'vt100', 'SHELL': '/bin/bash', 'HOME': '/builddir', 'HOSTNAME': 'mock', 'PATH': '/usr/bin:/bin:/usr/sbin:/sbin', 'PROMPT_COMMAND': 'printf "\\033]0;<mock-chroot>\\007"', 'PS1': '<mock-chroot> \\s-\\v\\$ ', 'LANG': 'C.UTF-8', 'SYSTEMD_NSPAWN_TMPFS_TMP': '0', 'SYSTEMD_SECCOMP': '0'} and shell False
DEBUG util.py:461:  ciq_sb_ca.der
DEBUG util.py:461:  sbat.ciq.csv
DEBUG util.py:461:  shim-16.1.tar.bz2
DEBUG util.py:461:  shim-find-debuginfo.sh
DEBUG util.py:461:  shim-unsigned-aarch64.spec
DEBUG util.py:461:  shim.patches
DEBUG util.py:608:  Child return code was: 0
DEBUG file_util.py:18:  ensuring that dir exists: /var/lib/mock/rocky-9-aarch64_ciqshim-bootstrap/root/var/lib/mock/rocky-9-aarch64_ciqshim/root
DEBUG util.py:634:  child environment: None
DEBUG util.py:556:  Executing command: ['/bin/mount', '-n', '-t', 'tmpfs', '-o', 'private,mode=0755', 'tmpfs', '/var/lib/mock/rocky-9-aarch64_ciqshim-bootstrap/root/var/lib/mock/rocky-9-aarch64_ciqshim/root'] with env {'TERM': 'vt100', 'SHELL': '/bin/sh', 'HOME': '/builddir', 'HOSTNAME': 'mock', 'PATH': '/usr/bin:/bin:/usr/sbin:/sbin', 'LANG': 'C.UTF-8'} and shell False
DEBUG util.py:608:  Child return code was: 0
DEBUG file_util.py:18:  ensuring that dir exists: /var/lib/mock/rocky-9-aarch64_ciqshim-bootstrap/root/var/lib/mock/rocky-9-aarch64_ciqshim/root
DEBUG util.py:634:  child environment: None
DEBUG util.py:556:  Executing command: ['/bin/mount', '-n', '-o', 'rbind', '/var/lib/mock/rocky-9-aarch64_ciqshim/root', '/var/lib/mock/rocky-9-aarch64_ciqshim-bootstrap/root/var/lib/mock/rocky-9-aarch64_ciqshim/root'] with env {'TERM': 'vt100', 'SHELL': '/bin/sh', 'HOME': '/builddir', 'HOSTNAME': 'mock', 'PATH': '/usr/bin:/bin:/usr/sbin:/sbin', 'LANG': 'C.UTF-8'} and shell False
DEBUG util.py:608:  Child return code was: 0
DEBUG util.py:634:  child environment: None
DEBUG util.py:556:  Executing command: ['/bin/mount', '-n', '-o', 'remount,private,rbind', '--target', '/var/lib/mock/rocky-9-aarch64_ciqshim-bootstrap/root/var/lib/mock/rocky-9-aarch64_ciqshim/root'] with env {'TERM': 'vt100', 'SHELL': '/bin/sh', 'HOME': '/builddir', 'HOSTNAME': 'mock', 'PATH': '/usr/bin:/bin:/usr/sbin:/sbin', 'LANG': 'C.UTF-8'} and shell False
DEBUG util.py:608:  Child return code was: 0
DEBUG util.py:634:  child environment: None
DEBUG util.py:551:  Using nspawn with args ['--capability=cap_ipc_lock', '--bind=/tmp/mock-resolv.cs_olotw:/etc/resolv.conf']
DEBUG util.py:556:  Executing command: ['/usr/bin/systemd-nspawn', '-q', '-M', 'fec2b78826a5419ea16cd30493f4d7ca', '-D', '/var/lib/mock/rocky-9-aarch64_ciqshim-bootstrap/root', '-a', '--capability=cap_ipc_lock', '--bind=/tmp/mock-resolv.cs_olotw:/etc/resolv.conf', '--console=pipe', '--setenv=TERM=vt100', '--setenv=SHELL=/bin/bash', '--setenv=HOME=/builddir', '--setenv=HOSTNAME=mock', '--setenv=PATH=/usr/bin:/bin:/usr/sbin:/sbin', '--setenv=PROMPT_COMMAND=printf "\\033]0;<mock-chroot>\\007"', '--setenv=PS1=<mock-chroot> \\s-\\v\\$ ', '--setenv=LANG=C.UTF-8', '--resolv-conf=off', '/bin/rpm', '-qa', '--root', '/var/lib/mock/rocky-9-aarch64_ciqshim/root'] with env {'TERM': 'vt100', 'SHELL': '/bin/bash', 'HOME': '/builddir', 'HOSTNAME': 'mock', 'PATH': '/usr/bin:/bin:/usr/sbin:/sbin', 'PROMPT_COMMAND': 'printf "\\033]0;<mock-chroot>\\007"', 'PS1': '<mock-chroot> \\s-\\v\\$ ', 'LANG': 'C.UTF-8', 'SYSTEMD_NSPAWN_TMPFS_TMP': '0', 'SYSTEMD_SECCOMP': '0'} and shell False
DEBUG util.py:461:  gpg-pubkey-350d275d-6279464b
DEBUG util.py:461:  libgcc-11.5.0-5.el9_5.aarch64
DEBUG util.py:461:  rust-srpm-macros-17-4.el9.noarch
DEBUG util.py:461:  qt5-srpm-macros-5.15.9-1.el9.noarch
DEBUG util.py:461:  perl-srpm-macros-1-41.el9.noarch
DEBUG util.py:461:  openblas-srpm-macros-2-11.el9.noarch
DEBUG util.py:461:  ocaml-srpm-macros-6-6.el9.noarch
DEBUG util.py:461:  kernel-headers-5.14.0-570.58.1.el9_6.aarch64
DEBUG util.py:461:  ghc-srpm-macros-1.5.0-6.el9.noarch
DEBUG util.py:461:  tzdata-2025b-1.el9.noarch
DEBUG util.py:461:  rocky-gpg-keys-9.6-1.3.el9.noarch
DEBUG util.py:461:  rocky-release-9.6-1.3.el9.noarch
DEBUG util.py:461:  rocky-repos-9.6-1.3.el9.noarch
DEBUG util.py:461:  setup-2.13.7-10.el9.noarch
DEBUG util.py:461:  filesystem-3.16-5.el9.aarch64
DEBUG util.py:461:  basesystem-11-13.el9.0.1.noarch
DEBUG util.py:461:  publicsuffix-list-dafsa-20210518-3.el9.noarch
DEBUG util.py:461:  pkgconf-m4-1.7.3-10.el9.noarch
DEBUG util.py:461:  pcre2-syntax-10.40-6.el9.noarch
DEBUG util.py:461:  ncurses-base-6.2-10.20210508.el9_6.2.noarch
DEBUG util.py:461:  glibc-gconv-extra-2.34-168.el9_6.24.aarch64
DEBUG util.py:461:  glibc-minimal-langpack-2.34-168.el9_6.24.aarch64
DEBUG util.py:461:  glibc-common-2.34-168.el9_6.24.aarch64
DEBUG util.py:461:  glibc-2.34-168.el9_6.24.aarch64
DEBUG util.py:461:  ncurses-libs-6.2-10.20210508.el9_6.2.aarch64
DEBUG util.py:461:  bash-5.1.8-9.el9.aarch64
DEBUG util.py:461:  zlib-1.2.11-40.el9.aarch64
DEBUG util.py:461:  libstdc++-11.5.0-5.el9_5.aarch64
DEBUG util.py:461:  libzstd-1.5.5-1.el9.aarch64
DEBUG util.py:461:  xz-libs-5.2.5-8.el9_0.aarch64
DEBUG util.py:461:  bzip2-libs-1.0.8-10.el9_5.aarch64
DEBUG util.py:461:  gmp-6.2.0-13.el9.aarch64
DEBUG util.py:461:  elfutils-libelf-0.192-6.el9_6.aarch64
DEBUG util.py:461:  libxcrypt-4.4.18-3.el9.aarch64
DEBUG util.py:461:  mpfr-4.1.0-7.el9.aarch64
DEBUG util.py:461:  libuuid-2.37.4-21.el9.aarch64
DEBUG util.py:461:  libattr-2.5.1-3.el9.aarch64
DEBUG util.py:461:  libacl-2.3.1-4.el9.aarch64
DEBUG util.py:461:  libcap-2.48-9.el9_2.aarch64
DEBUG util.py:461:  popt-1.18-8.el9.aarch64
DEBUG util.py:461:  libmpc-1.2.1-4.el9.aarch64
DEBUG util.py:461:  crypto-policies-20250128-1.git5269e22.el9.noarch
DEBUG util.py:461:  readline-8.1-4.el9.aarch64
DEBUG util.py:461:  libcom_err-1.46.5-7.el9.aarch64
DEBUG util.py:461:  lz4-libs-1.9.3-5.el9.aarch64
DEBUG util.py:461:  dwz-0.14-3.el9.aarch64
DEBUG util.py:461:  unzip-6.0-58.el9_5.aarch64
DEBUG util.py:461:  libxml2-2.9.13-12.el9_6.aarch64
DEBUG util.py:461:  file-libs-5.39-16.el9.aarch64
DEBUG util.py:461:  file-5.39-16.el9.aarch64
DEBUG util.py:461:  sqlite-libs-3.34.1-8.el9_6.aarch64
DEBUG util.py:461:  alternatives-1.24-2.el9.aarch64
DEBUG util.py:461:  libcap-ng-0.8.2-7.el9.aarch64
DEBUG util.py:461:  audit-libs-3.1.5-4.el9.aarch64
DEBUG util.py:461:  libffi-3.4.2-8.el9.aarch64
DEBUG util.py:461:  libgomp-11.5.0-5.el9_5.aarch64
DEBUG util.py:461:  libsepol-3.6-2.el9.aarch64
DEBUG util.py:461:  libsigsegv-2.13-4.el9.aarch64
DEBUG util.py:461:  gawk-5.1.0-6.el9.aarch64
DEBUG util.py:461:  libsmartcols-2.37.4-21.el9.aarch64
DEBUG util.py:461:  libtasn1-4.16.0-9.el9.aarch64
DEBUG util.py:461:  p11-kit-0.25.3-3.el9_5.aarch64
DEBUG util.py:461:  libunistring-0.9.10-15.el9.aarch64
DEBUG util.py:461:  libidn2-2.3.0-7.el9.aarch64
DEBUG util.py:461:  lua-libs-5.4.4-4.el9.aarch64
DEBUG util.py:461:  libpsl-0.21.1-5.el9.aarch64
DEBUG util.py:461:  p11-kit-trust-0.25.3-3.el9_5.aarch64
DEBUG util.py:461:  zip-3.0-35.el9.aarch64
DEBUG util.py:461:  zstd-1.5.5-1.el9.aarch64
DEBUG util.py:461:  cpp-11.5.0-5.el9_5.aarch64
DEBUG util.py:461:  bzip2-1.0.8-10.el9_5.aarch64
DEBUG util.py:461:  groff-base-1.22.4-10.el9.aarch64
DEBUG util.py:461:  libasan-11.5.0-5.el9_5.aarch64
DEBUG util.py:461:  libstdc++-devel-11.5.0-5.el9_5.aarch64
DEBUG util.py:461:  libubsan-11.5.0-5.el9_5.aarch64
DEBUG util.py:461:  info-6.7-15.el9.aarch64
DEBUG util.py:461:  ed-1.14.2-12.el9.aarch64
DEBUG util.py:461:  elfutils-default-yama-scope-0.192-6.el9_6.noarch
DEBUG util.py:461:  elfutils-libs-0.192-6.el9_6.aarch64
DEBUG util.py:461:  libedit-3.1-38.20210216cvs.el9.aarch64
DEBUG util.py:461:  llvm-libs-19.1.7-1.el9.aarch64
DEBUG util.py:461:  ncurses-6.2-10.20210508.el9_6.2.aarch64
DEBUG util.py:461:  cpio-2.13-16.el9.aarch64
DEBUG util.py:461:  diffutils-3.7-12.el9.aarch64
DEBUG util.py:461:  gdbm-libs-1.23-1.el9.aarch64
DEBUG util.py:461:  json-c-0.14-11.el9.aarch64
DEBUG util.py:461:  keyutils-libs-1.6.3-1.el9.aarch64
DEBUG util.py:461:  libatomic-11.5.0-5.el9_5.aarch64
DEBUG util.py:461:  libbrotli-1.0.9-7.el9_5.aarch64
DEBUG util.py:461:  libdb-5.3.28-57.el9_6.aarch64
DEBUG util.py:461:  libeconf-0.4.1-4.el9.aarch64
DEBUG util.py:461:  libgpg-error-1.42-5.el9.aarch64
DEBUG util.py:461:  libgcrypt-1.10.0-11.el9.aarch64
DEBUG util.py:461:  libnghttp2-1.43.0-6.el9.aarch64
DEBUG util.py:461:  libpkgconf-1.7.3-10.el9.aarch64
DEBUG util.py:461:  pkgconf-1.7.3-10.el9.aarch64
DEBUG util.py:461:  pkgconf-pkg-config-1.7.3-10.el9.aarch64
DEBUG util.py:461:  libxcrypt-devel-4.4.18-3.el9.aarch64
DEBUG util.py:461:  glibc-devel-2.34-168.el9_6.24.aarch64
DEBUG util.py:461:  libtool-ltdl-2.4.6-46.el9.aarch64
DEBUG util.py:461:  libverto-0.3.2-3.el9.aarch64
DEBUG util.py:461:  make-4.3-8.el9.aarch64
DEBUG util.py:461:  pcre-8.44-4.el9.aarch64
DEBUG util.py:461:  grep-3.6-5.el9.aarch64
DEBUG util.py:461:  xz-5.2.5-8.el9_0.aarch64
DEBUG util.py:461:  pcre2-10.40-6.el9.aarch64
DEBUG util.py:461:  libselinux-3.6-3.el9.aarch64
DEBUG util.py:461:  sed-4.8-9.el9.aarch64
DEBUG util.py:461:  findutils-4.8.0-7.el9.aarch64
DEBUG util.py:461:  libsemanage-3.6-5.el9_6.aarch64
DEBUG util.py:461:  shadow-utils-4.9-12.el9.aarch64
DEBUG util.py:461:  libutempter-1.2.1-6.el9.aarch64
DEBUG util.py:461:  tar-1.34-7.el9.aarch64
DEBUG util.py:461:  patch-2.7.6-16.el9.aarch64
DEBUG util.py:461:  libssh-config-0.10.4-15.el9_6.noarch
DEBUG util.py:461:  coreutils-common-8.32-39.el9.aarch64
DEBUG util.py:461:  openssl-libs-3.2.2-6.el9_5.1.aarch64
DEBUG util.py:461:  coreutils-8.32-39.el9.aarch64
DEBUG util.py:461:  ca-certificates-2024.2.69_v8.0.303-91.4.el9_4.noarch
DEBUG util.py:461:  libblkid-2.37.4-21.el9.aarch64
DEBUG util.py:461:  krb5-libs-1.21.1-8.el9_6.aarch64
DEBUG util.py:461:  libmount-2.37.4-21.el9.aarch64
DEBUG util.py:461:  gzip-1.12-1.el9.aarch64
DEBUG util.py:461:  cracklib-2.9.6-27.el9.aarch64
DEBUG util.py:461:  systemd-libs-252-51.el9_6.3.rocky.0.1.aarch64
DEBUG util.py:461:  libarchive-3.5.3-6.el9_6.aarch64
DEBUG util.py:461:  util-linux-core-2.37.4-21.el9.aarch64
DEBUG util.py:461:  cracklib-dicts-2.9.6-27.el9.aarch64
DEBUG util.py:461:  cyrus-sasl-lib-2.1.27-21.el9.aarch64
DEBUG util.py:461:  libssh-0.10.4-15.el9_6.aarch64
DEBUG util.py:461:  libfdisk-2.37.4-21.el9.aarch64
DEBUG util.py:461:  perl-Digest-1.19-4.el9.noarch
DEBUG util.py:461:  perl-Digest-MD5-2.58-4.el9.aarch64
DEBUG util.py:461:  perl-B-1.80-481.1.el9_6.aarch64
DEBUG util.py:461:  perl-FileHandle-2.03-481.1.el9_6.noarch
DEBUG util.py:461:  perl-Data-Dumper-2.174-462.el9.aarch64
DEBUG util.py:461:  perl-libnet-3.13-4.el9.noarch
DEBUG util.py:461:  perl-AutoLoader-5.74-481.1.el9_6.noarch
DEBUG util.py:461:  perl-base-2.27-481.1.el9_6.noarch
DEBUG util.py:461:  perl-URI-5.09-3.el9.noarch
DEBUG util.py:461:  perl-if-0.60.800-481.1.el9_6.noarch
DEBUG util.py:461:  perl-IO-Socket-IP-0.41-5.el9.noarch
DEBUG util.py:461:  perl-Time-Local-1.300-7.el9.noarch
DEBUG util.py:461:  perl-File-Path-2.18-4.el9.noarch
DEBUG util.py:461:  perl-IO-Socket-SSL-2.073-2.el9.noarch
DEBUG util.py:461:  perl-Net-SSLeay-1.94-1.el9.aarch64
DEBUG util.py:461:  perl-Pod-Escapes-1.07-460.el9.noarch
DEBUG util.py:461:  perl-Text-Tabs+Wrap-2013.0523-460.el9.noarch
DEBUG util.py:461:  perl-Mozilla-CA-20200520-6.el9.noarch
DEBUG util.py:461:  perl-Class-Struct-0.66-481.1.el9_6.noarch
DEBUG util.py:461:  perl-POSIX-1.94-481.1.el9_6.aarch64
DEBUG util.py:461:  perl-Term-ANSIColor-5.01-461.el9.noarch
DEBUG util.py:461:  perl-IPC-Open3-1.21-481.1.el9_6.noarch
DEBUG util.py:461:  perl-subs-1.03-481.1.el9_6.noarch
DEBUG util.py:461:  perl-File-Temp-0.231.100-4.el9.noarch
DEBUG util.py:461:  perl-Term-Cap-1.17-460.el9.noarch
DEBUG util.py:461:  perl-Pod-Simple-3.42-4.el9.noarch
DEBUG util.py:461:  perl-HTTP-Tiny-0.076-462.el9.noarch
DEBUG util.py:461:  perl-Socket-2.031-4.el9.aarch64
DEBUG util.py:461:  perl-SelectSaver-1.02-481.1.el9_6.noarch
DEBUG util.py:461:  perl-Symbol-1.08-481.1.el9_6.noarch
DEBUG util.py:461:  perl-File-stat-1.09-481.1.el9_6.noarch
DEBUG util.py:461:  perl-podlators-4.14-460.el9.noarch
DEBUG util.py:461:  perl-Pod-Perldoc-3.28.01-461.el9.noarch
DEBUG util.py:461:  perl-Fcntl-1.13-481.1.el9_6.aarch64
DEBUG util.py:461:  perl-Text-ParseWords-3.30-460.el9.noarch
DEBUG util.py:461:  perl-mro-1.23-481.1.el9_6.aarch64
DEBUG util.py:461:  perl-IO-1.43-481.1.el9_6.aarch64
DEBUG util.py:461:  perl-overloading-0.02-481.1.el9_6.noarch
DEBUG util.py:461:  perl-Pod-Usage-2.01-4.el9.noarch
DEBUG util.py:461:  perl-Errno-1.30-481.1.el9_6.aarch64
DEBUG util.py:461:  perl-File-Basename-2.85-481.1.el9_6.noarch
DEBUG util.py:461:  perl-Getopt-Std-1.12-481.1.el9_6.noarch
DEBUG util.py:461:  perl-MIME-Base64-3.16-4.el9.aarch64
DEBUG util.py:461:  perl-Scalar-List-Utils-1.56-462.el9.aarch64
DEBUG util.py:461:  perl-constant-1.33-461.el9.noarch
DEBUG util.py:461:  perl-Storable-3.21-460.el9.aarch64
DEBUG util.py:461:  perl-overload-1.31-481.1.el9_6.noarch
DEBUG util.py:461:  perl-parent-0.238-460.el9.noarch
DEBUG util.py:461:  perl-vars-1.05-481.1.el9_6.noarch
DEBUG util.py:461:  perl-Getopt-Long-2.52-4.el9.noarch
DEBUG util.py:461:  perl-Carp-1.50-460.el9.noarch
DEBUG util.py:461:  perl-Exporter-5.74-461.el9.noarch
DEBUG util.py:461:  perl-PathTools-3.78-461.el9.aarch64
DEBUG util.py:461:  perl-Encode-3.08-462.el9.aarch64
DEBUG util.py:461:  perl-libs-5.32.1-481.1.el9_6.aarch64
DEBUG util.py:461:  perl-interpreter-5.32.1-481.1.el9_6.aarch64
DEBUG util.py:461:  kernel-srpm-macros-1.0-13.el9.noarch
DEBUG util.py:461:  openssl-3.2.2-6.el9_5.1.aarch64
DEBUG util.py:461:  libpwquality-1.4.4-8.el9.aarch64
DEBUG util.py:461:  pam-1.5.1-26.el9_6.aarch64
DEBUG util.py:461:  libevent-2.1.12-8.el9_4.aarch64
DEBUG util.py:461:  openldap-2.6.8-4.el9.0.1.aarch64
DEBUG util.py:461:  libcurl-7.76.1-31.el9_6.1.aarch64
DEBUG util.py:461:  elfutils-debuginfod-client-0.192-6.el9_6.aarch64
DEBUG util.py:461:  binutils-gold-2.35.2-63.el9.aarch64
DEBUG util.py:461:  binutils-2.35.2-63.el9.aarch64
DEBUG util.py:461:  gcc-11.5.0-5.el9_5.aarch64
DEBUG util.py:461:  elfutils-0.192-6.el9_6.aarch64
DEBUG util.py:461:  gdb-minimal-14.2-4.1.el9_6.aarch64
DEBUG util.py:461:  debugedit-5.0-5.el9.aarch64
DEBUG util.py:461:  annobin-12.92-1.el9.aarch64
DEBUG util.py:461:  gcc-plugin-annobin-11.5.0-5.el9_5.aarch64
DEBUG util.py:461:  curl-7.76.1-31.el9_6.1.aarch64
DEBUG util.py:461:  rpm-4.16.1.3-37.el9.aarch64
DEBUG util.py:461:  rpm-libs-4.16.1.3-37.el9.aarch64
DEBUG util.py:461:  rpm-build-libs-4.16.1.3-37.el9.aarch64
DEBUG util.py:461:  efi-srpm-macros-6-2.el9_0.noarch
DEBUG util.py:461:  lua-srpm-macros-1-6.el9.noarch
DEBUG util.py:461:  fonts-srpm-macros-2.0.5-7.el9.1.noarch
DEBUG util.py:461:  go-srpm-macros-3.6.0-10.el9_6.noarch
DEBUG util.py:461:  python-srpm-macros-3.9-54.el9.noarch
DEBUG util.py:461:  pyproject-srpm-macros-1.16.2-1.el9.noarch
DEBUG util.py:461:  redhat-rpm-config-209-1.el9.noarch
DEBUG util.py:461:  rpm-build-4.16.1.3-37.el9.aarch64
DEBUG util.py:461:  gcc-c++-11.5.0-5.el9_5.aarch64
DEBUG util.py:461:  util-linux-2.37.4-21.el9.aarch64
DEBUG util.py:461:  which-2.21-30.el9_6.aarch64
DEBUG util.py:608:  Child return code was: 0
DEBUG util.py:183:  kill orphans in chroot /var/lib/mock/rocky-9-aarch64_ciqshim/root
DEBUG util.py:183:  kill orphans in chroot /var/lib/mock/rocky-9-aarch64_ciqshim-bootstrap/root/var/lib/mock/rocky-9-aarch64_ciqshim/root
DEBUG util.py:634:  child environment: None
DEBUG util.py:556:  Executing command: ['/bin/umount', '-n', '-l', '/var/lib/mock/rocky-9-aarch64_ciqshim-bootstrap/root/var/lib/mock/rocky-9-aarch64_ciqshim/root'] with env {'TERM': 'vt100', 'SHELL': '/bin/sh', 'HOME': '/builddir', 'HOSTNAME': 'mock', 'PATH': '/usr/bin:/bin:/usr/sbin:/sbin', 'LANG': 'C.UTF-8'} and shell False
DEBUG util.py:608:  Child return code was: 0
DEBUG util.py:634:  child environment: None
DEBUG util.py:556:  Executing command: ['/bin/umount', '-n', '-l', '/var/lib/mock/rocky-9-aarch64_ciqshim-bootstrap/root/var/lib/mock/rocky-9-aarch64_ciqshim/root'] with env {'TERM': 'vt100', 'SHELL': '/bin/sh', 'HOME': '/builddir', 'HOSTNAME': 'mock', 'PATH': '/usr/bin:/bin:/usr/sbin:/sbin', 'LANG': 'C.UTF-8'} and shell False
DEBUG util.py:608:  Child return code was: 0
DEBUG util.py:634:  child environment: None
DEBUG util.py:551:  Using nspawn with args ['--capability=cap_ipc_lock', '--bind=/tmp/mock-resolv._u1wk_t1:/etc/resolv.conf', '--bind=/dev/btrfs-control', '--bind=/dev/mapper/control', '--bind=/dev/fuse', '--bind=/dev/loop-control', '--bind=/dev/loop0', '--bind=/dev/loop1', '--bind=/dev/loop2', '--bind=/dev/loop3', '--bind=/dev/loop4', '--bind=/dev/loop5', '--bind=/dev/loop6', '--bind=/dev/loop7', '--bind=/dev/loop8', '--bind=/dev/loop9', '--bind=/dev/loop10', '--bind=/dev/loop11']
DEBUG util.py:556:  Executing command: ['/usr/bin/systemd-nspawn', '-q', '-M', '657ae5c626c048259c4bbced7802124d', '-D', '/var/lib/mock/rocky-9-aarch64_ciqshim/root', '-a', '--capability=cap_ipc_lock', '--bind=/tmp/mock-resolv._u1wk_t1:/etc/resolv.conf', '--bind=/dev/btrfs-control', '--bind=/dev/mapper/control', '--bind=/dev/fuse', '--bind=/dev/loop-control', '--bind=/dev/loop0', '--bind=/dev/loop1', '--bind=/dev/loop2', '--bind=/dev/loop3', '--bind=/dev/loop4', '--bind=/dev/loop5', '--bind=/dev/loop6', '--bind=/dev/loop7', '--bind=/dev/loop8', '--bind=/dev/loop9', '--bind=/dev/loop10', '--bind=/dev/loop11', '--console=pipe', '--setenv=TERM=vt100', '--setenv=SHELL=/bin/bash', '--setenv=HOME=/builddir', '--setenv=HOSTNAME=mock', '--setenv=PATH=/usr/bin:/bin:/usr/sbin:/sbin', '--setenv=PROMPT_COMMAND=printf "\\033]0;<mock-chroot>\\007"', '--setenv=PS1=<mock-chroot> \\s-\\v\\$ ', '--setenv=LANG=C.UTF-8', '--resolv-conf=off', '/bin/sh', '-c', 'case $(rpmbuild --help) in *--noclean*) exit 0; esac; exit 1'] with env {'TERM': 'vt100', 'SHELL': '/bin/bash', 'HOME': '/builddir', 'HOSTNAME': 'mock', 'PATH': '/usr/bin:/bin:/usr/sbin:/sbin', 'PROMPT_COMMAND': 'printf "\\033]0;<mock-chroot>\\007"', 'PS1': '<mock-chroot> \\s-\\v\\$ ', 'LANG': 'C.UTF-8', 'SYSTEMD_NSPAWN_TMPFS_TMP': '0', 'SYSTEMD_SECCOMP': '0'} and shell False
DEBUG util.py:608:  Child return code was: 0
INFO buildroot.py:436:  ENTER ['do_with_status'](['bash', '--login', '-c', '/usr/bin/rpmbuild -bs --noclean --target aarch64 --nodeps /builddir/build/SPECS/shim-unsigned-aarch64.spec'], chrootPath='/var/lib/mock/rocky-9-aarch64_ciqshim/root'env={'TERM': 'vt100', 'SHELL': '/bin/bash', 'HOME': '/builddir', 'HOSTNAME': 'mock', 'PATH': '/usr/bin:/bin:/usr/sbin:/sbin', 'PROMPT_COMMAND': 'printf "\\033]0;<mock-chroot>\\007"', 'PS1': '<mock-chroot> \\s-\\v\\$ ', 'LANG': 'C.UTF-8'}shell=Falselogger=<mockbuild.trace_decorator.getLog object at 0xffff72c3d450>timeout=0uid=1000gid=135user='mockbuild'unshare_net=TrueprintOutput=Truenspawn_args=['--capability=cap_ipc_lock', '--bind=/tmp/mock-resolv._u1wk_t1:/etc/resolv.conf', '--bind=/dev/btrfs-control', '--bind=/dev/mapper/control', '--bind=/dev/fuse', '--bind=/dev/loop-control', '--bind=/dev/loop0', '--bind=/dev/loop1', '--bind=/dev/loop2', '--bind=/dev/loop3', '--bind=/dev/loop4', '--bind=/dev/loop5', '--bind=/dev/loop6', '--bind=/dev/loop7', '--bind=/dev/loop8', '--bind=/dev/loop9', '--bind=/dev/loop10', '--bind=/dev/loop11'])
DEBUG util.py:634:  child environment: None
DEBUG util.py:551:  Using nspawn with args ['--capability=cap_ipc_lock', '--bind=/tmp/mock-resolv._u1wk_t1:/etc/resolv.conf', '--bind=/dev/btrfs-control', '--bind=/dev/mapper/control', '--bind=/dev/fuse', '--bind=/dev/loop-control', '--bind=/dev/loop0', '--bind=/dev/loop1', '--bind=/dev/loop2', '--bind=/dev/loop3', '--bind=/dev/loop4', '--bind=/dev/loop5', '--bind=/dev/loop6', '--bind=/dev/loop7', '--bind=/dev/loop8', '--bind=/dev/loop9', '--bind=/dev/loop10', '--bind=/dev/loop11']
DEBUG util.py:556:  Executing command: ['/usr/bin/systemd-nspawn', '-q', '-M', 'e65c3e7febb84a87aaa082cbd8cb859c', '-D', '/var/lib/mock/rocky-9-aarch64_ciqshim/root', '-a', '-u', 'mockbuild', '--capability=cap_ipc_lock', '--bind=/tmp/mock-resolv._u1wk_t1:/etc/resolv.conf', '--bind=/dev/btrfs-control', '--bind=/dev/mapper/control', '--bind=/dev/fuse', '--bind=/dev/loop-control', '--bind=/dev/loop0', '--bind=/dev/loop1', '--bind=/dev/loop2', '--bind=/dev/loop3', '--bind=/dev/loop4', '--bind=/dev/loop5', '--bind=/dev/loop6', '--bind=/dev/loop7', '--bind=/dev/loop8', '--bind=/dev/loop9', '--bind=/dev/loop10', '--bind=/dev/loop11', '--console=pipe', '--setenv=TERM=vt100', '--setenv=SHELL=/bin/bash', '--setenv=HOME=/builddir', '--setenv=HOSTNAME=mock', '--setenv=PATH=/usr/bin:/bin:/usr/sbin:/sbin', '--setenv=PROMPT_COMMAND=printf "\\033]0;<mock-chroot>\\007"', '--setenv=PS1=<mock-chroot> \\s-\\v\\$ ', '--setenv=LANG=C.UTF-8', '--resolv-conf=off', 'bash', '--login', '-c', '/usr/bin/rpmbuild -bs --noclean --target aarch64 --nodeps /builddir/build/SPECS/shim-unsigned-aarch64.spec'] with env {'TERM': 'vt100', 'SHELL': '/bin/bash', 'HOME': '/builddir', 'HOSTNAME': 'mock', 'PATH': '/usr/bin:/bin:/usr/sbin:/sbin', 'PROMPT_COMMAND': 'printf "\\033]0;<mock-chroot>\\007"', 'PS1': '<mock-chroot> \\s-\\v\\$ ', 'LANG': 'C.UTF-8', 'SYSTEMD_NSPAWN_TMPFS_TMP': '0', 'SYSTEMD_SECCOMP': '0'} and shell False
DEBUG util.py:461:  Building target platforms: aarch64
DEBUG util.py:461:  Building for target aarch64
DEBUG util.py:461:  setting SOURCE_DATE_EPOCH=1770768000
DEBUG util.py:461:  Wrote: /builddir/build/SRPMS/shim-unsigned-aarch64-16.1-0.el9.src.rpm
DEBUG util.py:608:  Child return code was: 0
DEBUG file_util.py:18:  ensuring that dir exists: /var/lib/mock/rocky-9-aarch64_ciqshim/root/proc
DEBUG util.py:634:  child environment: None
DEBUG util.py:556:  Executing command: ['/bin/mount', '-n', '-t', 'tmpfs', '-o', 'rprivate,mode=0755', 'tmpfs', '/var/lib/mock/rocky-9-aarch64_ciqshim/root/proc'] with env {'TERM': 'vt100', 'SHELL': '/bin/sh', 'HOME': '/builddir', 'HOSTNAME': 'mock', 'PATH': '/usr/bin:/bin:/usr/sbin:/sbin', 'LANG': 'C.UTF-8'} and shell False
DEBUG util.py:608:  Child return code was: 0
DEBUG file_util.py:18:  ensuring that dir exists: /var/lib/mock/rocky-9-aarch64_ciqshim/root/proc
DEBUG util.py:634:  child environment: None
DEBUG util.py:556:  Executing command: ['/bin/mount', '-n', '-o', 'rbind', '/proc', '/var/lib/mock/rocky-9-aarch64_ciqshim/root/proc'] with env {'TERM': 'vt100', 'SHELL': '/bin/sh', 'HOME': '/builddir', 'HOSTNAME': 'mock', 'PATH': '/usr/bin:/bin:/usr/sbin:/sbin', 'LANG': 'C.UTF-8'} and shell False
DEBUG util.py:608:  Child return code was: 0
DEBUG util.py:634:  child environment: None
DEBUG util.py:556:  Executing command: ['/bin/mount', '-n', '-o', 'remount,nodev,noexec,nosuid,readonly,rprivate,rbind', '--target', '/var/lib/mock/rocky-9-aarch64_ciqshim/root/proc'] with env {'TERM': 'vt100', 'SHELL': '/bin/sh', 'HOME': '/builddir', 'HOSTNAME': 'mock', 'PATH': '/usr/bin:/bin:/usr/sbin:/sbin', 'LANG': 'C.UTF-8'} and shell False
DEBUG util.py:608:  Child return code was: 0
DEBUG file_util.py:18:  ensuring that dir exists: /var/lib/mock/rocky-9-aarch64_ciqshim/root/sys
DEBUG util.py:634:  child environment: None
DEBUG util.py:556:  Executing command: ['/bin/mount', '-n', '-t', 'tmpfs', '-o', 'rprivate,mode=0755', 'tmpfs', '/var/lib/mock/rocky-9-aarch64_ciqshim/root/sys'] with env {'TERM': 'vt100', 'SHELL': '/bin/sh', 'HOME': '/builddir', 'HOSTNAME': 'mock', 'PATH': '/usr/bin:/bin:/usr/sbin:/sbin', 'LANG': 'C.UTF-8'} and shell False
DEBUG util.py:608:  Child return code was: 0
DEBUG file_util.py:18:  ensuring that dir exists: /var/lib/mock/rocky-9-aarch64_ciqshim/root/sys
DEBUG util.py:634:  child environment: None
DEBUG util.py:556:  Executing command: ['/bin/mount', '-n', '-o', 'rbind', '/sys', '/var/lib/mock/rocky-9-aarch64_ciqshim/root/sys'] with env {'TERM': 'vt100', 'SHELL': '/bin/sh', 'HOME': '/builddir', 'HOSTNAME': 'mock', 'PATH': '/usr/bin:/bin:/usr/sbin:/sbin', 'LANG': 'C.UTF-8'} and shell False
DEBUG util.py:608:  Child return code was: 0
DEBUG util.py:634:  child environment: None
DEBUG util.py:556:  Executing command: ['/bin/mount', '-n', '-o', 'remount,nodev,noexec,nosuid,readonly,rprivate,rbind', '--target', '/var/lib/mock/rocky-9-aarch64_ciqshim/root/sys'] with env {'TERM': 'vt100', 'SHELL': '/bin/sh', 'HOME': '/builddir', 'HOSTNAME': 'mock', 'PATH': '/usr/bin:/bin:/usr/sbin:/sbin', 'LANG': 'C.UTF-8'} and shell False
DEBUG util.py:608:  Child return code was: 0
DEBUG file_util.py:18:  ensuring that dir exists: /var/lib/mock/rocky-9-aarch64_ciqshim/root/dev/shm
DEBUG util.py:634:  child environment: None
DEBUG util.py:556:  Executing command: ['/bin/mount', '-n', '-t', 'tmpfs', 'tmpfs', '/var/lib/mock/rocky-9-aarch64_ciqshim/root/dev/shm'] with env {'TERM': 'vt100', 'SHELL': '/bin/sh', 'HOME': '/builddir', 'HOSTNAME': 'mock', 'PATH': '/usr/bin:/bin:/usr/sbin:/sbin', 'LANG': 'C.UTF-8'} and shell False
DEBUG util.py:608:  Child return code was: 0
DEBUG file_util.py:18:  ensuring that dir exists: /var/lib/mock/rocky-9-aarch64_ciqshim/root/dev/pts
DEBUG util.py:634:  child environment: None
DEBUG util.py:556:  Executing command: ['/bin/mount', '-n', '-t', 'devpts', '-o', 'gid=5,mode=0620,ptmxmode=0666,newinstance', 'devpts', '/var/lib/mock/rocky-9-aarch64_ciqshim/root/dev/pts'] with env {'TERM': 'vt100', 'SHELL': '/bin/sh', 'HOME': '/builddir', 'HOSTNAME': 'mock', 'PATH': '/usr/bin:/bin:/usr/sbin:/sbin', 'LANG': 'C.UTF-8'} and shell False
DEBUG util.py:608:  Child return code was: 0
DEBUG util.py:634:  child environment: None
DEBUG util.py:556:  Executing command: ['/bin/mount', '-n', '-o', 'bind', '/tmp/mock-selinux-plugin.d_k7rv0f', '/var/lib/mock/rocky-9-aarch64_ciqshim/root/proc/filesystems'] with env {'TERM': 'vt100', 'SHELL': '/bin/sh', 'HOME': '/builddir', 'HOSTNAME': 'mock', 'PATH': '/usr/bin:/bin:/usr/sbin:/sbin', 'LANG': 'C.UTF-8'} and shell False
DEBUG util.py:608:  Child return code was: 0
DEBUG file_util.py:18:  ensuring that dir exists: /var/lib/mock/rocky-9-aarch64_ciqshim/root/sys/fs/selinux
DEBUG util.py:634:  child environment: None
DEBUG util.py:556:  Executing command: ['/bin/mount', '-n', '-t', 'tmpfs', 'tmpfs', '/var/lib/mock/rocky-9-aarch64_ciqshim/root/sys/fs/selinux'] with env {'TERM': 'vt100', 'SHELL': '/bin/sh', 'HOME': '/builddir', 'HOSTNAME': 'mock', 'PATH': '/usr/bin:/bin:/usr/sbin:/sbin', 'LANG': 'C.UTF-8'} and shell False
DEBUG util.py:608:  Child return code was: 0
DEBUG file_util.py:18:  ensuring that dir exists: /var/lib/mock/rocky-9-aarch64_ciqshim-bootstrap/root/var/lib/mock/rocky-9-aarch64_ciqshim/root
DEBUG util.py:634:  child environment: None
DEBUG util.py:556:  Executing command: ['/bin/mount', '-n', '-t', 'tmpfs', '-o', 'private,mode=0755', 'tmpfs', '/var/lib/mock/rocky-9-aarch64_ciqshim-bootstrap/root/var/lib/mock/rocky-9-aarch64_ciqshim/root'] with env {'TERM': 'vt100', 'SHELL': '/bin/sh', 'HOME': '/builddir', 'HOSTNAME': 'mock', 'PATH': '/usr/bin:/bin:/usr/sbin:/sbin', 'LANG': 'C.UTF-8'} and shell False
DEBUG util.py:608:  Child return code was: 0
DEBUG file_util.py:18:  ensuring that dir exists: /var/lib/mock/rocky-9-aarch64_ciqshim-bootstrap/root/var/lib/mock/rocky-9-aarch64_ciqshim/root
DEBUG util.py:634:  child environment: None
DEBUG util.py:556:  Executing command: ['/bin/mount', '-n', '-o', 'rbind', '/var/lib/mock/rocky-9-aarch64_ciqshim/root', '/var/lib/mock/rocky-9-aarch64_ciqshim-bootstrap/root/var/lib/mock/rocky-9-aarch64_ciqshim/root'] with env {'TERM': 'vt100', 'SHELL': '/bin/sh', 'HOME': '/builddir', 'HOSTNAME': 'mock', 'PATH': '/usr/bin:/bin:/usr/sbin:/sbin', 'LANG': 'C.UTF-8'} and shell False
DEBUG util.py:608:  Child return code was: 0
DEBUG util.py:634:  child environment: None
DEBUG util.py:556:  Executing command: ['/bin/mount', '-n', '-o', 'remount,private,rbind', '--target', '/var/lib/mock/rocky-9-aarch64_ciqshim-bootstrap/root/var/lib/mock/rocky-9-aarch64_ciqshim/root'] with env {'TERM': 'vt100', 'SHELL': '/bin/sh', 'HOME': '/builddir', 'HOSTNAME': 'mock', 'PATH': '/usr/bin:/bin:/usr/sbin:/sbin', 'LANG': 'C.UTF-8'} and shell False
DEBUG util.py:608:  Child return code was: 0
DEBUG file_util.py:18:  ensuring that dir exists: /var/lib/mock/rocky-9-aarch64_ciqshim/root/installation-homedir
DEBUG package_manager.py:295:  ['/usr/bin/dnf-3', 'builddep', '--installroot', '/var/lib/mock/rocky-9-aarch64_ciqshim/root/', '--releasever', '9.6', '--setopt=deltarpm=False', '--setopt=allow_vendor_change=yes', '--allowerasing', '--disableplugin=local', '--disableplugin=spacewalk', '--disableplugin=versionlock', '/var/lib/mock/rocky-9-aarch64_ciqshim/root//builddir/build/SRPMS/shim-unsigned-aarch64-16.1-0.el9.src.rpm']
DEBUG util.py:634:  child environment: None
DEBUG util.py:551:  Using nspawn with args ['--capability=cap_ipc_lock', '--bind=/tmp/mock-resolv.cs_olotw:/etc/resolv.conf']
DEBUG util.py:556:  Executing command: ['/usr/bin/systemd-nspawn', '-q', '-M', '3b176d1992f04a33ba9f708f543114c6', '-D', '/var/lib/mock/rocky-9-aarch64_ciqshim-bootstrap/root', '-a', '--capability=cap_ipc_lock', '--bind=/tmp/mock-resolv.cs_olotw:/etc/resolv.conf', '--console=pipe', '--setenv=TERM=vt100', '--setenv=SHELL=/bin/bash', '--setenv=HOME=/var/lib/mock/rocky-9-aarch64_ciqshim/root/installation-homedir', '--setenv=HOSTNAME=mock', '--setenv=PATH=/usr/bin:/bin:/usr/sbin:/sbin', '--setenv=PROMPT_COMMAND=printf "\\033]0;<mock-chroot>\\007"', '--setenv=PS1=<mock-chroot> \\s-\\v\\$ ', '--setenv=LANG=C.UTF-8', '--setenv=LC_MESSAGES=C.UTF-8', '--resolv-conf=off', '/usr/bin/dnf-3', 'builddep', '--installroot', '/var/lib/mock/rocky-9-aarch64_ciqshim/root/', '--releasever', '9.6', '--setopt=deltarpm=False', '--setopt=allow_vendor_change=yes', '--allowerasing', '--disableplugin=local', '--disableplugin=spacewalk', '--disableplugin=versionlock', '/var/lib/mock/rocky-9-aarch64_ciqshim/root//builddir/build/SRPMS/shim-unsigned-aarch64-16.1-0.el9.src.rpm', '--setopt=tsflags=nocontexts'] with env {'TERM': 'vt100', 'SHELL': '/bin/bash', 'HOME': '/var/lib/mock/rocky-9-aarch64_ciqshim/root/installation-homedir', 'HOSTNAME': 'mock', 'PATH': '/usr/bin:/bin:/usr/sbin:/sbin', 'PROMPT_COMMAND': 'printf "\\033]0;<mock-chroot>\\007"', 'PS1': '<mock-chroot> \\s-\\v\\$ ', 'LANG': 'C.UTF-8', 'LC_MESSAGES': 'C.UTF-8', 'SYSTEMD_NSPAWN_TMPFS_TMP': '0', 'SYSTEMD_SECCOMP': '0'} and shell False
DEBUG util.py:459:  No matches found for the following disable plugin patterns: local, spacewalk, versionlock
DEBUG util.py:461:  Rocky Linux 9.6 - BaseOS                                                                                                                       39 kB/s | 3.9 kB     00:00    
DEBUG util.py:461:  Rocky Linux 9.6 - AppStream                                                                                                                    57 kB/s | 4.4 kB     00:00    
DEBUG util.py:461:  Rocky Linux 9.6 - CodeReadyBuilder                                                                                                             52 kB/s | 4.4 kB     00:00    
DEBUG util.py:461:  Rocky Linux 9.6 - Extras                                                                                                                       42 kB/s | 3.1 kB     00:00    
DEBUG util.py:461:  Rocky Linux 9.6 - Devel (WARNING: UNSUPPORTED - FOR BUILDROOT USE ONLY!)                                                                      8.5 kB/s | 3.6 kB     00:00    
DEBUG util.py:461:  Package findutils-1:4.8.0-7.el9.aarch64 is already installed.
DEBUG util.py:461:  Package gcc-11.5.0-5.el9_5.aarch64 is already installed.
DEBUG util.py:461:  Package make-1:4.3-8.el9.aarch64 is already installed.
DEBUG util.py:461:  Package openssl-1:3.2.2-6.el9_5.1.aarch64 is already installed.
DEBUG util.py:461:  Dependencies resolved.
DEBUG util.py:461:  ==============================================================================================================================================================================
DEBUG util.py:461:   Package                                             Architecture                   Version                                            Repository                        Size
DEBUG util.py:461:  ==============================================================================================================================================================================
DEBUG util.py:461:  Installing:
DEBUG util.py:461:   dos2unix                                            aarch64                        7.4.2-4.el9                                        baseos                           234 k
DEBUG util.py:461:   elfutils-libelf-devel                               aarch64                        0.192-6.el9_6                                      appstream                         37 k
DEBUG util.py:461:   gcc-toolset-12-binutils                             aarch64                        2.38-19.el9                                        appstream                        5.8 M
DEBUG util.py:461:   git                                                 aarch64                        2.47.3-1.el9_6                                     appstream                         50 k
DEBUG util.py:461:   openssl-devel                                       aarch64                        1:3.2.2-6.el9_5.1                                  appstream                        3.2 M
DEBUG util.py:461:   pesign                                              aarch64                        115-6.el9_1.rocky.2                                appstream                        173 k
DEBUG util.py:461:  Installing dependencies:
DEBUG util.py:461:   checkpolicy                                         aarch64                        3.6-1.el9                                          appstream                        346 k
DEBUG util.py:461:   crypto-policies-scripts                             noarch                         20250128-1.git5269e22.el9                          baseos                            83 k
DEBUG util.py:461:   efivar-libs                                         aarch64                        38-3.el9                                           baseos                           116 k
DEBUG util.py:461:   emacs-filesystem                                    noarch                         1:27.2-14.el9_6.2                                  appstream                        7.9 k
DEBUG util.py:461:   environment-modules                                 aarch64                        5.3.0-1.el9                                        baseos                           576 k
DEBUG util.py:461:   expat                                               aarch64                        2.5.0-5.el9_6                                      baseos                           109 k
DEBUG util.py:461:   gcc-toolset-12-binutils-gold                        aarch64                        2.38-19.el9                                        appstream                        911 k
DEBUG util.py:461:   gcc-toolset-12-runtime                              aarch64                        12.0-6.el9                                         appstream                         27 k
DEBUG util.py:461:   git-core                                            aarch64                        2.47.3-1.el9_6                                     appstream                        4.7 M
DEBUG util.py:461:   git-core-doc                                        noarch                         2.47.3-1.el9_6                                     appstream                        2.8 M
DEBUG util.py:461:   less                                                aarch64                        590-5.el9                                          baseos                           160 k
DEBUG util.py:461:   libcbor                                             aarch64                        0.7.0-5.el9                                        baseos                            55 k
DEBUG util.py:461:   libfido2                                            aarch64                        1.13.0-2.el9                                       baseos                            95 k
DEBUG util.py:461:   libpipeline                                         aarch64                        1.5.3-4.el9                                        baseos                            47 k
DEBUG util.py:461:   libselinux-utils                                    aarch64                        3.6-3.el9                                          baseos                           161 k
DEBUG util.py:461:   libzstd-devel                                       aarch64                        1.5.5-1.el9                                        appstream                         50 k
DEBUG util.py:461:   man-db                                              aarch64                        2.9.3-7.el9                                        baseos                           1.1 M
DEBUG util.py:461:   nspr                                                aarch64                        4.36.0-4.el9_4                                     appstream                        130 k
DEBUG util.py:461:   nss                                                 aarch64                        3.112.0-4.el9_4                                    appstream                        698 k
DEBUG util.py:461:   nss-softokn                                         aarch64                        3.112.0-4.el9_4                                    appstream                        388 k
DEBUG util.py:461:   nss-softokn-freebl                                  aarch64                        3.112.0-4.el9_4                                    appstream                        414 k
DEBUG util.py:461:   nss-sysinit                                         aarch64                        3.112.0-4.el9_4                                    appstream                         17 k
DEBUG util.py:461:   nss-tools                                           aarch64                        3.112.0-4.el9_4                                    appstream                        425 k
DEBUG util.py:461:   nss-util                                            aarch64                        3.112.0-4.el9_4                                    appstream                         86 k
DEBUG util.py:461:   openssh                                             aarch64                        8.7p1-45.el9.rocky.0.1                             baseos                           442 k
DEBUG util.py:461:   openssh-clients                                     aarch64                        8.7p1-45.el9.rocky.0.1                             baseos                           675 k
DEBUG util.py:461:   perl-DynaLoader                                     aarch64                        1.47-481.1.el9_6                                   appstream                         24 k
DEBUG util.py:461:   perl-Error                                          noarch                         1:0.17029-7.el9                                    appstream                         41 k
DEBUG util.py:461:   perl-File-Find                                      noarch                         1.37-481.1.el9_6                                   appstream                         24 k
DEBUG util.py:461:   perl-Git                                            noarch                         2.47.3-1.el9_6                                     appstream                         37 k
DEBUG util.py:461:   perl-TermReadKey                                    aarch64                        2.38-11.el9                                        appstream                         35 k
DEBUG util.py:461:   perl-lib                                            aarch64                        0.65-481.1.el9_6                                   appstream                         13 k
DEBUG util.py:461:   policycoreutils                                     aarch64                        3.6-2.1.el9                                        baseos                           208 k
DEBUG util.py:461:   policycoreutils-python-utils                        noarch                         3.6-2.1.el9                                        appstream                         71 k
DEBUG util.py:461:   procps-ng                                           aarch64                        3.3.17-14.el9                                      baseos                           333 k
DEBUG util.py:461:   python3                                             aarch64                        3.9.21-2.el9_6.2                                   baseos                            26 k
DEBUG util.py:461:   python3-audit                                       aarch64                        3.1.5-4.el9                                        appstream                         83 k
DEBUG util.py:461:   python3-distro                                      noarch                         1.5.0-7.el9                                        appstream                         36 k
DEBUG util.py:461:   python3-libs                                        aarch64                        3.9.21-2.el9_6.2                                   baseos                           7.5 M
DEBUG util.py:461:   python3-libselinux                                  aarch64                        3.6-3.el9                                          appstream                        182 k
DEBUG util.py:461:   python3-libsemanage                                 aarch64                        3.6-5.el9_6                                        appstream                         78 k
DEBUG util.py:461:   python3-pip-wheel                                   noarch                         21.3.1-1.el9                                       baseos                           1.1 M
DEBUG util.py:461:   python3-policycoreutils                             noarch                         3.6-2.1.el9                                        appstream                        2.0 M
DEBUG util.py:461:   python3-setools                                     aarch64                        4.4.4-1.el9                                        baseos                           542 k
DEBUG util.py:461:   python3-setuptools                                  noarch                         53.0.0-13.el9_6.1                                  baseos                           837 k
DEBUG util.py:461:   python3-setuptools-wheel                            noarch                         53.0.0-13.el9_6.1                                  baseos                           467 k
DEBUG util.py:461:   scl-utils                                           aarch64                        1:2.0.3-4.el9                                      appstream                         36 k
DEBUG util.py:461:   tcl                                                 aarch64                        1:8.6.10-7.el9                                     baseos                           1.0 M
DEBUG util.py:461:   vim-filesystem                                      noarch                         2:8.2.2637-22.el9_6.1                              baseos                           9.4 k
DEBUG util.py:461:   zlib-devel                                          aarch64                        1.2.11-40.el9                                      appstream                         44 k
DEBUG util.py:461:  Transaction Summary
DEBUG util.py:461:  ==============================================================================================================================================================================
DEBUG util.py:461:  Install  56 Packages
DEBUG util.py:461:  Total size: 39 M
DEBUG util.py:461:  Installed size: 154 M
DEBUG util.py:461:  Downloading Packages:
DEBUG util.py:461:  [SKIPPED] crypto-policies-scripts-20250128-1.git5269e22.el9.noarch.rpm: Already downloaded                                                                                   
DEBUG util.py:461:  [SKIPPED] dos2unix-7.4.2-4.el9.aarch64.rpm: Already downloaded                                                                                                               
DEBUG util.py:461:  [SKIPPED] efivar-libs-38-3.el9.aarch64.rpm: Already downloaded                                                                                                               
DEBUG util.py:461:  [SKIPPED] environment-modules-5.3.0-1.el9.aarch64.rpm: Already downloaded                                                                                                    
DEBUG util.py:461:  [SKIPPED] expat-2.5.0-5.el9_6.aarch64.rpm: Already downloaded                                                                                                                
DEBUG util.py:461:  [SKIPPED] less-590-5.el9.aarch64.rpm: Already downloaded                                                                                                                     
DEBUG util.py:461:  [SKIPPED] libcbor-0.7.0-5.el9.aarch64.rpm: Already downloaded                                                                                                                
DEBUG util.py:461:  [SKIPPED] libfido2-1.13.0-2.el9.aarch64.rpm: Already downloaded                                                                                                              
DEBUG util.py:461:  [SKIPPED] libpipeline-1.5.3-4.el9.aarch64.rpm: Already downloaded                                                                                                            
DEBUG util.py:461:  [SKIPPED] libselinux-utils-3.6-3.el9.aarch64.rpm: Already downloaded                                                                                                         
DEBUG util.py:461:  [SKIPPED] man-db-2.9.3-7.el9.aarch64.rpm: Already downloaded                                                                                                                 
DEBUG util.py:461:  [SKIPPED] openssh-8.7p1-45.el9.rocky.0.1.aarch64.rpm: Already downloaded                                                                                                     
DEBUG util.py:461:  [SKIPPED] openssh-clients-8.7p1-45.el9.rocky.0.1.aarch64.rpm: Already downloaded                                                                                             
DEBUG util.py:461:  [SKIPPED] policycoreutils-3.6-2.1.el9.aarch64.rpm: Already downloaded                                                                                                        
DEBUG util.py:461:  [SKIPPED] procps-ng-3.3.17-14.el9.aarch64.rpm: Already downloaded                                                                                                            
DEBUG util.py:461:  [SKIPPED] python3-3.9.21-2.el9_6.2.aarch64.rpm: Already downloaded                                                                                                           
DEBUG util.py:461:  [SKIPPED] python3-libs-3.9.21-2.el9_6.2.aarch64.rpm: Already downloaded                                                                                                      
DEBUG util.py:461:  [SKIPPED] python3-pip-wheel-21.3.1-1.el9.noarch.rpm: Already downloaded                                                                                                      
DEBUG util.py:461:  [SKIPPED] python3-setools-4.4.4-1.el9.aarch64.rpm: Already downloaded                                                                                                        
DEBUG util.py:461:  [SKIPPED] python3-setuptools-53.0.0-13.el9_6.1.noarch.rpm: Already downloaded                                                                                                
DEBUG util.py:461:  [SKIPPED] python3-setuptools-wheel-53.0.0-13.el9_6.1.noarch.rpm: Already downloaded                                                                                          
DEBUG util.py:461:  [SKIPPED] tcl-8.6.10-7.el9.aarch64.rpm: Already downloaded                                                                                                                   
DEBUG util.py:461:  [SKIPPED] vim-filesystem-8.2.2637-22.el9_6.1.noarch.rpm: Already downloaded                                                                                                  
DEBUG util.py:461:  [SKIPPED] checkpolicy-3.6-1.el9.aarch64.rpm: Already downloaded                                                                                                              
DEBUG util.py:461:  [SKIPPED] elfutils-libelf-devel-0.192-6.el9_6.aarch64.rpm: Already downloaded                                                                                                
DEBUG util.py:461:  [SKIPPED] emacs-filesystem-27.2-14.el9_6.2.noarch.rpm: Already downloaded                                                                                                    
DEBUG util.py:461:  [SKIPPED] gcc-toolset-12-binutils-2.38-19.el9.aarch64.rpm: Already downloaded                                                                                                
DEBUG util.py:461:  [SKIPPED] gcc-toolset-12-binutils-gold-2.38-19.el9.aarch64.rpm: Already downloaded                                                                                           
DEBUG util.py:461:  [SKIPPED] gcc-toolset-12-runtime-12.0-6.el9.aarch64.rpm: Already downloaded                                                                                                  
DEBUG util.py:461:  [SKIPPED] git-2.47.3-1.el9_6.aarch64.rpm: Already downloaded                                                                                                                 
DEBUG util.py:461:  [SKIPPED] git-core-2.47.3-1.el9_6.aarch64.rpm: Already downloaded                                                                                                            
DEBUG util.py:461:  [SKIPPED] git-core-doc-2.47.3-1.el9_6.noarch.rpm: Already downloaded                                                                                                         
DEBUG util.py:461:  [SKIPPED] libzstd-devel-1.5.5-1.el9.aarch64.rpm: Already downloaded                                                                                                          
DEBUG util.py:461:  [SKIPPED] nspr-4.36.0-4.el9_4.aarch64.rpm: Already downloaded                                                                                                                
DEBUG util.py:461:  [SKIPPED] nss-3.112.0-4.el9_4.aarch64.rpm: Already downloaded                                                                                                                
DEBUG util.py:461:  [SKIPPED] nss-softokn-3.112.0-4.el9_4.aarch64.rpm: Already downloaded                                                                                                        
DEBUG util.py:461:  [SKIPPED] nss-softokn-freebl-3.112.0-4.el9_4.aarch64.rpm: Already downloaded                                                                                                 
DEBUG util.py:461:  [SKIPPED] nss-sysinit-3.112.0-4.el9_4.aarch64.rpm: Already downloaded                                                                                                        
DEBUG util.py:461:  [SKIPPED] nss-tools-3.112.0-4.el9_4.aarch64.rpm: Already downloaded                                                                                                          
DEBUG util.py:461:  [SKIPPED] nss-util-3.112.0-4.el9_4.aarch64.rpm: Already downloaded                                                                                                           
DEBUG util.py:461:  [SKIPPED] openssl-devel-3.2.2-6.el9_5.1.aarch64.rpm: Already downloaded                                                                                                      
DEBUG util.py:461:  [SKIPPED] perl-DynaLoader-1.47-481.1.el9_6.aarch64.rpm: Already downloaded                                                                                                   
DEBUG util.py:461:  [SKIPPED] perl-Error-0.17029-7.el9.noarch.rpm: Already downloaded                                                                                                            
DEBUG util.py:461:  [SKIPPED] perl-File-Find-1.37-481.1.el9_6.noarch.rpm: Already downloaded                                                                                                     
DEBUG util.py:461:  [SKIPPED] perl-Git-2.47.3-1.el9_6.noarch.rpm: Already downloaded                                                                                                             
DEBUG util.py:461:  [SKIPPED] perl-TermReadKey-2.38-11.el9.aarch64.rpm: Already downloaded                                                                                                       
DEBUG util.py:461:  [SKIPPED] perl-lib-0.65-481.1.el9_6.aarch64.rpm: Already downloaded                                                                                                          
DEBUG util.py:461:  [SKIPPED] pesign-115-6.el9_1.rocky.2.aarch64.rpm: Already downloaded                                                                                                         
DEBUG util.py:461:  [SKIPPED] policycoreutils-python-utils-3.6-2.1.el9.noarch.rpm: Already downloaded                                                                                            
DEBUG util.py:461:  [SKIPPED] python3-audit-3.1.5-4.el9.aarch64.rpm: Already downloaded                                                                                                          
DEBUG util.py:461:  [SKIPPED] python3-distro-1.5.0-7.el9.noarch.rpm: Already downloaded                                                                                                          
DEBUG util.py:461:  [SKIPPED] python3-libselinux-3.6-3.el9.aarch64.rpm: Already downloaded                                                                                                       
DEBUG util.py:461:  [SKIPPED] python3-libsemanage-3.6-5.el9_6.aarch64.rpm: Already downloaded                                                                                                    
DEBUG util.py:461:  [SKIPPED] python3-policycoreutils-3.6-2.1.el9.noarch.rpm: Already downloaded                                                                                                 
DEBUG util.py:461:  [SKIPPED] scl-utils-2.0.3-4.el9.aarch64.rpm: Already downloaded                                                                                                              
DEBUG util.py:461:  [SKIPPED] zlib-devel-1.2.11-40.el9.aarch64.rpm: Already downloaded                                                                                                           
DEBUG util.py:461:  Running transaction check
DEBUG util.py:461:  Transaction check succeeded.
DEBUG util.py:461:  Running transaction test
DEBUG util.py:461:  Transaction test succeeded.
DEBUG util.py:461:  Running transaction
DEBUG util.py:461:    Preparing        :                                                                                                                                                      1/1 
DEBUG util.py:461:    Installing       : nspr-4.36.0-4.el9_4.aarch64                                                                                                                         1/56 
DEBUG util.py:461:    Installing       : nss-util-3.112.0-4.el9_4.aarch64                                                                                                                    2/56 
DEBUG util.py:461:    Installing       : less-590-5.el9.aarch64                                                                                                                              3/56 
DEBUG util.py:461:    Installing       : expat-2.5.0-5.el9_6.aarch64                                                                                                                         4/56 
DEBUG util.py:461:    Installing       : nss-softokn-freebl-3.112.0-4.el9_4.aarch64                                                                                                          5/56 
DEBUG util.py:461:    Installing       : nss-softokn-3.112.0-4.el9_4.aarch64                                                                                                                 6/56 
DEBUG util.py:461:    Installing       : zlib-devel-1.2.11-40.el9.aarch64                                                                                                                    7/56 
DEBUG util.py:461:    Installing       : perl-lib-0.65-481.1.el9_6.aarch64                                                                                                                   8/56 
DEBUG util.py:461:    Installing       : perl-File-Find-1.37-481.1.el9_6.noarch                                                                                                              9/56 
DEBUG util.py:461:    Installing       : perl-Error-1:0.17029-7.el9.noarch                                                                                                                  10/56 
DEBUG util.py:461:    Installing       : perl-DynaLoader-1.47-481.1.el9_6.aarch64                                                                                                           11/56 
DEBUG util.py:461:    Installing       : perl-TermReadKey-2.38-11.el9.aarch64                                                                                                               12/56 
DEBUG util.py:461:    Installing       : libzstd-devel-1.5.5-1.el9.aarch64                                                                                                                  13/56 
DEBUG util.py:461:    Installing       : emacs-filesystem-1:27.2-14.el9_6.2.noarch                                                                                                          14/56 
DEBUG util.py:461:    Installing       : checkpolicy-3.6-1.el9.aarch64                                                                                                                      15/56 
DEBUG util.py:461:    Installing       : vim-filesystem-2:8.2.2637-22.el9_6.1.noarch                                                                                                        16/56 
DEBUG util.py:461:    Installing       : tcl-1:8.6.10-7.el9.aarch64                                                                                                                         17/56 
DEBUG util.py:461:    Installing       : python3-setuptools-wheel-53.0.0-13.el9_6.1.noarch                                                                                                  18/56 
DEBUG util.py:461:    Installing       : python3-pip-wheel-21.3.1-1.el9.noarch                                                                                                              19/56 
DEBUG util.py:461:    Installing       : python3-3.9.21-2.el9_6.2.aarch64                                                                                                                   20/56 
DEBUG util.py:461:    Installing       : python3-libs-3.9.21-2.el9_6.2.aarch64                                                                                                              21/56 
DEBUG util.py:461:    Installing       : python3-setuptools-53.0.0-13.el9_6.1.noarch                                                                                                        22/56 
DEBUG util.py:461:    Installing       : python3-libselinux-3.6-3.el9.aarch64                                                                                                               23/56 
DEBUG util.py:461:    Installing       : python3-libsemanage-3.6-5.el9_6.aarch64                                                                                                            24/56 
DEBUG util.py:461:    Installing       : python3-setools-4.4.4-1.el9.aarch64                                                                                                                25/56 
DEBUG util.py:461:    Installing       : python3-distro-1.5.0-7.el9.noarch                                                                                                                  26/56 
DEBUG util.py:461:    Installing       : crypto-policies-scripts-20250128-1.git5269e22.el9.noarch                                                                                           27/56 
DEBUG util.py:461:    Installing       : nss-sysinit-3.112.0-4.el9_4.aarch64                                                                                                                28/56 
DEBUG util.py:461:    Installing       : nss-3.112.0-4.el9_4.aarch64                                                                                                                        29/56 
DEBUG util.py:461:    Running scriptlet: nss-3.112.0-4.el9_4.aarch64                                                                                                                        29/56 
DEBUG util.py:461:    Installing       : nss-tools-3.112.0-4.el9_4.aarch64                                                                                                                  30/56 
DEBUG util.py:461:    Installing       : python3-audit-3.1.5-4.el9.aarch64                                                                                                                  31/56 
DEBUG util.py:461:    Installing       : procps-ng-3.3.17-14.el9.aarch64                                                                                                                    32/56 
DEBUG util.py:461:    Running scriptlet: openssh-8.7p1-45.el9.rocky.0.1.aarch64                                                                                                             33/56 
DEBUG util.py:461:    Installing       : openssh-8.7p1-45.el9.rocky.0.1.aarch64                                                                                                             33/56 
DEBUG util.py:461:    Installing       : libselinux-utils-3.6-3.el9.aarch64                                                                                                                 34/56 
DEBUG util.py:461:    Installing       : policycoreutils-3.6-2.1.el9.aarch64                                                                                                                35/56 
DEBUG util.py:461:    Running scriptlet: policycoreutils-3.6-2.1.el9.aarch64                                                                                                                35/56 
DEBUG util.py:461:    Installing       : python3-policycoreutils-3.6-2.1.el9.noarch                                                                                                         36/56 
DEBUG util.py:461:    Installing       : policycoreutils-python-utils-3.6-2.1.el9.noarch                                                                                                    37/56 
DEBUG util.py:461:    Installing       : libpipeline-1.5.3-4.el9.aarch64                                                                                                                    38/56 
DEBUG util.py:461:    Running scriptlet: man-db-2.9.3-7.el9.aarch64                                                                                                                         39/56 
DEBUG util.py:461:    Installing       : man-db-2.9.3-7.el9.aarch64                                                                                                                         39/56 
DEBUG util.py:461:    Running scriptlet: man-db-2.9.3-7.el9.aarch64                                                                                                                         39/56 
DEBUG util.py:461:    Installing       : environment-modules-5.3.0-1.el9.aarch64                                                                                                            40/56 
DEBUG util.py:461:    Running scriptlet: environment-modules-5.3.0-1.el9.aarch64                                                                                                            40/56 
DEBUG util.py:461:    Installing       : scl-utils-1:2.0.3-4.el9.aarch64                                                                                                                    41/56 
DEBUG util.py:461:    Installing       : gcc-toolset-12-runtime-12.0-6.el9.aarch64                                                                                                          42/56 
DEBUG util.py:461:    Running scriptlet: gcc-toolset-12-runtime-12.0-6.el9.aarch64                                                                                                          42/56 
DEBUG util.py:461:  ValueError: SELinux policy is not managed or store cannot be accessed.
DEBUG util.py:461:    Installing       : gcc-toolset-12-binutils-2.38-19.el9.aarch64                                                                                                        43/56 
DEBUG util.py:461:    Running scriptlet: gcc-toolset-12-binutils-2.38-19.el9.aarch64                                                                                                        43/56 
DEBUG util.py:461:    Installing       : gcc-toolset-12-binutils-gold-2.38-19.el9.aarch64                                                                                                   44/56 
DEBUG util.py:461:    Running scriptlet: gcc-toolset-12-binutils-gold-2.38-19.el9.aarch64                                                                                                   44/56 
DEBUG util.py:461:    Installing       : libcbor-0.7.0-5.el9.aarch64                                                                                                                        45/56 
DEBUG util.py:461:    Installing       : libfido2-1.13.0-2.el9.aarch64                                                                                                                      46/56 
DEBUG util.py:461:    Installing       : openssh-clients-8.7p1-45.el9.rocky.0.1.aarch64                                                                                                     47/56 
DEBUG util.py:461:    Running scriptlet: openssh-clients-8.7p1-45.el9.rocky.0.1.aarch64                                                                                                     47/56 
DEBUG util.py:461:    Installing       : git-core-2.47.3-1.el9_6.aarch64                                                                                                                    48/56 
DEBUG util.py:461:    Installing       : git-core-doc-2.47.3-1.el9_6.noarch                                                                                                                 49/56 
DEBUG util.py:461:    Installing       : perl-Git-2.47.3-1.el9_6.noarch                                                                                                                     50/56 
DEBUG util.py:461:    Installing       : git-2.47.3-1.el9_6.aarch64                                                                                                                         51/56 
DEBUG util.py:461:    Installing       : efivar-libs-38-3.el9.aarch64                                                                                                                       52/56 
DEBUG util.py:461:    Running scriptlet: pesign-115-6.el9_1.rocky.2.aarch64                                                                                                                 53/56 
DEBUG util.py:461:    Installing       : pesign-115-6.el9_1.rocky.2.aarch64                                                                                                                 53/56 
DEBUG util.py:461:    Running scriptlet: pesign-115-6.el9_1.rocky.2.aarch64                                                                                                                 53/56 
DEBUG util.py:461:    Installing       : elfutils-libelf-devel-0.192-6.el9_6.aarch64                                                                                                        54/56 
DEBUG util.py:461:    Installing       : openssl-devel-1:3.2.2-6.el9_5.1.aarch64                                                                                                            55/56 
DEBUG util.py:461:    Installing       : dos2unix-7.4.2-4.el9.aarch64                                                                                                                       56/56 
DEBUG util.py:461:    Running scriptlet: crypto-policies-scripts-20250128-1.git5269e22.el9.noarch                                                                                           56/56 
DEBUG util.py:461:    Running scriptlet: nss-3.112.0-4.el9_4.aarch64                                                                                                                        56/56 
DEBUG util.py:461:    Running scriptlet: pesign-115-6.el9_1.rocky.2.aarch64                                                                                                                 56/56 
DEBUG util.py:461:    Running scriptlet: dos2unix-7.4.2-4.el9.aarch64                                                                                                                       56/56 
DEBUG util.py:461:    Verifying        : crypto-policies-scripts-20250128-1.git5269e22.el9.noarch                                                                                            1/56 
DEBUG util.py:461:    Verifying        : dos2unix-7.4.2-4.el9.aarch64                                                                                                                        2/56 
DEBUG util.py:461:    Verifying        : efivar-libs-38-3.el9.aarch64                                                                                                                        3/56 
DEBUG util.py:461:    Verifying        : environment-modules-5.3.0-1.el9.aarch64                                                                                                             4/56 
DEBUG util.py:461:    Verifying        : expat-2.5.0-5.el9_6.aarch64                                                                                                                         5/56 
DEBUG util.py:461:    Verifying        : less-590-5.el9.aarch64                                                                                                                              6/56 
DEBUG util.py:461:    Verifying        : libcbor-0.7.0-5.el9.aarch64                                                                                                                         7/56 
DEBUG util.py:461:    Verifying        : libfido2-1.13.0-2.el9.aarch64                                                                                                                       8/56 
DEBUG util.py:461:    Verifying        : libpipeline-1.5.3-4.el9.aarch64                                                                                                                     9/56 
DEBUG util.py:461:    Verifying        : libselinux-utils-3.6-3.el9.aarch64                                                                                                                 10/56 
DEBUG util.py:461:    Verifying        : man-db-2.9.3-7.el9.aarch64                                                                                                                         11/56 
DEBUG util.py:461:    Verifying        : openssh-8.7p1-45.el9.rocky.0.1.aarch64                                                                                                             12/56 
DEBUG util.py:461:    Verifying        : openssh-clients-8.7p1-45.el9.rocky.0.1.aarch64                                                                                                     13/56 
DEBUG util.py:461:    Verifying        : policycoreutils-3.6-2.1.el9.aarch64                                                                                                                14/56 
DEBUG util.py:461:    Verifying        : procps-ng-3.3.17-14.el9.aarch64                                                                                                                    15/56 
DEBUG util.py:461:    Verifying        : python3-3.9.21-2.el9_6.2.aarch64                                                                                                                   16/56 
DEBUG util.py:461:    Verifying        : python3-libs-3.9.21-2.el9_6.2.aarch64                                                                                                              17/56 
DEBUG util.py:461:    Verifying        : python3-pip-wheel-21.3.1-1.el9.noarch                                                                                                              18/56 
DEBUG util.py:461:    Verifying        : python3-setools-4.4.4-1.el9.aarch64                                                                                                                19/56 
DEBUG util.py:461:    Verifying        : python3-setuptools-53.0.0-13.el9_6.1.noarch                                                                                                        20/56 
DEBUG util.py:461:    Verifying        : python3-setuptools-wheel-53.0.0-13.el9_6.1.noarch                                                                                                  21/56 
DEBUG util.py:461:    Verifying        : tcl-1:8.6.10-7.el9.aarch64                                                                                                                         22/56 
DEBUG util.py:461:    Verifying        : vim-filesystem-2:8.2.2637-22.el9_6.1.noarch                                                                                                        23/56 
DEBUG util.py:461:    Verifying        : checkpolicy-3.6-1.el9.aarch64                                                                                                                      24/56 
DEBUG util.py:461:    Verifying        : elfutils-libelf-devel-0.192-6.el9_6.aarch64                                                                                                        25/56 
DEBUG util.py:461:    Verifying        : emacs-filesystem-1:27.2-14.el9_6.2.noarch                                                                                                          26/56 
DEBUG util.py:461:    Verifying        : gcc-toolset-12-binutils-2.38-19.el9.aarch64                                                                                                        27/56 
DEBUG util.py:461:    Verifying        : gcc-toolset-12-binutils-gold-2.38-19.el9.aarch64                                                                                                   28/56 
DEBUG util.py:461:    Verifying        : gcc-toolset-12-runtime-12.0-6.el9.aarch64                                                                                                          29/56 
DEBUG util.py:461:    Verifying        : git-2.47.3-1.el9_6.aarch64                                                                                                                         30/56 
DEBUG util.py:461:    Verifying        : git-core-2.47.3-1.el9_6.aarch64                                                                                                                    31/56 
DEBUG util.py:461:    Verifying        : git-core-doc-2.47.3-1.el9_6.noarch                                                                                                                 32/56 
DEBUG util.py:461:    Verifying        : libzstd-devel-1.5.5-1.el9.aarch64                                                                                                                  33/56 
DEBUG util.py:461:    Verifying        : nspr-4.36.0-4.el9_4.aarch64                                                                                                                        34/56 
DEBUG util.py:461:    Verifying        : nss-3.112.0-4.el9_4.aarch64                                                                                                                        35/56 
DEBUG util.py:461:    Verifying        : nss-softokn-3.112.0-4.el9_4.aarch64                                                                                                                36/56 
DEBUG util.py:461:    Verifying        : nss-softokn-freebl-3.112.0-4.el9_4.aarch64                                                                                                         37/56 
DEBUG util.py:461:    Verifying        : nss-sysinit-3.112.0-4.el9_4.aarch64                                                                                                                38/56 
DEBUG util.py:461:    Verifying        : nss-tools-3.112.0-4.el9_4.aarch64                                                                                                                  39/56 
DEBUG util.py:461:    Verifying        : nss-util-3.112.0-4.el9_4.aarch64                                                                                                                   40/56 
DEBUG util.py:461:    Verifying        : openssl-devel-1:3.2.2-6.el9_5.1.aarch64                                                                                                            41/56 
DEBUG util.py:461:    Verifying        : perl-DynaLoader-1.47-481.1.el9_6.aarch64                                                                                                           42/56 
DEBUG util.py:461:    Verifying        : perl-Error-1:0.17029-7.el9.noarch                                                                                                                  43/56 
DEBUG util.py:461:    Verifying        : perl-File-Find-1.37-481.1.el9_6.noarch                                                                                                             44/56 
DEBUG util.py:461:    Verifying        : perl-Git-2.47.3-1.el9_6.noarch                                                                                                                     45/56 
DEBUG util.py:461:    Verifying        : perl-TermReadKey-2.38-11.el9.aarch64                                                                                                               46/56 
DEBUG util.py:461:    Verifying        : perl-lib-0.65-481.1.el9_6.aarch64                                                                                                                  47/56 
DEBUG util.py:461:    Verifying        : pesign-115-6.el9_1.rocky.2.aarch64                                                                                                                 48/56 
DEBUG util.py:461:    Verifying        : policycoreutils-python-utils-3.6-2.1.el9.noarch                                                                                                    49/56 
DEBUG util.py:461:    Verifying        : python3-audit-3.1.5-4.el9.aarch64                                                                                                                  50/56 
DEBUG util.py:461:    Verifying        : python3-distro-1.5.0-7.el9.noarch                                                                                                                  51/56 
DEBUG util.py:461:    Verifying        : python3-libselinux-3.6-3.el9.aarch64                                                                                                               52/56 
DEBUG util.py:461:    Verifying        : python3-libsemanage-3.6-5.el9_6.aarch64                                                                                                            53/56 
DEBUG util.py:461:    Verifying        : python3-policycoreutils-3.6-2.1.el9.noarch                                                                                                         54/56 
DEBUG util.py:461:    Verifying        : scl-utils-1:2.0.3-4.el9.aarch64                                                                                                                    55/56 
DEBUG util.py:461:    Verifying        : zlib-devel-1.2.11-40.el9.aarch64                                                                                                                   56/56 
DEBUG util.py:461:  Installed:
DEBUG util.py:461:    checkpolicy-3.6-1.el9.aarch64                           crypto-policies-scripts-20250128-1.git5269e22.el9.noarch       dos2unix-7.4.2-4.el9.aarch64                        
DEBUG util.py:461:    efivar-libs-38-3.el9.aarch64                            elfutils-libelf-devel-0.192-6.el9_6.aarch64                    emacs-filesystem-1:27.2-14.el9_6.2.noarch           
DEBUG util.py:461:    environment-modules-5.3.0-1.el9.aarch64                 expat-2.5.0-5.el9_6.aarch64                                    gcc-toolset-12-binutils-2.38-19.el9.aarch64         
DEBUG util.py:461:    gcc-toolset-12-binutils-gold-2.38-19.el9.aarch64        gcc-toolset-12-runtime-12.0-6.el9.aarch64                      git-2.47.3-1.el9_6.aarch64                          
DEBUG util.py:461:    git-core-2.47.3-1.el9_6.aarch64                         git-core-doc-2.47.3-1.el9_6.noarch                             less-590-5.el9.aarch64                              
DEBUG util.py:461:    libcbor-0.7.0-5.el9.aarch64                             libfido2-1.13.0-2.el9.aarch64                                  libpipeline-1.5.3-4.el9.aarch64                     
DEBUG util.py:461:    libselinux-utils-3.6-3.el9.aarch64                      libzstd-devel-1.5.5-1.el9.aarch64                              man-db-2.9.3-7.el9.aarch64                          
DEBUG util.py:461:    nspr-4.36.0-4.el9_4.aarch64                             nss-3.112.0-4.el9_4.aarch64                                    nss-softokn-3.112.0-4.el9_4.aarch64                 
DEBUG util.py:461:    nss-softokn-freebl-3.112.0-4.el9_4.aarch64              nss-sysinit-3.112.0-4.el9_4.aarch64                            nss-tools-3.112.0-4.el9_4.aarch64                   
DEBUG util.py:461:    nss-util-3.112.0-4.el9_4.aarch64                        openssh-8.7p1-45.el9.rocky.0.1.aarch64                         openssh-clients-8.7p1-45.el9.rocky.0.1.aarch64      
DEBUG util.py:461:    openssl-devel-1:3.2.2-6.el9_5.1.aarch64                 perl-DynaLoader-1.47-481.1.el9_6.aarch64                       perl-Error-1:0.17029-7.el9.noarch                   
DEBUG util.py:461:    perl-File-Find-1.37-481.1.el9_6.noarch                  perl-Git-2.47.3-1.el9_6.noarch                                 perl-TermReadKey-2.38-11.el9.aarch64                
DEBUG util.py:461:    perl-lib-0.65-481.1.el9_6.aarch64                       pesign-115-6.el9_1.rocky.2.aarch64                             policycoreutils-3.6-2.1.el9.aarch64                 
DEBUG util.py:461:    policycoreutils-python-utils-3.6-2.1.el9.noarch         procps-ng-3.3.17-14.el9.aarch64                                python3-3.9.21-2.el9_6.2.aarch64                    
DEBUG util.py:461:    python3-audit-3.1.5-4.el9.aarch64                       python3-distro-1.5.0-7.el9.noarch                              python3-libs-3.9.21-2.el9_6.2.aarch64               
DEBUG util.py:461:    python3-libselinux-3.6-3.el9.aarch64                    python3-libsemanage-3.6-5.el9_6.aarch64                        python3-pip-wheel-21.3.1-1.el9.noarch               
DEBUG util.py:461:    python3-policycoreutils-3.6-2.1.el9.noarch              python3-setools-4.4.4-1.el9.aarch64                            python3-setuptools-53.0.0-13.el9_6.1.noarch         
DEBUG util.py:461:    python3-setuptools-wheel-53.0.0-13.el9_6.1.noarch       scl-utils-1:2.0.3-4.el9.aarch64                                tcl-1:8.6.10-7.el9.aarch64                          
DEBUG util.py:461:    vim-filesystem-2:8.2.2637-22.el9_6.1.noarch             zlib-devel-1.2.11-40.el9.aarch64                              
DEBUG util.py:461:  Complete!
DEBUG util.py:608:  Child return code was: 0
DEBUG util.py:183:  kill orphans in chroot /var/lib/mock/rocky-9-aarch64_ciqshim/root
DEBUG util.py:183:  kill orphans in chroot /var/lib/mock/rocky-9-aarch64_ciqshim-bootstrap/root/var/lib/mock/rocky-9-aarch64_ciqshim/root
DEBUG util.py:634:  child environment: None
DEBUG util.py:556:  Executing command: ['/bin/umount', '-n', '-l', '/var/lib/mock/rocky-9-aarch64_ciqshim-bootstrap/root/var/lib/mock/rocky-9-aarch64_ciqshim/root'] with env {'TERM': 'vt100', 'SHELL': '/bin/sh', 'HOME': '/builddir', 'HOSTNAME': 'mock', 'PATH': '/usr/bin:/bin:/usr/sbin:/sbin', 'LANG': 'C.UTF-8'} and shell False
DEBUG util.py:608:  Child return code was: 0
DEBUG util.py:634:  child environment: None
DEBUG util.py:556:  Executing command: ['/bin/umount', '-n', '-l', '/var/lib/mock/rocky-9-aarch64_ciqshim-bootstrap/root/var/lib/mock/rocky-9-aarch64_ciqshim/root'] with env {'TERM': 'vt100', 'SHELL': '/bin/sh', 'HOME': '/builddir', 'HOSTNAME': 'mock', 'PATH': '/usr/bin:/bin:/usr/sbin:/sbin', 'LANG': 'C.UTF-8'} and shell False
DEBUG util.py:608:  Child return code was: 0
DEBUG util.py:634:  child environment: None
DEBUG util.py:556:  Executing command: ['/bin/umount', '-n', '-l', '/var/lib/mock/rocky-9-aarch64_ciqshim/root/sys/fs/selinux'] with env {'TERM': 'vt100', 'SHELL': '/bin/sh', 'HOME': '/builddir', 'HOSTNAME': 'mock', 'PATH': '/usr/bin:/bin:/usr/sbin:/sbin', 'LANG': 'C.UTF-8'} and shell False
DEBUG util.py:608:  Child return code was: 0
DEBUG util.py:634:  child environment: None
DEBUG util.py:556:  Executing command: ['/bin/umount', '-n', '/var/lib/mock/rocky-9-aarch64_ciqshim/root/proc/filesystems'] with env {'TERM': 'vt100', 'SHELL': '/bin/sh', 'HOME': '/builddir', 'HOSTNAME': 'mock', 'PATH': '/usr/bin:/bin:/usr/sbin:/sbin', 'LANG': 'C.UTF-8'} and shell False
DEBUG util.py:608:  Child return code was: 0
DEBUG util.py:634:  child environment: None
DEBUG util.py:556:  Executing command: ['/bin/umount', '-n', '-l', '/var/lib/mock/rocky-9-aarch64_ciqshim/root/dev/pts'] with env {'TERM': 'vt100', 'SHELL': '/bin/sh', 'HOME': '/builddir', 'HOSTNAME': 'mock', 'PATH': '/usr/bin:/bin:/usr/sbin:/sbin', 'LANG': 'C.UTF-8'} and shell False
DEBUG util.py:608:  Child return code was: 0
DEBUG util.py:634:  child environment: None
DEBUG util.py:556:  Executing command: ['/bin/umount', '-n', '-l', '/var/lib/mock/rocky-9-aarch64_ciqshim/root/dev/shm'] with env {'TERM': 'vt100', 'SHELL': '/bin/sh', 'HOME': '/builddir', 'HOSTNAME': 'mock', 'PATH': '/usr/bin:/bin:/usr/sbin:/sbin', 'LANG': 'C.UTF-8'} and shell False
DEBUG util.py:608:  Child return code was: 0
DEBUG util.py:634:  child environment: None
DEBUG util.py:556:  Executing command: ['/bin/umount', '-n', '-l', '/var/lib/mock/rocky-9-aarch64_ciqshim/root/sys'] with env {'TERM': 'vt100', 'SHELL': '/bin/sh', 'HOME': '/builddir', 'HOSTNAME': 'mock', 'PATH': '/usr/bin:/bin:/usr/sbin:/sbin', 'LANG': 'C.UTF-8'} and shell False
DEBUG util.py:608:  Child return code was: 0
DEBUG util.py:634:  child environment: None
DEBUG util.py:556:  Executing command: ['/bin/umount', '-n', '-l', '/var/lib/mock/rocky-9-aarch64_ciqshim/root/sys'] with env {'TERM': 'vt100', 'SHELL': '/bin/sh', 'HOME': '/builddir', 'HOSTNAME': 'mock', 'PATH': '/usr/bin:/bin:/usr/sbin:/sbin', 'LANG': 'C.UTF-8'} and shell False
DEBUG util.py:608:  Child return code was: 0
DEBUG util.py:634:  child environment: None
DEBUG util.py:556:  Executing command: ['/bin/umount', '-n', '-l', '/var/lib/mock/rocky-9-aarch64_ciqshim/root/proc'] with env {'TERM': 'vt100', 'SHELL': '/bin/sh', 'HOME': '/builddir', 'HOSTNAME': 'mock', 'PATH': '/usr/bin:/bin:/usr/sbin:/sbin', 'LANG': 'C.UTF-8'} and shell False
DEBUG util.py:608:  Child return code was: 0
DEBUG util.py:634:  child environment: None
DEBUG util.py:556:  Executing command: ['/bin/umount', '-n', '-l', '/var/lib/mock/rocky-9-aarch64_ciqshim/root/proc'] with env {'TERM': 'vt100', 'SHELL': '/bin/sh', 'HOME': '/builddir', 'HOSTNAME': 'mock', 'PATH': '/usr/bin:/bin:/usr/sbin:/sbin', 'LANG': 'C.UTF-8'} and shell False
DEBUG util.py:608:  Child return code was: 0
DEBUG file_util.py:18:  ensuring that dir exists: /var/lib/mock/rocky-9-aarch64_ciqshim-bootstrap/root/var/lib/mock/rocky-9-aarch64_ciqshim/root
DEBUG util.py:634:  child environment: None
DEBUG util.py:556:  Executing command: ['/bin/mount', '-n', '-t', 'tmpfs', '-o', 'private,mode=0755', 'tmpfs', '/var/lib/mock/rocky-9-aarch64_ciqshim-bootstrap/root/var/lib/mock/rocky-9-aarch64_ciqshim/root'] with env {'TERM': 'vt100', 'SHELL': '/bin/sh', 'HOME': '/builddir', 'HOSTNAME': 'mock', 'PATH': '/usr/bin:/bin:/usr/sbin:/sbin', 'LANG': 'C.UTF-8'} and shell False
DEBUG util.py:608:  Child return code was: 0
DEBUG file_util.py:18:  ensuring that dir exists: /var/lib/mock/rocky-9-aarch64_ciqshim-bootstrap/root/var/lib/mock/rocky-9-aarch64_ciqshim/root
DEBUG util.py:634:  child environment: None
DEBUG util.py:556:  Executing command: ['/bin/mount', '-n', '-o', 'rbind', '/var/lib/mock/rocky-9-aarch64_ciqshim/root', '/var/lib/mock/rocky-9-aarch64_ciqshim-bootstrap/root/var/lib/mock/rocky-9-aarch64_ciqshim/root'] with env {'TERM': 'vt100', 'SHELL': '/bin/sh', 'HOME': '/builddir', 'HOSTNAME': 'mock', 'PATH': '/usr/bin:/bin:/usr/sbin:/sbin', 'LANG': 'C.UTF-8'} and shell False
DEBUG util.py:608:  Child return code was: 0
DEBUG util.py:634:  child environment: None
DEBUG util.py:556:  Executing command: ['/bin/mount', '-n', '-o', 'remount,private,rbind', '--target', '/var/lib/mock/rocky-9-aarch64_ciqshim-bootstrap/root/var/lib/mock/rocky-9-aarch64_ciqshim/root'] with env {'TERM': 'vt100', 'SHELL': '/bin/sh', 'HOME': '/builddir', 'HOSTNAME': 'mock', 'PATH': '/usr/bin:/bin:/usr/sbin:/sbin', 'LANG': 'C.UTF-8'} and shell False
DEBUG util.py:608:  Child return code was: 0
DEBUG util.py:634:  child environment: None
DEBUG util.py:551:  Using nspawn with args ['--capability=cap_ipc_lock', '--bind=/tmp/mock-resolv.cs_olotw:/etc/resolv.conf']
DEBUG util.py:556:  Executing command: ['/usr/bin/systemd-nspawn', '-q', '-M', '6c37b4ab858a462eb1b89dfcc3377d7e', '-D', '/var/lib/mock/rocky-9-aarch64_ciqshim-bootstrap/root', '-a', '--capability=cap_ipc_lock', '--bind=/tmp/mock-resolv.cs_olotw:/etc/resolv.conf', '--console=pipe', '--setenv=TERM=vt100', '--setenv=SHELL=/bin/bash', '--setenv=HOME=/builddir', '--setenv=HOSTNAME=mock', '--setenv=PATH=/usr/bin:/bin:/usr/sbin:/sbin', '--setenv=PROMPT_COMMAND=printf "\\033]0;<mock-chroot>\\007"', '--setenv=PS1=<mock-chroot> \\s-\\v\\$ ', '--setenv=LANG=C.UTF-8', '--resolv-conf=off', '/bin/rpm', '-qa', '--root', '/var/lib/mock/rocky-9-aarch64_ciqshim/root'] with env {'TERM': 'vt100', 'SHELL': '/bin/bash', 'HOME': '/builddir', 'HOSTNAME': 'mock', 'PATH': '/usr/bin:/bin:/usr/sbin:/sbin', 'PROMPT_COMMAND': 'printf "\\033]0;<mock-chroot>\\007"', 'PS1': '<mock-chroot> \\s-\\v\\$ ', 'LANG': 'C.UTF-8', 'SYSTEMD_NSPAWN_TMPFS_TMP': '0', 'SYSTEMD_SECCOMP': '0'} and shell False
DEBUG util.py:461:  gpg-pubkey-350d275d-6279464b
DEBUG util.py:461:  libgcc-11.5.0-5.el9_5.aarch64
DEBUG util.py:461:  rust-srpm-macros-17-4.el9.noarch
DEBUG util.py:461:  qt5-srpm-macros-5.15.9-1.el9.noarch
DEBUG util.py:461:  perl-srpm-macros-1-41.el9.noarch
DEBUG util.py:461:  openblas-srpm-macros-2-11.el9.noarch
DEBUG util.py:461:  ocaml-srpm-macros-6-6.el9.noarch
DEBUG util.py:461:  kernel-headers-5.14.0-570.58.1.el9_6.aarch64
DEBUG util.py:461:  ghc-srpm-macros-1.5.0-6.el9.noarch
DEBUG util.py:461:  tzdata-2025b-1.el9.noarch
DEBUG util.py:461:  rocky-gpg-keys-9.6-1.3.el9.noarch
DEBUG util.py:461:  rocky-release-9.6-1.3.el9.noarch
DEBUG util.py:461:  rocky-repos-9.6-1.3.el9.noarch
DEBUG util.py:461:  setup-2.13.7-10.el9.noarch
DEBUG util.py:461:  filesystem-3.16-5.el9.aarch64
DEBUG util.py:461:  basesystem-11-13.el9.0.1.noarch
DEBUG util.py:461:  publicsuffix-list-dafsa-20210518-3.el9.noarch
DEBUG util.py:461:  pkgconf-m4-1.7.3-10.el9.noarch
DEBUG util.py:461:  pcre2-syntax-10.40-6.el9.noarch
DEBUG util.py:461:  ncurses-base-6.2-10.20210508.el9_6.2.noarch
DEBUG util.py:461:  glibc-gconv-extra-2.34-168.el9_6.24.aarch64
DEBUG util.py:461:  glibc-minimal-langpack-2.34-168.el9_6.24.aarch64
DEBUG util.py:461:  glibc-common-2.34-168.el9_6.24.aarch64
DEBUG util.py:461:  glibc-2.34-168.el9_6.24.aarch64
DEBUG util.py:461:  ncurses-libs-6.2-10.20210508.el9_6.2.aarch64
DEBUG util.py:461:  bash-5.1.8-9.el9.aarch64
DEBUG util.py:461:  zlib-1.2.11-40.el9.aarch64
DEBUG util.py:461:  libstdc++-11.5.0-5.el9_5.aarch64
DEBUG util.py:461:  libzstd-1.5.5-1.el9.aarch64
DEBUG util.py:461:  xz-libs-5.2.5-8.el9_0.aarch64
DEBUG util.py:461:  bzip2-libs-1.0.8-10.el9_5.aarch64
DEBUG util.py:461:  gmp-6.2.0-13.el9.aarch64
DEBUG util.py:461:  elfutils-libelf-0.192-6.el9_6.aarch64
DEBUG util.py:461:  libxcrypt-4.4.18-3.el9.aarch64
DEBUG util.py:461:  mpfr-4.1.0-7.el9.aarch64
DEBUG util.py:461:  libuuid-2.37.4-21.el9.aarch64
DEBUG util.py:461:  libattr-2.5.1-3.el9.aarch64
DEBUG util.py:461:  libacl-2.3.1-4.el9.aarch64
DEBUG util.py:461:  libcap-2.48-9.el9_2.aarch64
DEBUG util.py:461:  popt-1.18-8.el9.aarch64
DEBUG util.py:461:  libmpc-1.2.1-4.el9.aarch64
DEBUG util.py:461:  crypto-policies-20250128-1.git5269e22.el9.noarch
DEBUG util.py:461:  readline-8.1-4.el9.aarch64
DEBUG util.py:461:  libcom_err-1.46.5-7.el9.aarch64
DEBUG util.py:461:  lz4-libs-1.9.3-5.el9.aarch64
DEBUG util.py:461:  dwz-0.14-3.el9.aarch64
DEBUG util.py:461:  unzip-6.0-58.el9_5.aarch64
DEBUG util.py:461:  libxml2-2.9.13-12.el9_6.aarch64
DEBUG util.py:461:  file-libs-5.39-16.el9.aarch64
DEBUG util.py:461:  file-5.39-16.el9.aarch64
DEBUG util.py:461:  sqlite-libs-3.34.1-8.el9_6.aarch64
DEBUG util.py:461:  alternatives-1.24-2.el9.aarch64
DEBUG util.py:461:  libcap-ng-0.8.2-7.el9.aarch64
DEBUG util.py:461:  audit-libs-3.1.5-4.el9.aarch64
DEBUG util.py:461:  libffi-3.4.2-8.el9.aarch64
DEBUG util.py:461:  libgomp-11.5.0-5.el9_5.aarch64
DEBUG util.py:461:  libsepol-3.6-2.el9.aarch64
DEBUG util.py:461:  libsigsegv-2.13-4.el9.aarch64
DEBUG util.py:461:  gawk-5.1.0-6.el9.aarch64
DEBUG util.py:461:  libsmartcols-2.37.4-21.el9.aarch64
DEBUG util.py:461:  libtasn1-4.16.0-9.el9.aarch64
DEBUG util.py:461:  p11-kit-0.25.3-3.el9_5.aarch64
DEBUG util.py:461:  libunistring-0.9.10-15.el9.aarch64
DEBUG util.py:461:  libidn2-2.3.0-7.el9.aarch64
DEBUG util.py:461:  lua-libs-5.4.4-4.el9.aarch64
DEBUG util.py:461:  libpsl-0.21.1-5.el9.aarch64
DEBUG util.py:461:  p11-kit-trust-0.25.3-3.el9_5.aarch64
DEBUG util.py:461:  zip-3.0-35.el9.aarch64
DEBUG util.py:461:  zstd-1.5.5-1.el9.aarch64
DEBUG util.py:461:  cpp-11.5.0-5.el9_5.aarch64
DEBUG util.py:461:  bzip2-1.0.8-10.el9_5.aarch64
DEBUG util.py:461:  groff-base-1.22.4-10.el9.aarch64
DEBUG util.py:461:  libasan-11.5.0-5.el9_5.aarch64
DEBUG util.py:461:  libstdc++-devel-11.5.0-5.el9_5.aarch64
DEBUG util.py:461:  libubsan-11.5.0-5.el9_5.aarch64
DEBUG util.py:461:  info-6.7-15.el9.aarch64
DEBUG util.py:461:  ed-1.14.2-12.el9.aarch64
DEBUG util.py:461:  elfutils-default-yama-scope-0.192-6.el9_6.noarch
DEBUG util.py:461:  elfutils-libs-0.192-6.el9_6.aarch64
DEBUG util.py:461:  libedit-3.1-38.20210216cvs.el9.aarch64
DEBUG util.py:461:  llvm-libs-19.1.7-1.el9.aarch64
DEBUG util.py:461:  ncurses-6.2-10.20210508.el9_6.2.aarch64
DEBUG util.py:461:  cpio-2.13-16.el9.aarch64
DEBUG util.py:461:  diffutils-3.7-12.el9.aarch64
DEBUG util.py:461:  gdbm-libs-1.23-1.el9.aarch64
DEBUG util.py:461:  json-c-0.14-11.el9.aarch64
DEBUG util.py:461:  keyutils-libs-1.6.3-1.el9.aarch64
DEBUG util.py:461:  libatomic-11.5.0-5.el9_5.aarch64
DEBUG util.py:461:  libbrotli-1.0.9-7.el9_5.aarch64
DEBUG util.py:461:  libdb-5.3.28-57.el9_6.aarch64
DEBUG util.py:461:  libeconf-0.4.1-4.el9.aarch64
DEBUG util.py:461:  libgpg-error-1.42-5.el9.aarch64
DEBUG util.py:461:  libgcrypt-1.10.0-11.el9.aarch64
DEBUG util.py:461:  libnghttp2-1.43.0-6.el9.aarch64
DEBUG util.py:461:  libpkgconf-1.7.3-10.el9.aarch64
DEBUG util.py:461:  pkgconf-1.7.3-10.el9.aarch64
DEBUG util.py:461:  pkgconf-pkg-config-1.7.3-10.el9.aarch64
DEBUG util.py:461:  libxcrypt-devel-4.4.18-3.el9.aarch64
DEBUG util.py:461:  glibc-devel-2.34-168.el9_6.24.aarch64
DEBUG util.py:461:  libtool-ltdl-2.4.6-46.el9.aarch64
DEBUG util.py:461:  libverto-0.3.2-3.el9.aarch64
DEBUG util.py:461:  make-4.3-8.el9.aarch64
DEBUG util.py:461:  pcre-8.44-4.el9.aarch64
DEBUG util.py:461:  grep-3.6-5.el9.aarch64
DEBUG util.py:461:  xz-5.2.5-8.el9_0.aarch64
DEBUG util.py:461:  pcre2-10.40-6.el9.aarch64
DEBUG util.py:461:  libselinux-3.6-3.el9.aarch64
DEBUG util.py:461:  sed-4.8-9.el9.aarch64
DEBUG util.py:461:  findutils-4.8.0-7.el9.aarch64
DEBUG util.py:461:  libsemanage-3.6-5.el9_6.aarch64
DEBUG util.py:461:  shadow-utils-4.9-12.el9.aarch64
DEBUG util.py:461:  libutempter-1.2.1-6.el9.aarch64
DEBUG util.py:461:  tar-1.34-7.el9.aarch64
DEBUG util.py:461:  patch-2.7.6-16.el9.aarch64
DEBUG util.py:461:  libssh-config-0.10.4-15.el9_6.noarch
DEBUG util.py:461:  coreutils-common-8.32-39.el9.aarch64
DEBUG util.py:461:  openssl-libs-3.2.2-6.el9_5.1.aarch64
DEBUG util.py:461:  coreutils-8.32-39.el9.aarch64
DEBUG util.py:461:  ca-certificates-2024.2.69_v8.0.303-91.4.el9_4.noarch
DEBUG util.py:461:  libblkid-2.37.4-21.el9.aarch64
DEBUG util.py:461:  krb5-libs-1.21.1-8.el9_6.aarch64
DEBUG util.py:461:  libmount-2.37.4-21.el9.aarch64
DEBUG util.py:461:  gzip-1.12-1.el9.aarch64
DEBUG util.py:461:  cracklib-2.9.6-27.el9.aarch64
DEBUG util.py:461:  systemd-libs-252-51.el9_6.3.rocky.0.1.aarch64
DEBUG util.py:461:  libarchive-3.5.3-6.el9_6.aarch64
DEBUG util.py:461:  util-linux-core-2.37.4-21.el9.aarch64
DEBUG util.py:461:  cracklib-dicts-2.9.6-27.el9.aarch64
DEBUG util.py:461:  cyrus-sasl-lib-2.1.27-21.el9.aarch64
DEBUG util.py:461:  libssh-0.10.4-15.el9_6.aarch64
DEBUG util.py:461:  libfdisk-2.37.4-21.el9.aarch64
DEBUG util.py:461:  perl-Digest-1.19-4.el9.noarch
DEBUG util.py:461:  perl-Digest-MD5-2.58-4.el9.aarch64
DEBUG util.py:461:  perl-B-1.80-481.1.el9_6.aarch64
DEBUG util.py:461:  perl-FileHandle-2.03-481.1.el9_6.noarch
DEBUG util.py:461:  perl-Data-Dumper-2.174-462.el9.aarch64
DEBUG util.py:461:  perl-libnet-3.13-4.el9.noarch
DEBUG util.py:461:  perl-AutoLoader-5.74-481.1.el9_6.noarch
DEBUG util.py:461:  perl-base-2.27-481.1.el9_6.noarch
DEBUG util.py:461:  perl-URI-5.09-3.el9.noarch
DEBUG util.py:461:  perl-if-0.60.800-481.1.el9_6.noarch
DEBUG util.py:461:  perl-IO-Socket-IP-0.41-5.el9.noarch
DEBUG util.py:461:  perl-Time-Local-1.300-7.el9.noarch
DEBUG util.py:461:  perl-File-Path-2.18-4.el9.noarch
DEBUG util.py:461:  perl-IO-Socket-SSL-2.073-2.el9.noarch
DEBUG util.py:461:  perl-Net-SSLeay-1.94-1.el9.aarch64
DEBUG util.py:461:  perl-Pod-Escapes-1.07-460.el9.noarch
DEBUG util.py:461:  perl-Text-Tabs+Wrap-2013.0523-460.el9.noarch
DEBUG util.py:461:  perl-Mozilla-CA-20200520-6.el9.noarch
DEBUG util.py:461:  perl-Class-Struct-0.66-481.1.el9_6.noarch
DEBUG util.py:461:  perl-POSIX-1.94-481.1.el9_6.aarch64
DEBUG util.py:461:  perl-Term-ANSIColor-5.01-461.el9.noarch
DEBUG util.py:461:  perl-IPC-Open3-1.21-481.1.el9_6.noarch
DEBUG util.py:461:  perl-subs-1.03-481.1.el9_6.noarch
DEBUG util.py:461:  perl-File-Temp-0.231.100-4.el9.noarch
DEBUG util.py:461:  perl-Term-Cap-1.17-460.el9.noarch
DEBUG util.py:461:  perl-Pod-Simple-3.42-4.el9.noarch
DEBUG util.py:461:  perl-HTTP-Tiny-0.076-462.el9.noarch
DEBUG util.py:461:  perl-Socket-2.031-4.el9.aarch64
DEBUG util.py:461:  perl-SelectSaver-1.02-481.1.el9_6.noarch
DEBUG util.py:461:  perl-Symbol-1.08-481.1.el9_6.noarch
DEBUG util.py:461:  perl-File-stat-1.09-481.1.el9_6.noarch
DEBUG util.py:461:  perl-podlators-4.14-460.el9.noarch
DEBUG util.py:461:  perl-Pod-Perldoc-3.28.01-461.el9.noarch
DEBUG util.py:461:  perl-Fcntl-1.13-481.1.el9_6.aarch64
DEBUG util.py:461:  perl-Text-ParseWords-3.30-460.el9.noarch
DEBUG util.py:461:  perl-mro-1.23-481.1.el9_6.aarch64
DEBUG util.py:461:  perl-IO-1.43-481.1.el9_6.aarch64
DEBUG util.py:461:  perl-overloading-0.02-481.1.el9_6.noarch
DEBUG util.py:461:  perl-Pod-Usage-2.01-4.el9.noarch
DEBUG util.py:461:  perl-Errno-1.30-481.1.el9_6.aarch64
DEBUG util.py:461:  perl-File-Basename-2.85-481.1.el9_6.noarch
DEBUG util.py:461:  perl-Getopt-Std-1.12-481.1.el9_6.noarch
DEBUG util.py:461:  perl-MIME-Base64-3.16-4.el9.aarch64
DEBUG util.py:461:  perl-Scalar-List-Utils-1.56-462.el9.aarch64
DEBUG util.py:461:  perl-constant-1.33-461.el9.noarch
DEBUG util.py:461:  perl-Storable-3.21-460.el9.aarch64
DEBUG util.py:461:  perl-overload-1.31-481.1.el9_6.noarch
DEBUG util.py:461:  perl-parent-0.238-460.el9.noarch
DEBUG util.py:461:  perl-vars-1.05-481.1.el9_6.noarch
DEBUG util.py:461:  perl-Getopt-Long-2.52-4.el9.noarch
DEBUG util.py:461:  perl-Carp-1.50-460.el9.noarch
DEBUG util.py:461:  perl-Exporter-5.74-461.el9.noarch
DEBUG util.py:461:  perl-PathTools-3.78-461.el9.aarch64
DEBUG util.py:461:  perl-Encode-3.08-462.el9.aarch64
DEBUG util.py:461:  perl-libs-5.32.1-481.1.el9_6.aarch64
DEBUG util.py:461:  perl-interpreter-5.32.1-481.1.el9_6.aarch64
DEBUG util.py:461:  kernel-srpm-macros-1.0-13.el9.noarch
DEBUG util.py:461:  openssl-3.2.2-6.el9_5.1.aarch64
DEBUG util.py:461:  libpwquality-1.4.4-8.el9.aarch64
DEBUG util.py:461:  pam-1.5.1-26.el9_6.aarch64
DEBUG util.py:461:  libevent-2.1.12-8.el9_4.aarch64
DEBUG util.py:461:  openldap-2.6.8-4.el9.0.1.aarch64
DEBUG util.py:461:  libcurl-7.76.1-31.el9_6.1.aarch64
DEBUG util.py:461:  elfutils-debuginfod-client-0.192-6.el9_6.aarch64
DEBUG util.py:461:  binutils-gold-2.35.2-63.el9.aarch64
DEBUG util.py:461:  binutils-2.35.2-63.el9.aarch64
DEBUG util.py:461:  gcc-11.5.0-5.el9_5.aarch64
DEBUG util.py:461:  elfutils-0.192-6.el9_6.aarch64
DEBUG util.py:461:  gdb-minimal-14.2-4.1.el9_6.aarch64
DEBUG util.py:461:  debugedit-5.0-5.el9.aarch64
DEBUG util.py:461:  annobin-12.92-1.el9.aarch64
DEBUG util.py:461:  gcc-plugin-annobin-11.5.0-5.el9_5.aarch64
DEBUG util.py:461:  curl-7.76.1-31.el9_6.1.aarch64
DEBUG util.py:461:  rpm-4.16.1.3-37.el9.aarch64
DEBUG util.py:461:  rpm-libs-4.16.1.3-37.el9.aarch64
DEBUG util.py:461:  rpm-build-libs-4.16.1.3-37.el9.aarch64
DEBUG util.py:461:  efi-srpm-macros-6-2.el9_0.noarch
DEBUG util.py:461:  lua-srpm-macros-1-6.el9.noarch
DEBUG util.py:461:  fonts-srpm-macros-2.0.5-7.el9.1.noarch
DEBUG util.py:461:  go-srpm-macros-3.6.0-10.el9_6.noarch
DEBUG util.py:461:  python-srpm-macros-3.9-54.el9.noarch
DEBUG util.py:461:  pyproject-srpm-macros-1.16.2-1.el9.noarch
DEBUG util.py:461:  redhat-rpm-config-209-1.el9.noarch
DEBUG util.py:461:  rpm-build-4.16.1.3-37.el9.aarch64
DEBUG util.py:461:  gcc-c++-11.5.0-5.el9_5.aarch64
DEBUG util.py:461:  util-linux-2.37.4-21.el9.aarch64
DEBUG util.py:461:  which-2.21-30.el9_6.aarch64
DEBUG util.py:461:  nspr-4.36.0-4.el9_4.aarch64
DEBUG util.py:461:  nss-util-3.112.0-4.el9_4.aarch64
DEBUG util.py:461:  less-590-5.el9.aarch64
DEBUG util.py:461:  expat-2.5.0-5.el9_6.aarch64
DEBUG util.py:461:  nss-softokn-freebl-3.112.0-4.el9_4.aarch64
DEBUG util.py:461:  nss-softokn-3.112.0-4.el9_4.aarch64
DEBUG util.py:461:  zlib-devel-1.2.11-40.el9.aarch64
DEBUG util.py:461:  perl-lib-0.65-481.1.el9_6.aarch64
DEBUG util.py:461:  perl-File-Find-1.37-481.1.el9_6.noarch
DEBUG util.py:461:  perl-Error-0.17029-7.el9.noarch
DEBUG util.py:461:  perl-DynaLoader-1.47-481.1.el9_6.aarch64
DEBUG util.py:461:  perl-TermReadKey-2.38-11.el9.aarch64
DEBUG util.py:461:  libzstd-devel-1.5.5-1.el9.aarch64
DEBUG util.py:461:  emacs-filesystem-27.2-14.el9_6.2.noarch
DEBUG util.py:461:  checkpolicy-3.6-1.el9.aarch64
DEBUG util.py:461:  vim-filesystem-8.2.2637-22.el9_6.1.noarch
DEBUG util.py:461:  tcl-8.6.10-7.el9.aarch64
DEBUG util.py:461:  python3-setuptools-wheel-53.0.0-13.el9_6.1.noarch
DEBUG util.py:461:  python3-pip-wheel-21.3.1-1.el9.noarch
DEBUG util.py:461:  python3-3.9.21-2.el9_6.2.aarch64
DEBUG util.py:461:  python3-libs-3.9.21-2.el9_6.2.aarch64
DEBUG util.py:461:  python3-setuptools-53.0.0-13.el9_6.1.noarch
DEBUG util.py:461:  python3-libselinux-3.6-3.el9.aarch64
DEBUG util.py:461:  python3-libsemanage-3.6-5.el9_6.aarch64
DEBUG util.py:461:  python3-setools-4.4.4-1.el9.aarch64
DEBUG util.py:461:  python3-distro-1.5.0-7.el9.noarch
DEBUG util.py:461:  crypto-policies-scripts-20250128-1.git5269e22.el9.noarch
DEBUG util.py:461:  nss-sysinit-3.112.0-4.el9_4.aarch64
DEBUG util.py:461:  nss-3.112.0-4.el9_4.aarch64
DEBUG util.py:461:  nss-tools-3.112.0-4.el9_4.aarch64
DEBUG util.py:461:  python3-audit-3.1.5-4.el9.aarch64
DEBUG util.py:461:  procps-ng-3.3.17-14.el9.aarch64
DEBUG util.py:461:  openssh-8.7p1-45.el9.rocky.0.1.aarch64
DEBUG util.py:461:  libselinux-utils-3.6-3.el9.aarch64
DEBUG util.py:461:  policycoreutils-3.6-2.1.el9.aarch64
DEBUG util.py:461:  python3-policycoreutils-3.6-2.1.el9.noarch
DEBUG util.py:461:  policycoreutils-python-utils-3.6-2.1.el9.noarch
DEBUG util.py:461:  libpipeline-1.5.3-4.el9.aarch64
DEBUG util.py:461:  man-db-2.9.3-7.el9.aarch64
DEBUG util.py:461:  environment-modules-5.3.0-1.el9.aarch64
DEBUG util.py:461:  scl-utils-2.0.3-4.el9.aarch64
DEBUG util.py:461:  gcc-toolset-12-runtime-12.0-6.el9.aarch64
DEBUG util.py:461:  gcc-toolset-12-binutils-2.38-19.el9.aarch64
DEBUG util.py:461:  gcc-toolset-12-binutils-gold-2.38-19.el9.aarch64
DEBUG util.py:461:  libcbor-0.7.0-5.el9.aarch64
DEBUG util.py:461:  libfido2-1.13.0-2.el9.aarch64
DEBUG util.py:461:  openssh-clients-8.7p1-45.el9.rocky.0.1.aarch64
DEBUG util.py:461:  git-core-2.47.3-1.el9_6.aarch64
DEBUG util.py:461:  git-core-doc-2.47.3-1.el9_6.noarch
DEBUG util.py:461:  perl-Git-2.47.3-1.el9_6.noarch
DEBUG util.py:461:  git-2.47.3-1.el9_6.aarch64
DEBUG util.py:461:  efivar-libs-38-3.el9.aarch64
DEBUG util.py:461:  pesign-115-6.el9_1.rocky.2.aarch64
DEBUG util.py:461:  elfutils-libelf-devel-0.192-6.el9_6.aarch64
DEBUG util.py:461:  openssl-devel-3.2.2-6.el9_5.1.aarch64
DEBUG util.py:461:  dos2unix-7.4.2-4.el9.aarch64
DEBUG util.py:608:  Child return code was: 0
DEBUG util.py:183:  kill orphans in chroot /var/lib/mock/rocky-9-aarch64_ciqshim/root
DEBUG util.py:183:  kill orphans in chroot /var/lib/mock/rocky-9-aarch64_ciqshim-bootstrap/root/var/lib/mock/rocky-9-aarch64_ciqshim/root
DEBUG util.py:634:  child environment: None
DEBUG util.py:556:  Executing command: ['/bin/umount', '-n', '-l', '/var/lib/mock/rocky-9-aarch64_ciqshim-bootstrap/root/var/lib/mock/rocky-9-aarch64_ciqshim/root'] with env {'TERM': 'vt100', 'SHELL': '/bin/sh', 'HOME': '/builddir', 'HOSTNAME': 'mock', 'PATH': '/usr/bin:/bin:/usr/sbin:/sbin', 'LANG': 'C.UTF-8'} and shell False
DEBUG util.py:608:  Child return code was: 0
DEBUG util.py:634:  child environment: None
DEBUG util.py:556:  Executing command: ['/bin/umount', '-n', '-l', '/var/lib/mock/rocky-9-aarch64_ciqshim-bootstrap/root/var/lib/mock/rocky-9-aarch64_ciqshim/root'] with env {'TERM': 'vt100', 'SHELL': '/bin/sh', 'HOME': '/builddir', 'HOSTNAME': 'mock', 'PATH': '/usr/bin:/bin:/usr/sbin:/sbin', 'LANG': 'C.UTF-8'} and shell False
DEBUG util.py:608:  Child return code was: 0
DEBUG file_util.py:18:  ensuring that dir exists: /var/lib/mock/rocky-9-aarch64_ciqshim-bootstrap/root/var/lib/mock/rocky-9-aarch64_ciqshim/root
DEBUG util.py:634:  child environment: None
DEBUG util.py:556:  Executing command: ['/bin/mount', '-n', '-t', 'tmpfs', '-o', 'private,mode=0755', 'tmpfs', '/var/lib/mock/rocky-9-aarch64_ciqshim-bootstrap/root/var/lib/mock/rocky-9-aarch64_ciqshim/root'] with env {'TERM': 'vt100', 'SHELL': '/bin/sh', 'HOME': '/builddir', 'HOSTNAME': 'mock', 'PATH': '/usr/bin:/bin:/usr/sbin:/sbin', 'LANG': 'C.UTF-8'} and shell False
DEBUG util.py:608:  Child return code was: 0
DEBUG file_util.py:18:  ensuring that dir exists: /var/lib/mock/rocky-9-aarch64_ciqshim-bootstrap/root/var/lib/mock/rocky-9-aarch64_ciqshim/root
DEBUG util.py:634:  child environment: None
DEBUG util.py:556:  Executing command: ['/bin/mount', '-n', '-o', 'rbind', '/var/lib/mock/rocky-9-aarch64_ciqshim/root', '/var/lib/mock/rocky-9-aarch64_ciqshim-bootstrap/root/var/lib/mock/rocky-9-aarch64_ciqshim/root'] with env {'TERM': 'vt100', 'SHELL': '/bin/sh', 'HOME': '/builddir', 'HOSTNAME': 'mock', 'PATH': '/usr/bin:/bin:/usr/sbin:/sbin', 'LANG': 'C.UTF-8'} and shell False
DEBUG util.py:608:  Child return code was: 0
DEBUG util.py:634:  child environment: None
DEBUG util.py:556:  Executing command: ['/bin/mount', '-n', '-o', 'remount,private,rbind', '--target', '/var/lib/mock/rocky-9-aarch64_ciqshim-bootstrap/root/var/lib/mock/rocky-9-aarch64_ciqshim/root'] with env {'TERM': 'vt100', 'SHELL': '/bin/sh', 'HOME': '/builddir', 'HOSTNAME': 'mock', 'PATH': '/usr/bin:/bin:/usr/sbin:/sbin', 'LANG': 'C.UTF-8'} and shell False
DEBUG util.py:608:  Child return code was: 0
DEBUG util.py:634:  child environment: None
DEBUG util.py:551:  Using nspawn with args ['--capability=cap_ipc_lock', '--bind=/tmp/mock-resolv.cs_olotw:/etc/resolv.conf']
DEBUG util.py:556:  Executing command: ['/usr/bin/systemd-nspawn', '-q', '-M', '4f00075b2c9e4c6a8dd32b9ef4f1119b', '-D', '/var/lib/mock/rocky-9-aarch64_ciqshim-bootstrap/root', '-a', '--capability=cap_ipc_lock', '--bind=/tmp/mock-resolv.cs_olotw:/etc/resolv.conf', '--console=pipe', '--setenv=TERM=vt100', '--setenv=SHELL=/bin/bash', '--setenv=HOME=/builddir', '--setenv=HOSTNAME=mock', '--setenv=PATH=/usr/bin:/bin:/usr/sbin:/sbin', '--setenv=PROMPT_COMMAND=printf "\\033]0;<mock-chroot>\\007"', '--setenv=PS1=<mock-chroot> \\s-\\v\\$ ', '--setenv=LANG=C.UTF-8', '--resolv-conf=off', '/bin/rpm', '-qa', '--root', '/var/lib/mock/rocky-9-aarch64_ciqshim/root'] with env {'TERM': 'vt100', 'SHELL': '/bin/bash', 'HOME': '/builddir', 'HOSTNAME': 'mock', 'PATH': '/usr/bin:/bin:/usr/sbin:/sbin', 'PROMPT_COMMAND': 'printf "\\033]0;<mock-chroot>\\007"', 'PS1': '<mock-chroot> \\s-\\v\\$ ', 'LANG': 'C.UTF-8', 'SYSTEMD_NSPAWN_TMPFS_TMP': '0', 'SYSTEMD_SECCOMP': '0'} and shell False
DEBUG util.py:461:  gpg-pubkey-350d275d-6279464b
DEBUG util.py:461:  libgcc-11.5.0-5.el9_5.aarch64
DEBUG util.py:461:  rust-srpm-macros-17-4.el9.noarch
DEBUG util.py:461:  qt5-srpm-macros-5.15.9-1.el9.noarch
DEBUG util.py:461:  perl-srpm-macros-1-41.el9.noarch
DEBUG util.py:461:  openblas-srpm-macros-2-11.el9.noarch
DEBUG util.py:461:  ocaml-srpm-macros-6-6.el9.noarch
DEBUG util.py:461:  kernel-headers-5.14.0-570.58.1.el9_6.aarch64
DEBUG util.py:461:  ghc-srpm-macros-1.5.0-6.el9.noarch
DEBUG util.py:461:  tzdata-2025b-1.el9.noarch
DEBUG util.py:461:  rocky-gpg-keys-9.6-1.3.el9.noarch
DEBUG util.py:461:  rocky-release-9.6-1.3.el9.noarch
DEBUG util.py:461:  rocky-repos-9.6-1.3.el9.noarch
DEBUG util.py:461:  setup-2.13.7-10.el9.noarch
DEBUG util.py:461:  filesystem-3.16-5.el9.aarch64
DEBUG util.py:461:  basesystem-11-13.el9.0.1.noarch
DEBUG util.py:461:  publicsuffix-list-dafsa-20210518-3.el9.noarch
DEBUG util.py:461:  pkgconf-m4-1.7.3-10.el9.noarch
DEBUG util.py:461:  pcre2-syntax-10.40-6.el9.noarch
DEBUG util.py:461:  ncurses-base-6.2-10.20210508.el9_6.2.noarch
DEBUG util.py:461:  glibc-gconv-extra-2.34-168.el9_6.24.aarch64
DEBUG util.py:461:  glibc-minimal-langpack-2.34-168.el9_6.24.aarch64
DEBUG util.py:461:  glibc-common-2.34-168.el9_6.24.aarch64
DEBUG util.py:461:  glibc-2.34-168.el9_6.24.aarch64
DEBUG util.py:461:  ncurses-libs-6.2-10.20210508.el9_6.2.aarch64
DEBUG util.py:461:  bash-5.1.8-9.el9.aarch64
DEBUG util.py:461:  zlib-1.2.11-40.el9.aarch64
DEBUG util.py:461:  libstdc++-11.5.0-5.el9_5.aarch64
DEBUG util.py:461:  libzstd-1.5.5-1.el9.aarch64
DEBUG util.py:461:  xz-libs-5.2.5-8.el9_0.aarch64
DEBUG util.py:461:  bzip2-libs-1.0.8-10.el9_5.aarch64
DEBUG util.py:461:  gmp-6.2.0-13.el9.aarch64
DEBUG util.py:461:  elfutils-libelf-0.192-6.el9_6.aarch64
DEBUG util.py:461:  libxcrypt-4.4.18-3.el9.aarch64
DEBUG util.py:461:  mpfr-4.1.0-7.el9.aarch64
DEBUG util.py:461:  libuuid-2.37.4-21.el9.aarch64
DEBUG util.py:461:  libattr-2.5.1-3.el9.aarch64
DEBUG util.py:461:  libacl-2.3.1-4.el9.aarch64
DEBUG util.py:461:  libcap-2.48-9.el9_2.aarch64
DEBUG util.py:461:  popt-1.18-8.el9.aarch64
DEBUG util.py:461:  libmpc-1.2.1-4.el9.aarch64
DEBUG util.py:461:  crypto-policies-20250128-1.git5269e22.el9.noarch
DEBUG util.py:461:  readline-8.1-4.el9.aarch64
DEBUG util.py:461:  libcom_err-1.46.5-7.el9.aarch64
DEBUG util.py:461:  lz4-libs-1.9.3-5.el9.aarch64
DEBUG util.py:461:  dwz-0.14-3.el9.aarch64
DEBUG util.py:461:  unzip-6.0-58.el9_5.aarch64
DEBUG util.py:461:  libxml2-2.9.13-12.el9_6.aarch64
DEBUG util.py:461:  file-libs-5.39-16.el9.aarch64
DEBUG util.py:461:  file-5.39-16.el9.aarch64
DEBUG util.py:461:  sqlite-libs-3.34.1-8.el9_6.aarch64
DEBUG util.py:461:  alternatives-1.24-2.el9.aarch64
DEBUG util.py:461:  libcap-ng-0.8.2-7.el9.aarch64
DEBUG util.py:461:  audit-libs-3.1.5-4.el9.aarch64
DEBUG util.py:461:  libffi-3.4.2-8.el9.aarch64
DEBUG util.py:461:  libgomp-11.5.0-5.el9_5.aarch64
DEBUG util.py:461:  libsepol-3.6-2.el9.aarch64
DEBUG util.py:461:  libsigsegv-2.13-4.el9.aarch64
DEBUG util.py:461:  gawk-5.1.0-6.el9.aarch64
DEBUG util.py:461:  libsmartcols-2.37.4-21.el9.aarch64
DEBUG util.py:461:  libtasn1-4.16.0-9.el9.aarch64
DEBUG util.py:461:  p11-kit-0.25.3-3.el9_5.aarch64
DEBUG util.py:461:  libunistring-0.9.10-15.el9.aarch64
DEBUG util.py:461:  libidn2-2.3.0-7.el9.aarch64
DEBUG util.py:461:  lua-libs-5.4.4-4.el9.aarch64
DEBUG util.py:461:  libpsl-0.21.1-5.el9.aarch64
DEBUG util.py:461:  p11-kit-trust-0.25.3-3.el9_5.aarch64
DEBUG util.py:461:  zip-3.0-35.el9.aarch64
DEBUG util.py:461:  zstd-1.5.5-1.el9.aarch64
DEBUG util.py:461:  cpp-11.5.0-5.el9_5.aarch64
DEBUG util.py:461:  bzip2-1.0.8-10.el9_5.aarch64
DEBUG util.py:461:  groff-base-1.22.4-10.el9.aarch64
DEBUG util.py:461:  libasan-11.5.0-5.el9_5.aarch64
DEBUG util.py:461:  libstdc++-devel-11.5.0-5.el9_5.aarch64
DEBUG util.py:461:  libubsan-11.5.0-5.el9_5.aarch64
DEBUG util.py:461:  info-6.7-15.el9.aarch64
DEBUG util.py:461:  ed-1.14.2-12.el9.aarch64
DEBUG util.py:461:  elfutils-default-yama-scope-0.192-6.el9_6.noarch
DEBUG util.py:461:  elfutils-libs-0.192-6.el9_6.aarch64
DEBUG util.py:461:  libedit-3.1-38.20210216cvs.el9.aarch64
DEBUG util.py:461:  llvm-libs-19.1.7-1.el9.aarch64
DEBUG util.py:461:  ncurses-6.2-10.20210508.el9_6.2.aarch64
DEBUG util.py:461:  cpio-2.13-16.el9.aarch64
DEBUG util.py:461:  diffutils-3.7-12.el9.aarch64
DEBUG util.py:461:  gdbm-libs-1.23-1.el9.aarch64
DEBUG util.py:461:  json-c-0.14-11.el9.aarch64
DEBUG util.py:461:  keyutils-libs-1.6.3-1.el9.aarch64
DEBUG util.py:461:  libatomic-11.5.0-5.el9_5.aarch64
DEBUG util.py:461:  libbrotli-1.0.9-7.el9_5.aarch64
DEBUG util.py:461:  libdb-5.3.28-57.el9_6.aarch64
DEBUG util.py:461:  libeconf-0.4.1-4.el9.aarch64
DEBUG util.py:461:  libgpg-error-1.42-5.el9.aarch64
DEBUG util.py:461:  libgcrypt-1.10.0-11.el9.aarch64
DEBUG util.py:461:  libnghttp2-1.43.0-6.el9.aarch64
DEBUG util.py:461:  libpkgconf-1.7.3-10.el9.aarch64
DEBUG util.py:461:  pkgconf-1.7.3-10.el9.aarch64
DEBUG util.py:461:  pkgconf-pkg-config-1.7.3-10.el9.aarch64
DEBUG util.py:461:  libxcrypt-devel-4.4.18-3.el9.aarch64
DEBUG util.py:461:  glibc-devel-2.34-168.el9_6.24.aarch64
DEBUG util.py:461:  libtool-ltdl-2.4.6-46.el9.aarch64
DEBUG util.py:461:  libverto-0.3.2-3.el9.aarch64
DEBUG util.py:461:  make-4.3-8.el9.aarch64
DEBUG util.py:461:  pcre-8.44-4.el9.aarch64
DEBUG util.py:461:  grep-3.6-5.el9.aarch64
DEBUG util.py:461:  xz-5.2.5-8.el9_0.aarch64
DEBUG util.py:461:  pcre2-10.40-6.el9.aarch64
DEBUG util.py:461:  libselinux-3.6-3.el9.aarch64
DEBUG util.py:461:  sed-4.8-9.el9.aarch64
DEBUG util.py:461:  findutils-4.8.0-7.el9.aarch64
DEBUG util.py:461:  libsemanage-3.6-5.el9_6.aarch64
DEBUG util.py:461:  shadow-utils-4.9-12.el9.aarch64
DEBUG util.py:461:  libutempter-1.2.1-6.el9.aarch64
DEBUG util.py:461:  tar-1.34-7.el9.aarch64
DEBUG util.py:461:  patch-2.7.6-16.el9.aarch64
DEBUG util.py:461:  libssh-config-0.10.4-15.el9_6.noarch
DEBUG util.py:461:  coreutils-common-8.32-39.el9.aarch64
DEBUG util.py:461:  openssl-libs-3.2.2-6.el9_5.1.aarch64
DEBUG util.py:461:  coreutils-8.32-39.el9.aarch64
DEBUG util.py:461:  ca-certificates-2024.2.69_v8.0.303-91.4.el9_4.noarch
DEBUG util.py:461:  libblkid-2.37.4-21.el9.aarch64
DEBUG util.py:461:  krb5-libs-1.21.1-8.el9_6.aarch64
DEBUG util.py:461:  libmount-2.37.4-21.el9.aarch64
DEBUG util.py:461:  gzip-1.12-1.el9.aarch64
DEBUG util.py:461:  cracklib-2.9.6-27.el9.aarch64
DEBUG util.py:461:  systemd-libs-252-51.el9_6.3.rocky.0.1.aarch64
DEBUG util.py:461:  libarchive-3.5.3-6.el9_6.aarch64
DEBUG util.py:461:  util-linux-core-2.37.4-21.el9.aarch64
DEBUG util.py:461:  cracklib-dicts-2.9.6-27.el9.aarch64
DEBUG util.py:461:  cyrus-sasl-lib-2.1.27-21.el9.aarch64
DEBUG util.py:461:  libssh-0.10.4-15.el9_6.aarch64
DEBUG util.py:461:  libfdisk-2.37.4-21.el9.aarch64
DEBUG util.py:461:  perl-Digest-1.19-4.el9.noarch
DEBUG util.py:461:  perl-Digest-MD5-2.58-4.el9.aarch64
DEBUG util.py:461:  perl-B-1.80-481.1.el9_6.aarch64
DEBUG util.py:461:  perl-FileHandle-2.03-481.1.el9_6.noarch
DEBUG util.py:461:  perl-Data-Dumper-2.174-462.el9.aarch64
DEBUG util.py:461:  perl-libnet-3.13-4.el9.noarch
DEBUG util.py:461:  perl-AutoLoader-5.74-481.1.el9_6.noarch
DEBUG util.py:461:  perl-base-2.27-481.1.el9_6.noarch
DEBUG util.py:461:  perl-URI-5.09-3.el9.noarch
DEBUG util.py:461:  perl-if-0.60.800-481.1.el9_6.noarch
DEBUG util.py:461:  perl-IO-Socket-IP-0.41-5.el9.noarch
DEBUG util.py:461:  perl-Time-Local-1.300-7.el9.noarch
DEBUG util.py:461:  perl-File-Path-2.18-4.el9.noarch
DEBUG util.py:461:  perl-IO-Socket-SSL-2.073-2.el9.noarch
DEBUG util.py:461:  perl-Net-SSLeay-1.94-1.el9.aarch64
DEBUG util.py:461:  perl-Pod-Escapes-1.07-460.el9.noarch
DEBUG util.py:461:  perl-Text-Tabs+Wrap-2013.0523-460.el9.noarch
DEBUG util.py:461:  perl-Mozilla-CA-20200520-6.el9.noarch
DEBUG util.py:461:  perl-Class-Struct-0.66-481.1.el9_6.noarch
DEBUG util.py:461:  perl-POSIX-1.94-481.1.el9_6.aarch64
DEBUG util.py:461:  perl-Term-ANSIColor-5.01-461.el9.noarch
DEBUG util.py:461:  perl-IPC-Open3-1.21-481.1.el9_6.noarch
DEBUG util.py:461:  perl-subs-1.03-481.1.el9_6.noarch
DEBUG util.py:461:  perl-File-Temp-0.231.100-4.el9.noarch
DEBUG util.py:461:  perl-Term-Cap-1.17-460.el9.noarch
DEBUG util.py:461:  perl-Pod-Simple-3.42-4.el9.noarch
DEBUG util.py:461:  perl-HTTP-Tiny-0.076-462.el9.noarch
DEBUG util.py:461:  perl-Socket-2.031-4.el9.aarch64
DEBUG util.py:461:  perl-SelectSaver-1.02-481.1.el9_6.noarch
DEBUG util.py:461:  perl-Symbol-1.08-481.1.el9_6.noarch
DEBUG util.py:461:  perl-File-stat-1.09-481.1.el9_6.noarch
DEBUG util.py:461:  perl-podlators-4.14-460.el9.noarch
DEBUG util.py:461:  perl-Pod-Perldoc-3.28.01-461.el9.noarch
DEBUG util.py:461:  perl-Fcntl-1.13-481.1.el9_6.aarch64
DEBUG util.py:461:  perl-Text-ParseWords-3.30-460.el9.noarch
DEBUG util.py:461:  perl-mro-1.23-481.1.el9_6.aarch64
DEBUG util.py:461:  perl-IO-1.43-481.1.el9_6.aarch64
DEBUG util.py:461:  perl-overloading-0.02-481.1.el9_6.noarch
DEBUG util.py:461:  perl-Pod-Usage-2.01-4.el9.noarch
DEBUG util.py:461:  perl-Errno-1.30-481.1.el9_6.aarch64
DEBUG util.py:461:  perl-File-Basename-2.85-481.1.el9_6.noarch
DEBUG util.py:461:  perl-Getopt-Std-1.12-481.1.el9_6.noarch
DEBUG util.py:461:  perl-MIME-Base64-3.16-4.el9.aarch64
DEBUG util.py:461:  perl-Scalar-List-Utils-1.56-462.el9.aarch64
DEBUG util.py:461:  perl-constant-1.33-461.el9.noarch
DEBUG util.py:461:  perl-Storable-3.21-460.el9.aarch64
DEBUG util.py:461:  perl-overload-1.31-481.1.el9_6.noarch
DEBUG util.py:461:  perl-parent-0.238-460.el9.noarch
DEBUG util.py:461:  perl-vars-1.05-481.1.el9_6.noarch
DEBUG util.py:461:  perl-Getopt-Long-2.52-4.el9.noarch
DEBUG util.py:461:  perl-Carp-1.50-460.el9.noarch
DEBUG util.py:461:  perl-Exporter-5.74-461.el9.noarch
DEBUG util.py:461:  perl-PathTools-3.78-461.el9.aarch64
DEBUG util.py:461:  perl-Encode-3.08-462.el9.aarch64
DEBUG util.py:461:  perl-libs-5.32.1-481.1.el9_6.aarch64
DEBUG util.py:461:  perl-interpreter-5.32.1-481.1.el9_6.aarch64
DEBUG util.py:461:  kernel-srpm-macros-1.0-13.el9.noarch
DEBUG util.py:461:  openssl-3.2.2-6.el9_5.1.aarch64
DEBUG util.py:461:  libpwquality-1.4.4-8.el9.aarch64
DEBUG util.py:461:  pam-1.5.1-26.el9_6.aarch64
DEBUG util.py:461:  libevent-2.1.12-8.el9_4.aarch64
DEBUG util.py:461:  openldap-2.6.8-4.el9.0.1.aarch64
DEBUG util.py:461:  libcurl-7.76.1-31.el9_6.1.aarch64
DEBUG util.py:461:  elfutils-debuginfod-client-0.192-6.el9_6.aarch64
DEBUG util.py:461:  binutils-gold-2.35.2-63.el9.aarch64
DEBUG util.py:461:  binutils-2.35.2-63.el9.aarch64
DEBUG util.py:461:  gcc-11.5.0-5.el9_5.aarch64
DEBUG util.py:461:  elfutils-0.192-6.el9_6.aarch64
DEBUG util.py:461:  gdb-minimal-14.2-4.1.el9_6.aarch64
DEBUG util.py:461:  debugedit-5.0-5.el9.aarch64
DEBUG util.py:461:  annobin-12.92-1.el9.aarch64
DEBUG util.py:461:  gcc-plugin-annobin-11.5.0-5.el9_5.aarch64
DEBUG util.py:461:  curl-7.76.1-31.el9_6.1.aarch64
DEBUG util.py:461:  rpm-4.16.1.3-37.el9.aarch64
DEBUG util.py:461:  rpm-libs-4.16.1.3-37.el9.aarch64
DEBUG util.py:461:  rpm-build-libs-4.16.1.3-37.el9.aarch64
DEBUG util.py:461:  efi-srpm-macros-6-2.el9_0.noarch
DEBUG util.py:461:  lua-srpm-macros-1-6.el9.noarch
DEBUG util.py:461:  fonts-srpm-macros-2.0.5-7.el9.1.noarch
DEBUG util.py:461:  go-srpm-macros-3.6.0-10.el9_6.noarch
DEBUG util.py:461:  python-srpm-macros-3.9-54.el9.noarch
DEBUG util.py:461:  pyproject-srpm-macros-1.16.2-1.el9.noarch
DEBUG util.py:461:  redhat-rpm-config-209-1.el9.noarch
DEBUG util.py:461:  rpm-build-4.16.1.3-37.el9.aarch64
DEBUG util.py:461:  gcc-c++-11.5.0-5.el9_5.aarch64
DEBUG util.py:461:  util-linux-2.37.4-21.el9.aarch64
DEBUG util.py:461:  which-2.21-30.el9_6.aarch64
DEBUG util.py:461:  nspr-4.36.0-4.el9_4.aarch64
DEBUG util.py:461:  nss-util-3.112.0-4.el9_4.aarch64
DEBUG util.py:461:  less-590-5.el9.aarch64
DEBUG util.py:461:  expat-2.5.0-5.el9_6.aarch64
DEBUG util.py:461:  nss-softokn-freebl-3.112.0-4.el9_4.aarch64
DEBUG util.py:461:  nss-softokn-3.112.0-4.el9_4.aarch64
DEBUG util.py:461:  zlib-devel-1.2.11-40.el9.aarch64
DEBUG util.py:461:  perl-lib-0.65-481.1.el9_6.aarch64
DEBUG util.py:461:  perl-File-Find-1.37-481.1.el9_6.noarch
DEBUG util.py:461:  perl-Error-0.17029-7.el9.noarch
DEBUG util.py:461:  perl-DynaLoader-1.47-481.1.el9_6.aarch64
DEBUG util.py:461:  perl-TermReadKey-2.38-11.el9.aarch64
DEBUG util.py:461:  libzstd-devel-1.5.5-1.el9.aarch64
DEBUG util.py:461:  emacs-filesystem-27.2-14.el9_6.2.noarch
DEBUG util.py:461:  checkpolicy-3.6-1.el9.aarch64
DEBUG util.py:461:  vim-filesystem-8.2.2637-22.el9_6.1.noarch
DEBUG util.py:461:  tcl-8.6.10-7.el9.aarch64
DEBUG util.py:461:  python3-setuptools-wheel-53.0.0-13.el9_6.1.noarch
DEBUG util.py:461:  python3-pip-wheel-21.3.1-1.el9.noarch
DEBUG util.py:461:  python3-3.9.21-2.el9_6.2.aarch64
DEBUG util.py:461:  python3-libs-3.9.21-2.el9_6.2.aarch64
DEBUG util.py:461:  python3-setuptools-53.0.0-13.el9_6.1.noarch
DEBUG util.py:461:  python3-libselinux-3.6-3.el9.aarch64
DEBUG util.py:461:  python3-libsemanage-3.6-5.el9_6.aarch64
DEBUG util.py:461:  python3-setools-4.4.4-1.el9.aarch64
DEBUG util.py:461:  python3-distro-1.5.0-7.el9.noarch
DEBUG util.py:461:  crypto-policies-scripts-20250128-1.git5269e22.el9.noarch
DEBUG util.py:461:  nss-sysinit-3.112.0-4.el9_4.aarch64
DEBUG util.py:461:  nss-3.112.0-4.el9_4.aarch64
DEBUG util.py:461:  nss-tools-3.112.0-4.el9_4.aarch64
DEBUG util.py:461:  python3-audit-3.1.5-4.el9.aarch64
DEBUG util.py:461:  procps-ng-3.3.17-14.el9.aarch64
DEBUG util.py:461:  openssh-8.7p1-45.el9.rocky.0.1.aarch64
DEBUG util.py:461:  libselinux-utils-3.6-3.el9.aarch64
DEBUG util.py:461:  policycoreutils-3.6-2.1.el9.aarch64
DEBUG util.py:461:  python3-policycoreutils-3.6-2.1.el9.noarch
DEBUG util.py:461:  policycoreutils-python-utils-3.6-2.1.el9.noarch
DEBUG util.py:461:  libpipeline-1.5.3-4.el9.aarch64
DEBUG util.py:461:  man-db-2.9.3-7.el9.aarch64
DEBUG util.py:461:  environment-modules-5.3.0-1.el9.aarch64
DEBUG util.py:461:  scl-utils-2.0.3-4.el9.aarch64
DEBUG util.py:461:  gcc-toolset-12-runtime-12.0-6.el9.aarch64
DEBUG util.py:461:  gcc-toolset-12-binutils-2.38-19.el9.aarch64
DEBUG util.py:461:  gcc-toolset-12-binutils-gold-2.38-19.el9.aarch64
DEBUG util.py:461:  libcbor-0.7.0-5.el9.aarch64
DEBUG util.py:461:  libfido2-1.13.0-2.el9.aarch64
DEBUG util.py:461:  openssh-clients-8.7p1-45.el9.rocky.0.1.aarch64
DEBUG util.py:461:  git-core-2.47.3-1.el9_6.aarch64
DEBUG util.py:461:  git-core-doc-2.47.3-1.el9_6.noarch
DEBUG util.py:461:  perl-Git-2.47.3-1.el9_6.noarch
DEBUG util.py:461:  git-2.47.3-1.el9_6.aarch64
DEBUG util.py:461:  efivar-libs-38-3.el9.aarch64
DEBUG util.py:461:  pesign-115-6.el9_1.rocky.2.aarch64
DEBUG util.py:461:  elfutils-libelf-devel-0.192-6.el9_6.aarch64
DEBUG util.py:461:  openssl-devel-3.2.2-6.el9_5.1.aarch64
DEBUG util.py:461:  dos2unix-7.4.2-4.el9.aarch64
DEBUG util.py:608:  Child return code was: 0
DEBUG util.py:183:  kill orphans in chroot /var/lib/mock/rocky-9-aarch64_ciqshim/root
DEBUG util.py:183:  kill orphans in chroot /var/lib/mock/rocky-9-aarch64_ciqshim-bootstrap/root/var/lib/mock/rocky-9-aarch64_ciqshim/root
DEBUG util.py:634:  child environment: None
DEBUG util.py:556:  Executing command: ['/bin/umount', '-n', '-l', '/var/lib/mock/rocky-9-aarch64_ciqshim-bootstrap/root/var/lib/mock/rocky-9-aarch64_ciqshim/root'] with env {'TERM': 'vt100', 'SHELL': '/bin/sh', 'HOME': '/builddir', 'HOSTNAME': 'mock', 'PATH': '/usr/bin:/bin:/usr/sbin:/sbin', 'LANG': 'C.UTF-8'} and shell False
DEBUG util.py:608:  Child return code was: 0
DEBUG util.py:634:  child environment: None
DEBUG util.py:556:  Executing command: ['/bin/umount', '-n', '-l', '/var/lib/mock/rocky-9-aarch64_ciqshim-bootstrap/root/var/lib/mock/rocky-9-aarch64_ciqshim/root'] with env {'TERM': 'vt100', 'SHELL': '/bin/sh', 'HOME': '/builddir', 'HOSTNAME': 'mock', 'PATH': '/usr/bin:/bin:/usr/sbin:/sbin', 'LANG': 'C.UTF-8'} and shell False
DEBUG util.py:608:  Child return code was: 0
INFO buildroot.py:436:  ENTER ['do_with_status'](['bash', '--login', '-c', '/usr/bin/rpmbuild -bs --noclean --target aarch64 --nodeps /builddir/build/SPECS/shim-unsigned-aarch64.spec'], chrootPath='/var/lib/mock/rocky-9-aarch64_ciqshim/root'env={'TERM': 'vt100', 'SHELL': '/bin/bash', 'HOME': '/builddir', 'HOSTNAME': 'mock', 'PATH': '/usr/bin:/bin:/usr/sbin:/sbin', 'PROMPT_COMMAND': 'printf "\\033]0;<mock-chroot>\\007"', 'PS1': '<mock-chroot> \\s-\\v\\$ ', 'LANG': 'C.UTF-8'}shell=Falselogger=<mockbuild.trace_decorator.getLog object at 0xffff72c3d450>timeout=0uid=1000gid=135user='mockbuild'unshare_net=TrueprintOutput=Truenspawn_args=['--capability=cap_ipc_lock', '--bind=/tmp/mock-resolv._u1wk_t1:/etc/resolv.conf', '--bind=/dev/btrfs-control', '--bind=/dev/mapper/control', '--bind=/dev/fuse', '--bind=/dev/loop-control', '--bind=/dev/loop0', '--bind=/dev/loop1', '--bind=/dev/loop2', '--bind=/dev/loop3', '--bind=/dev/loop4', '--bind=/dev/loop5', '--bind=/dev/loop6', '--bind=/dev/loop7', '--bind=/dev/loop8', '--bind=/dev/loop9', '--bind=/dev/loop10', '--bind=/dev/loop11'])
DEBUG util.py:634:  child environment: None
DEBUG util.py:551:  Using nspawn with args ['--capability=cap_ipc_lock', '--bind=/tmp/mock-resolv._u1wk_t1:/etc/resolv.conf', '--bind=/dev/btrfs-control', '--bind=/dev/mapper/control', '--bind=/dev/fuse', '--bind=/dev/loop-control', '--bind=/dev/loop0', '--bind=/dev/loop1', '--bind=/dev/loop2', '--bind=/dev/loop3', '--bind=/dev/loop4', '--bind=/dev/loop5', '--bind=/dev/loop6', '--bind=/dev/loop7', '--bind=/dev/loop8', '--bind=/dev/loop9', '--bind=/dev/loop10', '--bind=/dev/loop11']
DEBUG util.py:556:  Executing command: ['/usr/bin/systemd-nspawn', '-q', '-M', '7f6194a5b8bc46e485450cdc09ac2260', '-D', '/var/lib/mock/rocky-9-aarch64_ciqshim/root', '-a', '-u', 'mockbuild', '--capability=cap_ipc_lock', '--bind=/tmp/mock-resolv._u1wk_t1:/etc/resolv.conf', '--bind=/dev/btrfs-control', '--bind=/dev/mapper/control', '--bind=/dev/fuse', '--bind=/dev/loop-control', '--bind=/dev/loop0', '--bind=/dev/loop1', '--bind=/dev/loop2', '--bind=/dev/loop3', '--bind=/dev/loop4', '--bind=/dev/loop5', '--bind=/dev/loop6', '--bind=/dev/loop7', '--bind=/dev/loop8', '--bind=/dev/loop9', '--bind=/dev/loop10', '--bind=/dev/loop11', '--console=pipe', '--setenv=TERM=vt100', '--setenv=SHELL=/bin/bash', '--setenv=HOME=/builddir', '--setenv=HOSTNAME=mock', '--setenv=PATH=/usr/bin:/bin:/usr/sbin:/sbin', '--setenv=PROMPT_COMMAND=printf "\\033]0;<mock-chroot>\\007"', '--setenv=PS1=<mock-chroot> \\s-\\v\\$ ', '--setenv=LANG=C.UTF-8', '--resolv-conf=off', 'bash', '--login', '-c', '/usr/bin/rpmbuild -bs --noclean --target aarch64 --nodeps /builddir/build/SPECS/shim-unsigned-aarch64.spec'] with env {'TERM': 'vt100', 'SHELL': '/bin/bash', 'HOME': '/builddir', 'HOSTNAME': 'mock', 'PATH': '/usr/bin:/bin:/usr/sbin:/sbin', 'PROMPT_COMMAND': 'printf "\\033]0;<mock-chroot>\\007"', 'PS1': '<mock-chroot> \\s-\\v\\$ ', 'LANG': 'C.UTF-8', 'SYSTEMD_NSPAWN_TMPFS_TMP': '0', 'SYSTEMD_SECCOMP': '0'} and shell False
DEBUG util.py:461:  Building target platforms: aarch64
DEBUG util.py:461:  Building for target aarch64
DEBUG util.py:461:  setting SOURCE_DATE_EPOCH=1770768000
DEBUG util.py:461:  Wrote: /builddir/build/SRPMS/shim-unsigned-aarch64-16.1-0.el9.src.rpm
DEBUG util.py:608:  Child return code was: 0
DEBUG file_util.py:18:  ensuring that dir exists: /var/lib/mock/rocky-9-aarch64_ciqshim/root/proc
DEBUG util.py:634:  child environment: None
DEBUG util.py:556:  Executing command: ['/bin/mount', '-n', '-t', 'tmpfs', '-o', 'rprivate,mode=0755', 'tmpfs', '/var/lib/mock/rocky-9-aarch64_ciqshim/root/proc'] with env {'TERM': 'vt100', 'SHELL': '/bin/sh', 'HOME': '/builddir', 'HOSTNAME': 'mock', 'PATH': '/usr/bin:/bin:/usr/sbin:/sbin', 'LANG': 'C.UTF-8'} and shell False
DEBUG util.py:608:  Child return code was: 0
DEBUG file_util.py:18:  ensuring that dir exists: /var/lib/mock/rocky-9-aarch64_ciqshim/root/proc
DEBUG util.py:634:  child environment: None
DEBUG util.py:556:  Executing command: ['/bin/mount', '-n', '-o', 'rbind', '/proc', '/var/lib/mock/rocky-9-aarch64_ciqshim/root/proc'] with env {'TERM': 'vt100', 'SHELL': '/bin/sh', 'HOME': '/builddir', 'HOSTNAME': 'mock', 'PATH': '/usr/bin:/bin:/usr/sbin:/sbin', 'LANG': 'C.UTF-8'} and shell False
DEBUG util.py:608:  Child return code was: 0
DEBUG util.py:634:  child environment: None
DEBUG util.py:556:  Executing command: ['/bin/mount', '-n', '-o', 'remount,nodev,noexec,nosuid,readonly,rprivate,rbind', '--target', '/var/lib/mock/rocky-9-aarch64_ciqshim/root/proc'] with env {'TERM': 'vt100', 'SHELL': '/bin/sh', 'HOME': '/builddir', 'HOSTNAME': 'mock', 'PATH': '/usr/bin:/bin:/usr/sbin:/sbin', 'LANG': 'C.UTF-8'} and shell False
DEBUG util.py:608:  Child return code was: 0
DEBUG file_util.py:18:  ensuring that dir exists: /var/lib/mock/rocky-9-aarch64_ciqshim/root/sys
DEBUG util.py:634:  child environment: None
DEBUG util.py:556:  Executing command: ['/bin/mount', '-n', '-t', 'tmpfs', '-o', 'rprivate,mode=0755', 'tmpfs', '/var/lib/mock/rocky-9-aarch64_ciqshim/root/sys'] with env {'TERM': 'vt100', 'SHELL': '/bin/sh', 'HOME': '/builddir', 'HOSTNAME': 'mock', 'PATH': '/usr/bin:/bin:/usr/sbin:/sbin', 'LANG': 'C.UTF-8'} and shell False
DEBUG util.py:608:  Child return code was: 0
DEBUG file_util.py:18:  ensuring that dir exists: /var/lib/mock/rocky-9-aarch64_ciqshim/root/sys
DEBUG util.py:634:  child environment: None
DEBUG util.py:556:  Executing command: ['/bin/mount', '-n', '-o', 'rbind', '/sys', '/var/lib/mock/rocky-9-aarch64_ciqshim/root/sys'] with env {'TERM': 'vt100', 'SHELL': '/bin/sh', 'HOME': '/builddir', 'HOSTNAME': 'mock', 'PATH': '/usr/bin:/bin:/usr/sbin:/sbin', 'LANG': 'C.UTF-8'} and shell False
DEBUG util.py:608:  Child return code was: 0
DEBUG util.py:634:  child environment: None
DEBUG util.py:556:  Executing command: ['/bin/mount', '-n', '-o', 'remount,nodev,noexec,nosuid,readonly,rprivate,rbind', '--target', '/var/lib/mock/rocky-9-aarch64_ciqshim/root/sys'] with env {'TERM': 'vt100', 'SHELL': '/bin/sh', 'HOME': '/builddir', 'HOSTNAME': 'mock', 'PATH': '/usr/bin:/bin:/usr/sbin:/sbin', 'LANG': 'C.UTF-8'} and shell False
DEBUG util.py:608:  Child return code was: 0
DEBUG file_util.py:18:  ensuring that dir exists: /var/lib/mock/rocky-9-aarch64_ciqshim/root/dev/shm
DEBUG util.py:634:  child environment: None
DEBUG util.py:556:  Executing command: ['/bin/mount', '-n', '-t', 'tmpfs', 'tmpfs', '/var/lib/mock/rocky-9-aarch64_ciqshim/root/dev/shm'] with env {'TERM': 'vt100', 'SHELL': '/bin/sh', 'HOME': '/builddir', 'HOSTNAME': 'mock', 'PATH': '/usr/bin:/bin:/usr/sbin:/sbin', 'LANG': 'C.UTF-8'} and shell False
DEBUG util.py:608:  Child return code was: 0
DEBUG file_util.py:18:  ensuring that dir exists: /var/lib/mock/rocky-9-aarch64_ciqshim/root/dev/pts
DEBUG util.py:634:  child environment: None
DEBUG util.py:556:  Executing command: ['/bin/mount', '-n', '-t', 'devpts', '-o', 'gid=5,mode=0620,ptmxmode=0666,newinstance', 'devpts', '/var/lib/mock/rocky-9-aarch64_ciqshim/root/dev/pts'] with env {'TERM': 'vt100', 'SHELL': '/bin/sh', 'HOME': '/builddir', 'HOSTNAME': 'mock', 'PATH': '/usr/bin:/bin:/usr/sbin:/sbin', 'LANG': 'C.UTF-8'} and shell False
DEBUG util.py:608:  Child return code was: 0
DEBUG util.py:634:  child environment: None
DEBUG util.py:556:  Executing command: ['/bin/mount', '-n', '-o', 'bind', '/tmp/mock-selinux-plugin.d_k7rv0f', '/var/lib/mock/rocky-9-aarch64_ciqshim/root/proc/filesystems'] with env {'TERM': 'vt100', 'SHELL': '/bin/sh', 'HOME': '/builddir', 'HOSTNAME': 'mock', 'PATH': '/usr/bin:/bin:/usr/sbin:/sbin', 'LANG': 'C.UTF-8'} and shell False
DEBUG util.py:608:  Child return code was: 0
DEBUG file_util.py:18:  ensuring that dir exists: /var/lib/mock/rocky-9-aarch64_ciqshim/root/sys/fs/selinux
DEBUG util.py:634:  child environment: None
DEBUG util.py:556:  Executing command: ['/bin/mount', '-n', '-t', 'tmpfs', 'tmpfs', '/var/lib/mock/rocky-9-aarch64_ciqshim/root/sys/fs/selinux'] with env {'TERM': 'vt100', 'SHELL': '/bin/sh', 'HOME': '/builddir', 'HOSTNAME': 'mock', 'PATH': '/usr/bin:/bin:/usr/sbin:/sbin', 'LANG': 'C.UTF-8'} and shell False
DEBUG util.py:608:  Child return code was: 0
DEBUG file_util.py:18:  ensuring that dir exists: /var/lib/mock/rocky-9-aarch64_ciqshim-bootstrap/root/var/lib/mock/rocky-9-aarch64_ciqshim/root
DEBUG util.py:634:  child environment: None
DEBUG util.py:556:  Executing command: ['/bin/mount', '-n', '-t', 'tmpfs', '-o', 'private,mode=0755', 'tmpfs', '/var/lib/mock/rocky-9-aarch64_ciqshim-bootstrap/root/var/lib/mock/rocky-9-aarch64_ciqshim/root'] with env {'TERM': 'vt100', 'SHELL': '/bin/sh', 'HOME': '/builddir', 'HOSTNAME': 'mock', 'PATH': '/usr/bin:/bin:/usr/sbin:/sbin', 'LANG': 'C.UTF-8'} and shell False
DEBUG util.py:608:  Child return code was: 0
DEBUG file_util.py:18:  ensuring that dir exists: /var/lib/mock/rocky-9-aarch64_ciqshim-bootstrap/root/var/lib/mock/rocky-9-aarch64_ciqshim/root
DEBUG util.py:634:  child environment: None
DEBUG util.py:556:  Executing command: ['/bin/mount', '-n', '-o', 'rbind', '/var/lib/mock/rocky-9-aarch64_ciqshim/root', '/var/lib/mock/rocky-9-aarch64_ciqshim-bootstrap/root/var/lib/mock/rocky-9-aarch64_ciqshim/root'] with env {'TERM': 'vt100', 'SHELL': '/bin/sh', 'HOME': '/builddir', 'HOSTNAME': 'mock', 'PATH': '/usr/bin:/bin:/usr/sbin:/sbin', 'LANG': 'C.UTF-8'} and shell False
DEBUG util.py:608:  Child return code was: 0
DEBUG util.py:634:  child environment: None
DEBUG util.py:556:  Executing command: ['/bin/mount', '-n', '-o', 'remount,private,rbind', '--target', '/var/lib/mock/rocky-9-aarch64_ciqshim-bootstrap/root/var/lib/mock/rocky-9-aarch64_ciqshim/root'] with env {'TERM': 'vt100', 'SHELL': '/bin/sh', 'HOME': '/builddir', 'HOSTNAME': 'mock', 'PATH': '/usr/bin:/bin:/usr/sbin:/sbin', 'LANG': 'C.UTF-8'} and shell False
DEBUG util.py:608:  Child return code was: 0
DEBUG file_util.py:18:  ensuring that dir exists: /var/lib/mock/rocky-9-aarch64_ciqshim/root/installation-homedir
DEBUG package_manager.py:295:  ['/usr/bin/dnf-3', 'builddep', '--installroot', '/var/lib/mock/rocky-9-aarch64_ciqshim/root/', '--releasever', '9.6', '--setopt=deltarpm=False', '--setopt=allow_vendor_change=yes', '--allowerasing', '--disableplugin=local', '--disableplugin=spacewalk', '--disableplugin=versionlock', '/var/lib/mock/rocky-9-aarch64_ciqshim/root//builddir/build/SRPMS/shim-unsigned-aarch64-16.1-0.el9.src.rpm']
DEBUG util.py:634:  child environment: None
DEBUG util.py:551:  Using nspawn with args ['--capability=cap_ipc_lock', '--bind=/tmp/mock-resolv.cs_olotw:/etc/resolv.conf']
DEBUG util.py:556:  Executing command: ['/usr/bin/systemd-nspawn', '-q', '-M', '15f7b818eb0d45d195d801b3a1964fda', '-D', '/var/lib/mock/rocky-9-aarch64_ciqshim-bootstrap/root', '-a', '--capability=cap_ipc_lock', '--bind=/tmp/mock-resolv.cs_olotw:/etc/resolv.conf', '--console=pipe', '--setenv=TERM=vt100', '--setenv=SHELL=/bin/bash', '--setenv=HOME=/var/lib/mock/rocky-9-aarch64_ciqshim/root/installation-homedir', '--setenv=HOSTNAME=mock', '--setenv=PATH=/usr/bin:/bin:/usr/sbin:/sbin', '--setenv=PROMPT_COMMAND=printf "\\033]0;<mock-chroot>\\007"', '--setenv=PS1=<mock-chroot> \\s-\\v\\$ ', '--setenv=LANG=C.UTF-8', '--setenv=LC_MESSAGES=C.UTF-8', '--resolv-conf=off', '/usr/bin/dnf-3', 'builddep', '--installroot', '/var/lib/mock/rocky-9-aarch64_ciqshim/root/', '--releasever', '9.6', '--setopt=deltarpm=False', '--setopt=allow_vendor_change=yes', '--allowerasing', '--disableplugin=local', '--disableplugin=spacewalk', '--disableplugin=versionlock', '/var/lib/mock/rocky-9-aarch64_ciqshim/root//builddir/build/SRPMS/shim-unsigned-aarch64-16.1-0.el9.src.rpm', '--setopt=tsflags=nocontexts'] with env {'TERM': 'vt100', 'SHELL': '/bin/bash', 'HOME': '/var/lib/mock/rocky-9-aarch64_ciqshim/root/installation-homedir', 'HOSTNAME': 'mock', 'PATH': '/usr/bin:/bin:/usr/sbin:/sbin', 'PROMPT_COMMAND': 'printf "\\033]0;<mock-chroot>\\007"', 'PS1': '<mock-chroot> \\s-\\v\\$ ', 'LANG': 'C.UTF-8', 'LC_MESSAGES': 'C.UTF-8', 'SYSTEMD_NSPAWN_TMPFS_TMP': '0', 'SYSTEMD_SECCOMP': '0'} and shell False
DEBUG util.py:459:  No matches found for the following disable plugin patterns: local, spacewalk, versionlock
DEBUG util.py:461:  Rocky Linux 9.6 - BaseOS                                                                                                                       49 kB/s | 3.9 kB     00:00    
DEBUG util.py:461:  Rocky Linux 9.6 - AppStream                                                                                                                    55 kB/s | 4.4 kB     00:00    
DEBUG util.py:461:  Rocky Linux 9.6 - CodeReadyBuilder                                                                                                             69 kB/s | 4.4 kB     00:00    
DEBUG util.py:461:  Rocky Linux 9.6 - Extras                                                                                                                       41 kB/s | 3.1 kB     00:00    
DEBUG util.py:461:  Rocky Linux 9.6 - Devel (WARNING: UNSUPPORTED - FOR BUILDROOT USE ONLY!)                                                                       45 kB/s | 3.6 kB     00:00    
DEBUG util.py:461:  Package dos2unix-7.4.2-4.el9.aarch64 is already installed.
DEBUG util.py:461:  Package elfutils-libelf-devel-0.192-6.el9_6.aarch64 is already installed.
DEBUG util.py:461:  Package findutils-1:4.8.0-7.el9.aarch64 is already installed.
DEBUG util.py:461:  Package gcc-11.5.0-5.el9_5.aarch64 is already installed.
DEBUG util.py:461:  Package gcc-toolset-12-binutils-2.38-19.el9.aarch64 is already installed.
DEBUG util.py:461:  Package git-2.47.3-1.el9_6.aarch64 is already installed.
DEBUG util.py:461:  Package make-1:4.3-8.el9.aarch64 is already installed.
DEBUG util.py:461:  Package openssl-1:3.2.2-6.el9_5.1.aarch64 is already installed.
DEBUG util.py:461:  Package openssl-devel-1:3.2.2-6.el9_5.1.aarch64 is already installed.
DEBUG util.py:461:  Package pesign-115-6.el9_1.rocky.2.aarch64 is already installed.
DEBUG util.py:461:  Dependencies resolved.
DEBUG util.py:461:  Nothing to do.
DEBUG util.py:461:  Complete!
DEBUG util.py:608:  Child return code was: 0
DEBUG util.py:183:  kill orphans in chroot /var/lib/mock/rocky-9-aarch64_ciqshim/root
DEBUG util.py:183:  kill orphans in chroot /var/lib/mock/rocky-9-aarch64_ciqshim-bootstrap/root/var/lib/mock/rocky-9-aarch64_ciqshim/root
DEBUG util.py:634:  child environment: None
DEBUG util.py:556:  Executing command: ['/bin/umount', '-n', '-l', '/var/lib/mock/rocky-9-aarch64_ciqshim-bootstrap/root/var/lib/mock/rocky-9-aarch64_ciqshim/root'] with env {'TERM': 'vt100', 'SHELL': '/bin/sh', 'HOME': '/builddir', 'HOSTNAME': 'mock', 'PATH': '/usr/bin:/bin:/usr/sbin:/sbin', 'LANG': 'C.UTF-8'} and shell False
DEBUG util.py:608:  Child return code was: 0
DEBUG util.py:634:  child environment: None
DEBUG util.py:556:  Executing command: ['/bin/umount', '-n', '-l', '/var/lib/mock/rocky-9-aarch64_ciqshim-bootstrap/root/var/lib/mock/rocky-9-aarch64_ciqshim/root'] with env {'TERM': 'vt100', 'SHELL': '/bin/sh', 'HOME': '/builddir', 'HOSTNAME': 'mock', 'PATH': '/usr/bin:/bin:/usr/sbin:/sbin', 'LANG': 'C.UTF-8'} and shell False
DEBUG util.py:608:  Child return code was: 0
DEBUG util.py:634:  child environment: None
DEBUG util.py:556:  Executing command: ['/bin/umount', '-n', '-l', '/var/lib/mock/rocky-9-aarch64_ciqshim/root/sys/fs/selinux'] with env {'TERM': 'vt100', 'SHELL': '/bin/sh', 'HOME': '/builddir', 'HOSTNAME': 'mock', 'PATH': '/usr/bin:/bin:/usr/sbin:/sbin', 'LANG': 'C.UTF-8'} and shell False
DEBUG util.py:608:  Child return code was: 0
DEBUG util.py:634:  child environment: None
DEBUG util.py:556:  Executing command: ['/bin/umount', '-n', '/var/lib/mock/rocky-9-aarch64_ciqshim/root/proc/filesystems'] with env {'TERM': 'vt100', 'SHELL': '/bin/sh', 'HOME': '/builddir', 'HOSTNAME': 'mock', 'PATH': '/usr/bin:/bin:/usr/sbin:/sbin', 'LANG': 'C.UTF-8'} and shell False
DEBUG util.py:608:  Child return code was: 0
DEBUG util.py:634:  child environment: None
DEBUG util.py:556:  Executing command: ['/bin/umount', '-n', '-l', '/var/lib/mock/rocky-9-aarch64_ciqshim/root/dev/pts'] with env {'TERM': 'vt100', 'SHELL': '/bin/sh', 'HOME': '/builddir', 'HOSTNAME': 'mock', 'PATH': '/usr/bin:/bin:/usr/sbin:/sbin', 'LANG': 'C.UTF-8'} and shell False
DEBUG util.py:608:  Child return code was: 0
DEBUG util.py:634:  child environment: None
DEBUG util.py:556:  Executing command: ['/bin/umount', '-n', '-l', '/var/lib/mock/rocky-9-aarch64_ciqshim/root/dev/shm'] with env {'TERM': 'vt100', 'SHELL': '/bin/sh', 'HOME': '/builddir', 'HOSTNAME': 'mock', 'PATH': '/usr/bin:/bin:/usr/sbin:/sbin', 'LANG': 'C.UTF-8'} and shell False
DEBUG util.py:608:  Child return code was: 0
DEBUG util.py:634:  child environment: None
DEBUG util.py:556:  Executing command: ['/bin/umount', '-n', '-l', '/var/lib/mock/rocky-9-aarch64_ciqshim/root/sys'] with env {'TERM': 'vt100', 'SHELL': '/bin/sh', 'HOME': '/builddir', 'HOSTNAME': 'mock', 'PATH': '/usr/bin:/bin:/usr/sbin:/sbin', 'LANG': 'C.UTF-8'} and shell False
DEBUG util.py:608:  Child return code was: 0
DEBUG util.py:634:  child environment: None
DEBUG util.py:556:  Executing command: ['/bin/umount', '-n', '-l', '/var/lib/mock/rocky-9-aarch64_ciqshim/root/sys'] with env {'TERM': 'vt100', 'SHELL': '/bin/sh', 'HOME': '/builddir', 'HOSTNAME': 'mock', 'PATH': '/usr/bin:/bin:/usr/sbin:/sbin', 'LANG': 'C.UTF-8'} and shell False
DEBUG util.py:608:  Child return code was: 0
DEBUG util.py:634:  child environment: None
DEBUG util.py:556:  Executing command: ['/bin/umount', '-n', '-l', '/var/lib/mock/rocky-9-aarch64_ciqshim/root/proc'] with env {'TERM': 'vt100', 'SHELL': '/bin/sh', 'HOME': '/builddir', 'HOSTNAME': 'mock', 'PATH': '/usr/bin:/bin:/usr/sbin:/sbin', 'LANG': 'C.UTF-8'} and shell False
DEBUG util.py:608:  Child return code was: 0
DEBUG util.py:634:  child environment: None
DEBUG util.py:556:  Executing command: ['/bin/umount', '-n', '-l', '/var/lib/mock/rocky-9-aarch64_ciqshim/root/proc'] with env {'TERM': 'vt100', 'SHELL': '/bin/sh', 'HOME': '/builddir', 'HOSTNAME': 'mock', 'PATH': '/usr/bin:/bin:/usr/sbin:/sbin', 'LANG': 'C.UTF-8'} and shell False
DEBUG util.py:608:  Child return code was: 0
DEBUG file_util.py:18:  ensuring that dir exists: /var/lib/mock/rocky-9-aarch64_ciqshim-bootstrap/root/var/lib/mock/rocky-9-aarch64_ciqshim/root
DEBUG util.py:634:  child environment: None
DEBUG util.py:556:  Executing command: ['/bin/mount', '-n', '-t', 'tmpfs', '-o', 'private,mode=0755', 'tmpfs', '/var/lib/mock/rocky-9-aarch64_ciqshim-bootstrap/root/var/lib/mock/rocky-9-aarch64_ciqshim/root'] with env {'TERM': 'vt100', 'SHELL': '/bin/sh', 'HOME': '/builddir', 'HOSTNAME': 'mock', 'PATH': '/usr/bin:/bin:/usr/sbin:/sbin', 'LANG': 'C.UTF-8'} and shell False
DEBUG util.py:608:  Child return code was: 0
DEBUG file_util.py:18:  ensuring that dir exists: /var/lib/mock/rocky-9-aarch64_ciqshim-bootstrap/root/var/lib/mock/rocky-9-aarch64_ciqshim/root
DEBUG util.py:634:  child environment: None
DEBUG util.py:556:  Executing command: ['/bin/mount', '-n', '-o', 'rbind', '/var/lib/mock/rocky-9-aarch64_ciqshim/root', '/var/lib/mock/rocky-9-aarch64_ciqshim-bootstrap/root/var/lib/mock/rocky-9-aarch64_ciqshim/root'] with env {'TERM': 'vt100', 'SHELL': '/bin/sh', 'HOME': '/builddir', 'HOSTNAME': 'mock', 'PATH': '/usr/bin:/bin:/usr/sbin:/sbin', 'LANG': 'C.UTF-8'} and shell False
DEBUG util.py:608:  Child return code was: 0
DEBUG util.py:634:  child environment: None
DEBUG util.py:556:  Executing command: ['/bin/mount', '-n', '-o', 'remount,private,rbind', '--target', '/var/lib/mock/rocky-9-aarch64_ciqshim-bootstrap/root/var/lib/mock/rocky-9-aarch64_ciqshim/root'] with env {'TERM': 'vt100', 'SHELL': '/bin/sh', 'HOME': '/builddir', 'HOSTNAME': 'mock', 'PATH': '/usr/bin:/bin:/usr/sbin:/sbin', 'LANG': 'C.UTF-8'} and shell False
DEBUG util.py:608:  Child return code was: 0
DEBUG util.py:634:  child environment: None
DEBUG util.py:551:  Using nspawn with args ['--capability=cap_ipc_lock', '--bind=/tmp/mock-resolv.cs_olotw:/etc/resolv.conf']
DEBUG util.py:556:  Executing command: ['/usr/bin/systemd-nspawn', '-q', '-M', '394a307e88a145e8b6249f1be12c9cae', '-D', '/var/lib/mock/rocky-9-aarch64_ciqshim-bootstrap/root', '-a', '--capability=cap_ipc_lock', '--bind=/tmp/mock-resolv.cs_olotw:/etc/resolv.conf', '--console=pipe', '--setenv=TERM=vt100', '--setenv=SHELL=/bin/bash', '--setenv=HOME=/builddir', '--setenv=HOSTNAME=mock', '--setenv=PATH=/usr/bin:/bin:/usr/sbin:/sbin', '--setenv=PROMPT_COMMAND=printf "\\033]0;<mock-chroot>\\007"', '--setenv=PS1=<mock-chroot> \\s-\\v\\$ ', '--setenv=LANG=C.UTF-8', '--resolv-conf=off', '/bin/rpm', '-qa', '--root', '/var/lib/mock/rocky-9-aarch64_ciqshim/root'] with env {'TERM': 'vt100', 'SHELL': '/bin/bash', 'HOME': '/builddir', 'HOSTNAME': 'mock', 'PATH': '/usr/bin:/bin:/usr/sbin:/sbin', 'PROMPT_COMMAND': 'printf "\\033]0;<mock-chroot>\\007"', 'PS1': '<mock-chroot> \\s-\\v\\$ ', 'LANG': 'C.UTF-8', 'SYSTEMD_NSPAWN_TMPFS_TMP': '0', 'SYSTEMD_SECCOMP': '0'} and shell False
DEBUG util.py:461:  gpg-pubkey-350d275d-6279464b
DEBUG util.py:461:  libgcc-11.5.0-5.el9_5.aarch64
DEBUG util.py:461:  rust-srpm-macros-17-4.el9.noarch
DEBUG util.py:461:  qt5-srpm-macros-5.15.9-1.el9.noarch
DEBUG util.py:461:  perl-srpm-macros-1-41.el9.noarch
DEBUG util.py:461:  openblas-srpm-macros-2-11.el9.noarch
DEBUG util.py:461:  ocaml-srpm-macros-6-6.el9.noarch
DEBUG util.py:461:  kernel-headers-5.14.0-570.58.1.el9_6.aarch64
DEBUG util.py:461:  ghc-srpm-macros-1.5.0-6.el9.noarch
DEBUG util.py:461:  tzdata-2025b-1.el9.noarch
DEBUG util.py:461:  rocky-gpg-keys-9.6-1.3.el9.noarch
DEBUG util.py:461:  rocky-release-9.6-1.3.el9.noarch
DEBUG util.py:461:  rocky-repos-9.6-1.3.el9.noarch
DEBUG util.py:461:  setup-2.13.7-10.el9.noarch
DEBUG util.py:461:  filesystem-3.16-5.el9.aarch64
DEBUG util.py:461:  basesystem-11-13.el9.0.1.noarch
DEBUG util.py:461:  publicsuffix-list-dafsa-20210518-3.el9.noarch
DEBUG util.py:461:  pkgconf-m4-1.7.3-10.el9.noarch
DEBUG util.py:461:  pcre2-syntax-10.40-6.el9.noarch
DEBUG util.py:461:  ncurses-base-6.2-10.20210508.el9_6.2.noarch
DEBUG util.py:461:  glibc-gconv-extra-2.34-168.el9_6.24.aarch64
DEBUG util.py:461:  glibc-minimal-langpack-2.34-168.el9_6.24.aarch64
DEBUG util.py:461:  glibc-common-2.34-168.el9_6.24.aarch64
DEBUG util.py:461:  glibc-2.34-168.el9_6.24.aarch64
DEBUG util.py:461:  ncurses-libs-6.2-10.20210508.el9_6.2.aarch64
DEBUG util.py:461:  bash-5.1.8-9.el9.aarch64
DEBUG util.py:461:  zlib-1.2.11-40.el9.aarch64
DEBUG util.py:461:  libstdc++-11.5.0-5.el9_5.aarch64
DEBUG util.py:461:  libzstd-1.5.5-1.el9.aarch64
DEBUG util.py:461:  xz-libs-5.2.5-8.el9_0.aarch64
DEBUG util.py:461:  bzip2-libs-1.0.8-10.el9_5.aarch64
DEBUG util.py:461:  gmp-6.2.0-13.el9.aarch64
DEBUG util.py:461:  elfutils-libelf-0.192-6.el9_6.aarch64
DEBUG util.py:461:  libxcrypt-4.4.18-3.el9.aarch64
DEBUG util.py:461:  mpfr-4.1.0-7.el9.aarch64
DEBUG util.py:461:  libuuid-2.37.4-21.el9.aarch64
DEBUG util.py:461:  libattr-2.5.1-3.el9.aarch64
DEBUG util.py:461:  libacl-2.3.1-4.el9.aarch64
DEBUG util.py:461:  libcap-2.48-9.el9_2.aarch64
DEBUG util.py:461:  popt-1.18-8.el9.aarch64
DEBUG util.py:461:  libmpc-1.2.1-4.el9.aarch64
DEBUG util.py:461:  crypto-policies-20250128-1.git5269e22.el9.noarch
DEBUG util.py:461:  readline-8.1-4.el9.aarch64
DEBUG util.py:461:  libcom_err-1.46.5-7.el9.aarch64
DEBUG util.py:461:  lz4-libs-1.9.3-5.el9.aarch64
DEBUG util.py:461:  dwz-0.14-3.el9.aarch64
DEBUG util.py:461:  unzip-6.0-58.el9_5.aarch64
DEBUG util.py:461:  libxml2-2.9.13-12.el9_6.aarch64
DEBUG util.py:461:  file-libs-5.39-16.el9.aarch64
DEBUG util.py:461:  file-5.39-16.el9.aarch64
DEBUG util.py:461:  sqlite-libs-3.34.1-8.el9_6.aarch64
DEBUG util.py:461:  alternatives-1.24-2.el9.aarch64
DEBUG util.py:461:  libcap-ng-0.8.2-7.el9.aarch64
DEBUG util.py:461:  audit-libs-3.1.5-4.el9.aarch64
DEBUG util.py:461:  libffi-3.4.2-8.el9.aarch64
DEBUG util.py:461:  libgomp-11.5.0-5.el9_5.aarch64
DEBUG util.py:461:  libsepol-3.6-2.el9.aarch64
DEBUG util.py:461:  libsigsegv-2.13-4.el9.aarch64
DEBUG util.py:461:  gawk-5.1.0-6.el9.aarch64
DEBUG util.py:461:  libsmartcols-2.37.4-21.el9.aarch64
DEBUG util.py:461:  libtasn1-4.16.0-9.el9.aarch64
DEBUG util.py:461:  p11-kit-0.25.3-3.el9_5.aarch64
DEBUG util.py:461:  libunistring-0.9.10-15.el9.aarch64
DEBUG util.py:461:  libidn2-2.3.0-7.el9.aarch64
DEBUG util.py:461:  lua-libs-5.4.4-4.el9.aarch64
DEBUG util.py:461:  libpsl-0.21.1-5.el9.aarch64
DEBUG util.py:461:  p11-kit-trust-0.25.3-3.el9_5.aarch64
DEBUG util.py:461:  zip-3.0-35.el9.aarch64
DEBUG util.py:461:  zstd-1.5.5-1.el9.aarch64
DEBUG util.py:461:  cpp-11.5.0-5.el9_5.aarch64
DEBUG util.py:461:  bzip2-1.0.8-10.el9_5.aarch64
DEBUG util.py:461:  groff-base-1.22.4-10.el9.aarch64
DEBUG util.py:461:  libasan-11.5.0-5.el9_5.aarch64
DEBUG util.py:461:  libstdc++-devel-11.5.0-5.el9_5.aarch64
DEBUG util.py:461:  libubsan-11.5.0-5.el9_5.aarch64
DEBUG util.py:461:  info-6.7-15.el9.aarch64
DEBUG util.py:461:  ed-1.14.2-12.el9.aarch64
DEBUG util.py:461:  elfutils-default-yama-scope-0.192-6.el9_6.noarch
DEBUG util.py:461:  elfutils-libs-0.192-6.el9_6.aarch64
DEBUG util.py:461:  libedit-3.1-38.20210216cvs.el9.aarch64
DEBUG util.py:461:  llvm-libs-19.1.7-1.el9.aarch64
DEBUG util.py:461:  ncurses-6.2-10.20210508.el9_6.2.aarch64
DEBUG util.py:461:  cpio-2.13-16.el9.aarch64
DEBUG util.py:461:  diffutils-3.7-12.el9.aarch64
DEBUG util.py:461:  gdbm-libs-1.23-1.el9.aarch64
DEBUG util.py:461:  json-c-0.14-11.el9.aarch64
DEBUG util.py:461:  keyutils-libs-1.6.3-1.el9.aarch64
DEBUG util.py:461:  libatomic-11.5.0-5.el9_5.aarch64
DEBUG util.py:461:  libbrotli-1.0.9-7.el9_5.aarch64
DEBUG util.py:461:  libdb-5.3.28-57.el9_6.aarch64
DEBUG util.py:461:  libeconf-0.4.1-4.el9.aarch64
DEBUG util.py:461:  libgpg-error-1.42-5.el9.aarch64
DEBUG util.py:461:  libgcrypt-1.10.0-11.el9.aarch64
DEBUG util.py:461:  libnghttp2-1.43.0-6.el9.aarch64
DEBUG util.py:461:  libpkgconf-1.7.3-10.el9.aarch64
DEBUG util.py:461:  pkgconf-1.7.3-10.el9.aarch64
DEBUG util.py:461:  pkgconf-pkg-config-1.7.3-10.el9.aarch64
DEBUG util.py:461:  libxcrypt-devel-4.4.18-3.el9.aarch64
DEBUG util.py:461:  glibc-devel-2.34-168.el9_6.24.aarch64
DEBUG util.py:461:  libtool-ltdl-2.4.6-46.el9.aarch64
DEBUG util.py:461:  libverto-0.3.2-3.el9.aarch64
DEBUG util.py:461:  make-4.3-8.el9.aarch64
DEBUG util.py:461:  pcre-8.44-4.el9.aarch64
DEBUG util.py:461:  grep-3.6-5.el9.aarch64
DEBUG util.py:461:  xz-5.2.5-8.el9_0.aarch64
DEBUG util.py:461:  pcre2-10.40-6.el9.aarch64
DEBUG util.py:461:  libselinux-3.6-3.el9.aarch64
DEBUG util.py:461:  sed-4.8-9.el9.aarch64
DEBUG util.py:461:  findutils-4.8.0-7.el9.aarch64
DEBUG util.py:461:  libsemanage-3.6-5.el9_6.aarch64
DEBUG util.py:461:  shadow-utils-4.9-12.el9.aarch64
DEBUG util.py:461:  libutempter-1.2.1-6.el9.aarch64
DEBUG util.py:461:  tar-1.34-7.el9.aarch64
DEBUG util.py:461:  patch-2.7.6-16.el9.aarch64
DEBUG util.py:461:  libssh-config-0.10.4-15.el9_6.noarch
DEBUG util.py:461:  coreutils-common-8.32-39.el9.aarch64
DEBUG util.py:461:  openssl-libs-3.2.2-6.el9_5.1.aarch64
DEBUG util.py:461:  coreutils-8.32-39.el9.aarch64
DEBUG util.py:461:  ca-certificates-2024.2.69_v8.0.303-91.4.el9_4.noarch
DEBUG util.py:461:  libblkid-2.37.4-21.el9.aarch64
DEBUG util.py:461:  krb5-libs-1.21.1-8.el9_6.aarch64
DEBUG util.py:461:  libmount-2.37.4-21.el9.aarch64
DEBUG util.py:461:  gzip-1.12-1.el9.aarch64
DEBUG util.py:461:  cracklib-2.9.6-27.el9.aarch64
DEBUG util.py:461:  systemd-libs-252-51.el9_6.3.rocky.0.1.aarch64
DEBUG util.py:461:  libarchive-3.5.3-6.el9_6.aarch64
DEBUG util.py:461:  util-linux-core-2.37.4-21.el9.aarch64
DEBUG util.py:461:  cracklib-dicts-2.9.6-27.el9.aarch64
DEBUG util.py:461:  cyrus-sasl-lib-2.1.27-21.el9.aarch64
DEBUG util.py:461:  libssh-0.10.4-15.el9_6.aarch64
DEBUG util.py:461:  libfdisk-2.37.4-21.el9.aarch64
DEBUG util.py:461:  perl-Digest-1.19-4.el9.noarch
DEBUG util.py:461:  perl-Digest-MD5-2.58-4.el9.aarch64
DEBUG util.py:461:  perl-B-1.80-481.1.el9_6.aarch64
DEBUG util.py:461:  perl-FileHandle-2.03-481.1.el9_6.noarch
DEBUG util.py:461:  perl-Data-Dumper-2.174-462.el9.aarch64
DEBUG util.py:461:  perl-libnet-3.13-4.el9.noarch
DEBUG util.py:461:  perl-AutoLoader-5.74-481.1.el9_6.noarch
DEBUG util.py:461:  perl-base-2.27-481.1.el9_6.noarch
DEBUG util.py:461:  perl-URI-5.09-3.el9.noarch
DEBUG util.py:461:  perl-if-0.60.800-481.1.el9_6.noarch
DEBUG util.py:461:  perl-IO-Socket-IP-0.41-5.el9.noarch
DEBUG util.py:461:  perl-Time-Local-1.300-7.el9.noarch
DEBUG util.py:461:  perl-File-Path-2.18-4.el9.noarch
DEBUG util.py:461:  perl-IO-Socket-SSL-2.073-2.el9.noarch
DEBUG util.py:461:  perl-Net-SSLeay-1.94-1.el9.aarch64
DEBUG util.py:461:  perl-Pod-Escapes-1.07-460.el9.noarch
DEBUG util.py:461:  perl-Text-Tabs+Wrap-2013.0523-460.el9.noarch
DEBUG util.py:461:  perl-Mozilla-CA-20200520-6.el9.noarch
DEBUG util.py:461:  perl-Class-Struct-0.66-481.1.el9_6.noarch
DEBUG util.py:461:  perl-POSIX-1.94-481.1.el9_6.aarch64
DEBUG util.py:461:  perl-Term-ANSIColor-5.01-461.el9.noarch
DEBUG util.py:461:  perl-IPC-Open3-1.21-481.1.el9_6.noarch
DEBUG util.py:461:  perl-subs-1.03-481.1.el9_6.noarch
DEBUG util.py:461:  perl-File-Temp-0.231.100-4.el9.noarch
DEBUG util.py:461:  perl-Term-Cap-1.17-460.el9.noarch
DEBUG util.py:461:  perl-Pod-Simple-3.42-4.el9.noarch
DEBUG util.py:461:  perl-HTTP-Tiny-0.076-462.el9.noarch
DEBUG util.py:461:  perl-Socket-2.031-4.el9.aarch64
DEBUG util.py:461:  perl-SelectSaver-1.02-481.1.el9_6.noarch
DEBUG util.py:461:  perl-Symbol-1.08-481.1.el9_6.noarch
DEBUG util.py:461:  perl-File-stat-1.09-481.1.el9_6.noarch
DEBUG util.py:461:  perl-podlators-4.14-460.el9.noarch
DEBUG util.py:461:  perl-Pod-Perldoc-3.28.01-461.el9.noarch
DEBUG util.py:461:  perl-Fcntl-1.13-481.1.el9_6.aarch64
DEBUG util.py:461:  perl-Text-ParseWords-3.30-460.el9.noarch
DEBUG util.py:461:  perl-mro-1.23-481.1.el9_6.aarch64
DEBUG util.py:461:  perl-IO-1.43-481.1.el9_6.aarch64
DEBUG util.py:461:  perl-overloading-0.02-481.1.el9_6.noarch
DEBUG util.py:461:  perl-Pod-Usage-2.01-4.el9.noarch
DEBUG util.py:461:  perl-Errno-1.30-481.1.el9_6.aarch64
DEBUG util.py:461:  perl-File-Basename-2.85-481.1.el9_6.noarch
DEBUG util.py:461:  perl-Getopt-Std-1.12-481.1.el9_6.noarch
DEBUG util.py:461:  perl-MIME-Base64-3.16-4.el9.aarch64
DEBUG util.py:461:  perl-Scalar-List-Utils-1.56-462.el9.aarch64
DEBUG util.py:461:  perl-constant-1.33-461.el9.noarch
DEBUG util.py:461:  perl-Storable-3.21-460.el9.aarch64
DEBUG util.py:461:  perl-overload-1.31-481.1.el9_6.noarch
DEBUG util.py:461:  perl-parent-0.238-460.el9.noarch
DEBUG util.py:461:  perl-vars-1.05-481.1.el9_6.noarch
DEBUG util.py:461:  perl-Getopt-Long-2.52-4.el9.noarch
DEBUG util.py:461:  perl-Carp-1.50-460.el9.noarch
DEBUG util.py:461:  perl-Exporter-5.74-461.el9.noarch
DEBUG util.py:461:  perl-PathTools-3.78-461.el9.aarch64
DEBUG util.py:461:  perl-Encode-3.08-462.el9.aarch64
DEBUG util.py:461:  perl-libs-5.32.1-481.1.el9_6.aarch64
DEBUG util.py:461:  perl-interpreter-5.32.1-481.1.el9_6.aarch64
DEBUG util.py:461:  kernel-srpm-macros-1.0-13.el9.noarch
DEBUG util.py:461:  openssl-3.2.2-6.el9_5.1.aarch64
DEBUG util.py:461:  libpwquality-1.4.4-8.el9.aarch64
DEBUG util.py:461:  pam-1.5.1-26.el9_6.aarch64
DEBUG util.py:461:  libevent-2.1.12-8.el9_4.aarch64
DEBUG util.py:461:  openldap-2.6.8-4.el9.0.1.aarch64
DEBUG util.py:461:  libcurl-7.76.1-31.el9_6.1.aarch64
DEBUG util.py:461:  elfutils-debuginfod-client-0.192-6.el9_6.aarch64
DEBUG util.py:461:  binutils-gold-2.35.2-63.el9.aarch64
DEBUG util.py:461:  binutils-2.35.2-63.el9.aarch64
DEBUG util.py:461:  gcc-11.5.0-5.el9_5.aarch64
DEBUG util.py:461:  elfutils-0.192-6.el9_6.aarch64
DEBUG util.py:461:  gdb-minimal-14.2-4.1.el9_6.aarch64
DEBUG util.py:461:  debugedit-5.0-5.el9.aarch64
DEBUG util.py:461:  annobin-12.92-1.el9.aarch64
DEBUG util.py:461:  gcc-plugin-annobin-11.5.0-5.el9_5.aarch64
DEBUG util.py:461:  curl-7.76.1-31.el9_6.1.aarch64
DEBUG util.py:461:  rpm-4.16.1.3-37.el9.aarch64
DEBUG util.py:461:  rpm-libs-4.16.1.3-37.el9.aarch64
DEBUG util.py:461:  rpm-build-libs-4.16.1.3-37.el9.aarch64
DEBUG util.py:461:  efi-srpm-macros-6-2.el9_0.noarch
DEBUG util.py:461:  lua-srpm-macros-1-6.el9.noarch
DEBUG util.py:461:  fonts-srpm-macros-2.0.5-7.el9.1.noarch
DEBUG util.py:461:  go-srpm-macros-3.6.0-10.el9_6.noarch
DEBUG util.py:461:  python-srpm-macros-3.9-54.el9.noarch
DEBUG util.py:461:  pyproject-srpm-macros-1.16.2-1.el9.noarch
DEBUG util.py:461:  redhat-rpm-config-209-1.el9.noarch
DEBUG util.py:461:  rpm-build-4.16.1.3-37.el9.aarch64
DEBUG util.py:461:  gcc-c++-11.5.0-5.el9_5.aarch64
DEBUG util.py:461:  util-linux-2.37.4-21.el9.aarch64
DEBUG util.py:461:  which-2.21-30.el9_6.aarch64
DEBUG util.py:461:  nspr-4.36.0-4.el9_4.aarch64
DEBUG util.py:461:  nss-util-3.112.0-4.el9_4.aarch64
DEBUG util.py:461:  less-590-5.el9.aarch64
DEBUG util.py:461:  expat-2.5.0-5.el9_6.aarch64
DEBUG util.py:461:  nss-softokn-freebl-3.112.0-4.el9_4.aarch64
DEBUG util.py:461:  nss-softokn-3.112.0-4.el9_4.aarch64
DEBUG util.py:461:  zlib-devel-1.2.11-40.el9.aarch64
DEBUG util.py:461:  perl-lib-0.65-481.1.el9_6.aarch64
DEBUG util.py:461:  perl-File-Find-1.37-481.1.el9_6.noarch
DEBUG util.py:461:  perl-Error-0.17029-7.el9.noarch
DEBUG util.py:461:  perl-DynaLoader-1.47-481.1.el9_6.aarch64
DEBUG util.py:461:  perl-TermReadKey-2.38-11.el9.aarch64
DEBUG util.py:461:  libzstd-devel-1.5.5-1.el9.aarch64
DEBUG util.py:461:  emacs-filesystem-27.2-14.el9_6.2.noarch
DEBUG util.py:461:  checkpolicy-3.6-1.el9.aarch64
DEBUG util.py:461:  vim-filesystem-8.2.2637-22.el9_6.1.noarch
DEBUG util.py:461:  tcl-8.6.10-7.el9.aarch64
DEBUG util.py:461:  python3-setuptools-wheel-53.0.0-13.el9_6.1.noarch
DEBUG util.py:461:  python3-pip-wheel-21.3.1-1.el9.noarch
DEBUG util.py:461:  python3-3.9.21-2.el9_6.2.aarch64
DEBUG util.py:461:  python3-libs-3.9.21-2.el9_6.2.aarch64
DEBUG util.py:461:  python3-setuptools-53.0.0-13.el9_6.1.noarch
DEBUG util.py:461:  python3-libselinux-3.6-3.el9.aarch64
DEBUG util.py:461:  python3-libsemanage-3.6-5.el9_6.aarch64
DEBUG util.py:461:  python3-setools-4.4.4-1.el9.aarch64
DEBUG util.py:461:  python3-distro-1.5.0-7.el9.noarch
DEBUG util.py:461:  crypto-policies-scripts-20250128-1.git5269e22.el9.noarch
DEBUG util.py:461:  nss-sysinit-3.112.0-4.el9_4.aarch64
DEBUG util.py:461:  nss-3.112.0-4.el9_4.aarch64
DEBUG util.py:461:  nss-tools-3.112.0-4.el9_4.aarch64
DEBUG util.py:461:  python3-audit-3.1.5-4.el9.aarch64
DEBUG util.py:461:  procps-ng-3.3.17-14.el9.aarch64
DEBUG util.py:461:  openssh-8.7p1-45.el9.rocky.0.1.aarch64
DEBUG util.py:461:  libselinux-utils-3.6-3.el9.aarch64
DEBUG util.py:461:  policycoreutils-3.6-2.1.el9.aarch64
DEBUG util.py:461:  python3-policycoreutils-3.6-2.1.el9.noarch
DEBUG util.py:461:  policycoreutils-python-utils-3.6-2.1.el9.noarch
DEBUG util.py:461:  libpipeline-1.5.3-4.el9.aarch64
DEBUG util.py:461:  man-db-2.9.3-7.el9.aarch64
DEBUG util.py:461:  environment-modules-5.3.0-1.el9.aarch64
DEBUG util.py:461:  scl-utils-2.0.3-4.el9.aarch64
DEBUG util.py:461:  gcc-toolset-12-runtime-12.0-6.el9.aarch64
DEBUG util.py:461:  gcc-toolset-12-binutils-2.38-19.el9.aarch64
DEBUG util.py:461:  gcc-toolset-12-binutils-gold-2.38-19.el9.aarch64
DEBUG util.py:461:  libcbor-0.7.0-5.el9.aarch64
DEBUG util.py:461:  libfido2-1.13.0-2.el9.aarch64
DEBUG util.py:461:  openssh-clients-8.7p1-45.el9.rocky.0.1.aarch64
DEBUG util.py:461:  git-core-2.47.3-1.el9_6.aarch64
DEBUG util.py:461:  git-core-doc-2.47.3-1.el9_6.noarch
DEBUG util.py:461:  perl-Git-2.47.3-1.el9_6.noarch
DEBUG util.py:461:  git-2.47.3-1.el9_6.aarch64
DEBUG util.py:461:  efivar-libs-38-3.el9.aarch64
DEBUG util.py:461:  pesign-115-6.el9_1.rocky.2.aarch64
DEBUG util.py:461:  elfutils-libelf-devel-0.192-6.el9_6.aarch64
DEBUG util.py:461:  openssl-devel-3.2.2-6.el9_5.1.aarch64
DEBUG util.py:461:  dos2unix-7.4.2-4.el9.aarch64
DEBUG util.py:608:  Child return code was: 0
DEBUG util.py:183:  kill orphans in chroot /var/lib/mock/rocky-9-aarch64_ciqshim/root
DEBUG util.py:183:  kill orphans in chroot /var/lib/mock/rocky-9-aarch64_ciqshim-bootstrap/root/var/lib/mock/rocky-9-aarch64_ciqshim/root
DEBUG util.py:634:  child environment: None
DEBUG util.py:556:  Executing command: ['/bin/umount', '-n', '-l', '/var/lib/mock/rocky-9-aarch64_ciqshim-bootstrap/root/var/lib/mock/rocky-9-aarch64_ciqshim/root'] with env {'TERM': 'vt100', 'SHELL': '/bin/sh', 'HOME': '/builddir', 'HOSTNAME': 'mock', 'PATH': '/usr/bin:/bin:/usr/sbin:/sbin', 'LANG': 'C.UTF-8'} and shell False
DEBUG util.py:608:  Child return code was: 0
DEBUG util.py:634:  child environment: None
DEBUG util.py:556:  Executing command: ['/bin/umount', '-n', '-l', '/var/lib/mock/rocky-9-aarch64_ciqshim-bootstrap/root/var/lib/mock/rocky-9-aarch64_ciqshim/root'] with env {'TERM': 'vt100', 'SHELL': '/bin/sh', 'HOME': '/builddir', 'HOSTNAME': 'mock', 'PATH': '/usr/bin:/bin:/usr/sbin:/sbin', 'LANG': 'C.UTF-8'} and shell False
DEBUG util.py:608:  Child return code was: 0
DEBUG file_util.py:18:  ensuring that dir exists: /var/lib/mock/rocky-9-aarch64_ciqshim-bootstrap/root/var/lib/mock/rocky-9-aarch64_ciqshim/root
DEBUG util.py:634:  child environment: None
DEBUG util.py:556:  Executing command: ['/bin/mount', '-n', '-t', 'tmpfs', '-o', 'private,mode=0755', 'tmpfs', '/var/lib/mock/rocky-9-aarch64_ciqshim-bootstrap/root/var/lib/mock/rocky-9-aarch64_ciqshim/root'] with env {'TERM': 'vt100', 'SHELL': '/bin/sh', 'HOME': '/builddir', 'HOSTNAME': 'mock', 'PATH': '/usr/bin:/bin:/usr/sbin:/sbin', 'LANG': 'C.UTF-8'} and shell False
DEBUG util.py:608:  Child return code was: 0
DEBUG file_util.py:18:  ensuring that dir exists: /var/lib/mock/rocky-9-aarch64_ciqshim-bootstrap/root/var/lib/mock/rocky-9-aarch64_ciqshim/root
DEBUG util.py:634:  child environment: None
DEBUG util.py:556:  Executing command: ['/bin/mount', '-n', '-o', 'rbind', '/var/lib/mock/rocky-9-aarch64_ciqshim/root', '/var/lib/mock/rocky-9-aarch64_ciqshim-bootstrap/root/var/lib/mock/rocky-9-aarch64_ciqshim/root'] with env {'TERM': 'vt100', 'SHELL': '/bin/sh', 'HOME': '/builddir', 'HOSTNAME': 'mock', 'PATH': '/usr/bin:/bin:/usr/sbin:/sbin', 'LANG': 'C.UTF-8'} and shell False
DEBUG util.py:608:  Child return code was: 0
DEBUG util.py:634:  child environment: None
DEBUG util.py:556:  Executing command: ['/bin/mount', '-n', '-o', 'remount,private,rbind', '--target', '/var/lib/mock/rocky-9-aarch64_ciqshim-bootstrap/root/var/lib/mock/rocky-9-aarch64_ciqshim/root'] with env {'TERM': 'vt100', 'SHELL': '/bin/sh', 'HOME': '/builddir', 'HOSTNAME': 'mock', 'PATH': '/usr/bin:/bin:/usr/sbin:/sbin', 'LANG': 'C.UTF-8'} and shell False
DEBUG util.py:608:  Child return code was: 0
DEBUG util.py:634:  child environment: None
DEBUG util.py:551:  Using nspawn with args ['--capability=cap_ipc_lock', '--bind=/tmp/mock-resolv.cs_olotw:/etc/resolv.conf']
DEBUG util.py:556:  Executing command: ['/usr/bin/systemd-nspawn', '-q', '-M', '38d76876a08b4dfead77bef7a67dda35', '-D', '/var/lib/mock/rocky-9-aarch64_ciqshim-bootstrap/root', '-a', '--capability=cap_ipc_lock', '--bind=/tmp/mock-resolv.cs_olotw:/etc/resolv.conf', '--console=pipe', '--setenv=TERM=vt100', '--setenv=SHELL=/bin/bash', '--setenv=HOME=/builddir', '--setenv=HOSTNAME=mock', '--setenv=PATH=/usr/bin:/bin:/usr/sbin:/sbin', '--setenv=PROMPT_COMMAND=printf "\\033]0;<mock-chroot>\\007"', '--setenv=PS1=<mock-chroot> \\s-\\v\\$ ', '--setenv=LANG=C.UTF-8', '--resolv-conf=off', '/bin/sh', '-c', "rpm -qa --root '/var/lib/mock/rocky-9-aarch64_ciqshim/root' --qf '%{nevra} %{buildtime} %{size} %{pkgid} installed\\n'"] with env {'TERM': 'vt100', 'SHELL': '/bin/bash', 'HOME': '/builddir', 'HOSTNAME': 'mock', 'PATH': '/usr/bin:/bin:/usr/sbin:/sbin', 'PROMPT_COMMAND': 'printf "\\033]0;<mock-chroot>\\007"', 'PS1': '<mock-chroot> \\s-\\v\\$ ', 'LANG': 'C.UTF-8', 'SYSTEMD_NSPAWN_TMPFS_TMP': '0', 'SYSTEMD_SECCOMP': '0'} and shell False
DEBUG util.py:461:  gpg-pubkey-350d275d-6279464b 1652115019 0 (none) installed
DEBUG util.py:461:  libgcc-11.5.0-5.el9_5.aarch64 1739365851 226740 4674cb704bd4dbc55cacfc991e06971d installed
DEBUG util.py:461:  rust-srpm-macros-17-4.el9.noarch 1652267604 2447 f473eb960de326eea8285ce84d1e7972 installed
DEBUG util.py:461:  qt5-srpm-macros-5.15.9-1.el9.noarch 1698510920 492 f878432102092d87bbdbb2e936f8378b installed
DEBUG util.py:461:  perl-srpm-macros-1-41.el9.noarch 1652557781 862 52f1bf91c8b58cea8094d6e3be4c7f0e installed
DEBUG util.py:461:  openblas-srpm-macros-2-11.el9.noarch 1652484909 104 d4f8d1073512b1b0c44f95a04285ce97 installed
DEBUG util.py:461:  ocaml-srpm-macros-6-6.el9.noarch 1652800868 745 73be47bd06ff2934c420576ab4426d56 installed
DEBUG util.py:461:  kernel-headers-5.14.0-570.58.1.el9_6.aarch64 1761912787 6336267 fb77d224a98350bd42711c83d02fee64 installed
DEBUG util.py:461:  ghc-srpm-macros-1.5.0-6.el9.noarch 1652267567 535 71fed58726c9a4e11b4ca5eeec6adfe4 installed
DEBUG util.py:461:  tzdata-2025b-1.el9.noarch 1743436083 1664708 792dbdad973937bf25e41e1ec851c36e installed
DEBUG util.py:461:  rocky-gpg-keys-9.6-1.3.el9.noarch 1747451325 4909 90f357eafff02129ffc37d3355b94f90 installed
DEBUG util.py:461:  rocky-release-9.6-1.3.el9.noarch 1747451325 22628 1216c76861a58076f6337bc2a2d84b3e installed
DEBUG util.py:461:  rocky-repos-9.6-1.3.el9.noarch 1747451325 15811 b9c2240b3f2f75266170c7163270d0fe installed
DEBUG util.py:461:  setup-2.13.7-10.el9.noarch 1712520949 725932 69bddb22c48ee24373556f12566c97fe installed
DEBUG util.py:461:  filesystem-3.16-5.el9.aarch64 1730597385 106 06d1453d6d91d30c75ace9de94073f85 installed
DEBUG util.py:461:  basesystem-11-13.el9.0.1.noarch 1709228238 0 f879a2f8e19c7d73507d01111e899ca0 installed
DEBUG util.py:461:  publicsuffix-list-dafsa-20210518-3.el9.noarch 1652444449 68815 d1ed826a6c010597e8edb6dc130b0901 installed
DEBUG util.py:461:  pkgconf-m4-1.7.3-10.el9.noarch 1681536714 14187 12b061c94e3a733e9c1e8921ea590501 installed
DEBUG util.py:461:  pcre2-syntax-10.40-6.el9.noarch 1730814444 234324 10212dbd923fec1f2151d4ef16754dc3 installed
DEBUG util.py:461:  ncurses-base-6.2-10.20210508.el9_6.2.noarch 1754421487 307293 c680a5a269101bc6cd8556317a3916e3 installed
DEBUG util.py:461:  glibc-gconv-extra-2.34-168.el9_6.24.aarch64 1762274135 19347164 211b66273b36d3335f73dc923cc1439b installed
DEBUG util.py:461:  glibc-minimal-langpack-2.34-168.el9_6.24.aarch64 1762274135 0 69a657d9080d0a21927825c29001b8c9 installed
DEBUG util.py:461:  glibc-common-2.34-168.el9_6.24.aarch64 1762274135 1353498 0fca6ab4c15a26ee96a2c888c501b59d installed
DEBUG util.py:461:  glibc-2.34-168.el9_6.24.aarch64 1762274135 6356544 31733e1b763a4fc18273f1e2ea05658f installed
DEBUG util.py:461:  ncurses-libs-6.2-10.20210508.el9_6.2.aarch64 1754421494 1229751 fb8711915a8283a3a6cc2ca202b7a794 installed
DEBUG util.py:461:  bash-5.1.8-9.el9.aarch64 1714476565 7716567 7f6716543f402edc8050b8a44e434765 installed
DEBUG util.py:461:  zlib-1.2.11-40.el9.aarch64 1698484632 235473 6ee45a47968bcc0e9503f6d838869861 installed
DEBUG util.py:461:  libstdc++-11.5.0-5.el9_5.aarch64 1739365851 2517846 58dacaebfb8d57134fbf4f67f09102a8 installed
DEBUG util.py:461:  libzstd-1.5.5-1.el9.aarch64 1745698547 683342 b94c8477acd971f868434454bf20b492 installed
DEBUG util.py:461:  xz-libs-5.2.5-8.el9_0.aarch64 1655269092 205837 6241b242fb2506646fc17b4ea4d70a36 installed
DEBUG util.py:461:  bzip2-libs-1.0.8-10.el9_5.aarch64 1738673304 73916 5dd1ed06626ccfc4890d0c074f109298 installed
DEBUG util.py:461:  gmp-1:6.2.0-13.el9.aarch64 1699048066 671932 02714203d54ab936f5a375b964022ab2 installed
DEBUG util.py:461:  elfutils-libelf-0.192-6.el9_6.aarch64 1750784813 1244384 966c489f2475b7da22067cb5af54a40e installed
DEBUG util.py:461:  libxcrypt-4.4.18-3.el9.aarch64 1653509798 270596 f20b927c77d43204ad49a1658ca6bdb9 installed
DEBUG util.py:461:  mpfr-4.1.0-7.el9.aarch64 1653510378 608531 6166147d76df349652b64c79e3e93b96 installed
DEBUG util.py:461:  libuuid-2.37.4-21.el9.aarch64 1746253723 70549 36eddb7b9512bce06593a1dec025bcf3 installed
DEBUG util.py:461:  libattr-2.5.1-3.el9.aarch64 1653510107 70269 c43217519565f8e56acf1cd104991f04 installed
DEBUG util.py:461:  libacl-2.3.1-4.el9.aarch64 1712682703 69138 23694f387e760fbebf2588931762790c installed
DEBUG util.py:461:  libcap-2.48-9.el9_2.aarch64 1695148294 507655 c39fd61c4678c25fb312f452057bc160 installed
DEBUG util.py:461:  popt-1.18-8.el9.aarch64 1652557571 142488 f1bcac9605780279ad496fe7f5bbefc0 installed
DEBUG util.py:461:  libmpc-1.2.1-4.el9.aarch64 1652484657 154861 059b7ecec5f7c2de7713e3663598bb1b installed
DEBUG util.py:461:  crypto-policies-20250128-1.git5269e22.el9.noarch 1745474385 91854 493fd8e85ff1fb6015ebdfb54eef7cc6 installed
DEBUG util.py:461:  readline-8.1-4.el9.aarch64 1652557599 508892 92f93dc0138cf3bffb6a7b4d22a73caf installed
DEBUG util.py:461:  libcom_err-1.46.5-7.el9.aarch64 1746310879 113241 8caf8ca0c283ba75d17af8524b21d082 installed
DEBUG util.py:461:  lz4-libs-1.9.3-5.el9.aarch64 1652484707 137195 49e119aa5c22f61c78f49124bee345d2 installed
DEBUG util.py:461:  dwz-0.14-3.el9.aarch64 1653510063 330526 7be4693139c311fbad5f205a0f197de8 installed
DEBUG util.py:461:  unzip-6.0-58.el9_5.aarch64 1742301780 480275 152586e1cc48d1d769068f33906b7d8f installed
DEBUG util.py:461:  libxml2-2.9.13-12.el9_6.aarch64 1754577962 2093228 fcfdfe3d0b67900efce5e4350b4f8cdd installed
DEBUG util.py:461:  file-libs-5.39-16.el9.aarch64 1713229402 8102796 f6c9cfe52f3a9a0c896232b7f4daad98 installed
DEBUG util.py:461:  file-5.39-16.el9.aarch64 1713229402 143368 3924958cf45428e4a2ed927317584064 installed
DEBUG util.py:461:  sqlite-libs-3.34.1-8.el9_6.aarch64 1753739103 1294872 a3bc59b62b1d4eef02b56322ed2d6513 installed
DEBUG util.py:461:  alternatives-1.24-2.el9.aarch64 1745625887 91753 5da9447a81b3ed84c848c4045db525c7 installed
DEBUG util.py:461:  libcap-ng-0.8.2-7.el9.aarch64 1652484758 164940 62630f1089446dda9fe4a84802858555 installed
DEBUG util.py:461:  audit-libs-3.1.5-4.el9.aarch64 1746334676 428137 22c8bde748d0440de05889b10079c597 installed
DEBUG util.py:461:  libffi-3.4.2-8.el9.aarch64 1698571421 90073 27875dc7d4c89ebdefa01e04451a95e3 installed
DEBUG util.py:461:  libgomp-11.5.0-5.el9_5.aarch64 1739365851 400949 332d42a6c60be3d5f247d7f09de107bd installed
DEBUG util.py:461:  libsepol-3.6-2.el9.aarch64 1745443258 828859 105848afd3ea39aa3115f6bc6e9ee56b installed
DEBUG util.py:461:  libsigsegv-2.13-4.el9.aarch64 1652567553 99362 1b2ff67d29316f1a5d2fc2df191f4c6c installed
DEBUG util.py:461:  gawk-5.1.0-6.el9.aarch64 1652800371 2416174 ee8d1dcd221d71492b3f1826666af149 installed
DEBUG util.py:461:  libsmartcols-2.37.4-21.el9.aarch64 1746253723 163251 a9109bff80c7b91a9770cca7a64e54ad installed
DEBUG util.py:461:  libtasn1-4.16.0-9.el9.aarch64 1746407358 224068 5954b75959d691b79467872fd921c0af installed
DEBUG util.py:461:  p11-kit-0.25.3-3.el9_5.aarch64 1734466110 2625091 0d9ebb9a582045d0efcd4a2382e3abf6 installed
DEBUG util.py:461:  libunistring-0.9.10-15.el9.aarch64 1652567972 1630283 f171d3b2e551e8b27f35fd8bade795ea installed
DEBUG util.py:461:  libidn2-2.3.0-7.el9.aarch64 1652484848 257420 9f1beeb1b9facf2f71b7dc48946ba26e installed
DEBUG util.py:461:  lua-libs-5.4.4-4.el9.aarch64 1697607320 336139 a87e4bbb9724e154f7416608184d84c1 installed
DEBUG util.py:461:  libpsl-0.21.1-5.el9.aarch64 1653510376 135808 72c87a9c6961236a97b142049c428df0 installed
DEBUG util.py:461:  p11-kit-trust-0.25.3-3.el9_5.aarch64 1734466110 539212 05aa176ac1c3f82e2748cd59682fb3ac installed
DEBUG util.py:461:  zip-3.0-35.el9.aarch64 1682535991 776975 b37be4d28ec45a4de171364cc64e8ffc installed
DEBUG util.py:461:  zstd-1.5.5-1.el9.aarch64 1745698547 889747 b4b63ee296bd90e69fe81671b2beed84 installed
DEBUG util.py:461:  cpp-11.5.0-5.el9_5.aarch64 1739365851 29310727 a667a6a1c68a82069220610c6ec93508 installed
DEBUG util.py:461:  bzip2-1.0.8-10.el9_5.aarch64 1738673304 176544 a6ddc5652209f308590c4b8c909ce6dd installed
DEBUG util.py:461:  groff-base-1.22.4-10.el9.aarch64 1652446386 4285902 a5e3da94ee1c5f1039d017c537732aa3 installed
DEBUG util.py:461:  libasan-11.5.0-5.el9_5.aarch64 1739365851 1283878 4408011e0ebeb9cd0be181e5fb9a8f39 installed
DEBUG util.py:461:  libstdc++-devel-11.5.0-5.el9_5.aarch64 1739365851 13323384 6094795040b1f6fb602973915aca4525 installed
DEBUG util.py:461:  libubsan-11.5.0-5.el9_5.aarch64 1739365851 419424 89d73b261c3d751f395234c8eabcac53 installed
DEBUG util.py:461:  info-6.7-15.el9.aarch64 1652568124 564795 f1f3b32ae0040448493002c40cc73fb5 installed
DEBUG util.py:461:  ed-1.14.2-12.el9.aarch64 1652567978 146331 437478a433e878264f0f0365e1430603 installed
DEBUG util.py:461:  elfutils-default-yama-scope-0.192-6.el9_6.noarch 1750784808 1810 c2d07047090e054c2e7ce0e03e2b1a09 installed
DEBUG util.py:461:  elfutils-libs-0.192-6.el9_6.aarch64 1750784813 763053 7d630e909b548f655eb77b25cfbeef82 installed
DEBUG util.py:461:  libedit-3.1-38.20210216cvs.el9.aarch64 1698867431 284335 ec504a59f6451bb5ea534bc7f29f87f8 installed
DEBUG util.py:461:  llvm-libs-19.1.7-1.el9.aarch64 1745351891 211687857 9f2cba782e28e06b7272fa7a3392690f installed
DEBUG util.py:461:  ncurses-6.2-10.20210508.el9_6.2.aarch64 1754421494 901668 002fa603415f703f7bb0cae43d89496d installed
DEBUG util.py:461:  cpio-2.13-16.el9.aarch64 1652567623 1079576 931c66d19910c2c4e0225cccca8749f4 installed
DEBUG util.py:461:  diffutils-3.7-12.el9.aarch64 1652899809 1540605 4b739901ebca985a8b8e1f4115ea8607 installed
DEBUG util.py:461:  gdbm-libs-1:1.23-1.el9.aarch64 1730633644 238810 d01348d5cfe0024a846d8e51aa4a7cb3 installed
DEBUG util.py:461:  json-c-0.14-11.el9.aarch64 1653562942 74554 351e39ec7a1c629cad744ec6b3cee72a installed
DEBUG util.py:461:  keyutils-libs-1.6.3-1.el9.aarch64 1681766932 100107 300278f4c1056e876eb8222057705d9e installed
DEBUG util.py:461:  libatomic-11.5.0-5.el9_5.aarch64 1739365851 70594 25c623c5fd82a7b676ebc37a69443620 installed
DEBUG util.py:461:  libbrotli-1.0.9-7.el9_5.aarch64 1734471695 798234 ffe5834212e9adf584f7759f00963f26 installed
DEBUG util.py:461:  libdb-5.3.28-57.el9_6.aarch64 1750787865 1758294 b8302924240c54802d5b3a01a8dfba51 installed
DEBUG util.py:461:  libeconf-0.4.1-4.el9.aarch64 1730668707 74283 a2850c42b98cd75d26196d663980080a installed
DEBUG util.py:461:  libgpg-error-1.42-5.el9.aarch64 1653510385 918488 716b574d895e0587b004db9d0fa138ef installed
DEBUG util.py:461:  libgcrypt-1.10.0-11.el9.aarch64 1730827007 1040162 0a13c04601b8725399b6026120d19247 installed
DEBUG util.py:461:  libnghttp2-1.43.0-6.el9.aarch64 1730634541 202412 75eb84624002fb11434cf98507163b5c installed
DEBUG util.py:461:  libpkgconf-1.7.3-10.el9.aarch64 1681536722 70873 4618cda73e6911f0eaa2791a609f6649 installed
DEBUG util.py:461:  pkgconf-1.7.3-10.el9.aarch64 1681536722 102226 bd3707197944385e62f1aa16f000115a installed
DEBUG util.py:461:  pkgconf-pkg-config-1.7.3-10.el9.aarch64 1681536722 1204 6fcaf73cf048afe3950ad558bf1c973c installed
DEBUG util.py:461:  libxcrypt-devel-4.4.18-3.el9.aarch64 1653509798 31019 6de53a8f34ae8901dcb588b983589017 installed
DEBUG util.py:461:  glibc-devel-2.34-168.el9_6.24.aarch64 1762274135 2177624 bd0cc88b7d9a87a09455958a746276be installed
DEBUG util.py:461:  libtool-ltdl-2.4.6-46.el9.aarch64 1730750166 95928 effa1588c43b3ef5379df4534d4fc723 installed
DEBUG util.py:461:  libverto-0.3.2-3.el9.aarch64 1652484949 71189 e4d77f54c6b777ac7d4c0e30a8426834 installed
DEBUG util.py:461:  make-1:4.3-8.el9.aarch64 1713688250 1735742 96320ae2a3012338fbc79be80511bb1b installed
DEBUG util.py:461:  pcre-8.44-4.el9.aarch64 1730670026 565856 48e987e26cd9789f09eff4adaf6eec31 installed
DEBUG util.py:461:  grep-3.6-5.el9.aarch64 1652567761 837104 48a84a9e0602fd93869b82a268ca176d installed
DEBUG util.py:461:  xz-5.2.5-8.el9_0.aarch64 1655269092 787899 cd45da828a1530a8a72712fc1ab05b75 installed
DEBUG util.py:461:  pcre2-10.40-6.el9.aarch64 1730814452 664154 c65cac7dce5a2b7d302f7f902b3c175e installed
DEBUG util.py:461:  libselinux-3.6-3.el9.aarch64 1745448388 205173 ecb6603286527e5e2f7b65a64c7542a6 installed
DEBUG util.py:461:  sed-4.8-9.el9.aarch64 1652568124 833863 601492e9b20b558d627e352088aab4e3 installed
DEBUG util.py:461:  findutils-1:4.8.0-7.el9.aarch64 1730774706 1805518 bdf7273cc63ce1cc0f075bce71b9e088 installed
DEBUG util.py:461:  libsemanage-3.6-5.el9_6.aarch64 1745449171 306790 30574bcbff6c6eb274677eeb3fc7d70c installed
DEBUG util.py:461:  shadow-utils-2:4.9-12.el9.aarch64 1745722077 4258917 2ac64ae6361d8681325eb25feb7e077d installed
DEBUG util.py:461:  libutempter-1.2.1-6.el9.aarch64 1652567618 165513 8b5f8b9736171546fc574b6317b182c4 installed
DEBUG util.py:461:  tar-2:1.34-7.el9.aarch64 1730909989 3175107 8b2d61a2fa80441904f552e59d5fec5a installed
DEBUG util.py:461:  patch-2.7.6-16.el9.aarch64 1652557519 268754 c40d0262ba1124a1bb011ce713f37318 installed
DEBUG util.py:461:  libssh-config-0.10.4-15.el9_6.noarch 1760714604 277 314449244a5aa267771115a3e8a551a4 installed
DEBUG util.py:461:  coreutils-common-8.32-39.el9.aarch64 1746174602 10880476 5b5f79f8d21026281ca1024e9c43b7c4 installed
DEBUG util.py:461:  openssl-libs-1:3.2.2-6.el9_5.1.aarch64 1739303889 7025146 a79fa5ca5079028af05537be7e0f98c4 installed
DEBUG util.py:461:  coreutils-8.32-39.el9.aarch64 1746174602 8518682 2044f3d2eb935fca29ebe55d0924b5ac installed
DEBUG util.py:461:  ca-certificates-2024.2.69_v8.0.303-91.4.el9_4.noarch 1724259362 2698659 afafd3dc4333f572297a30d065026b7a installed
DEBUG util.py:461:  libblkid-2.37.4-21.el9.aarch64 1746253723 270505 2a8cc8d40cd7297016a7d618e9e8a931 installed
DEBUG util.py:461:  krb5-libs-1.21.1-8.el9_6.aarch64 1750794808 2704681 e75d8275ab2b6e042e4d58b7d3c87043 installed
DEBUG util.py:461:  libmount-2.37.4-21.el9.aarch64 1746253723 363173 61fb95a5361adaa5ca92f529a010a0cd installed
DEBUG util.py:461:  gzip-1.12-1.el9.aarch64 1667088951 421717 296cb3a8f8eca2e717148c7ca312e417 installed
DEBUG util.py:461:  cracklib-2.9.6-27.el9.aarch64 1654018891 431178 43f63d5d9b8bc981aabdbda1e73c1344 installed
DEBUG util.py:461:  systemd-libs-252-51.el9_6.3.rocky.0.1.aarch64 1762243858 1976960 9a8f6b20429f0748c199266a07b04da3 installed
DEBUG util.py:461:  libarchive-3.5.3-6.el9_6.aarch64 1755683832 930438 2c40c601bf1f696be8b7fedd7721f200 installed
DEBUG util.py:461:  util-linux-core-2.37.4-21.el9.aarch64 1746253723 2214231 6ac1f036744538b2007cf6ebf6cd2a72 installed
DEBUG util.py:461:  cracklib-dicts-2.9.6-27.el9.aarch64 1654018891 9815154 4200739f84e8d208241f8426f7f6f774 installed
DEBUG util.py:461:  cyrus-sasl-lib-2.1.27-21.el9.aarch64 1681491790 2456576 b1ad1f80de616d24fa27f6c105c9bf6e installed
DEBUG util.py:461:  libssh-0.10.4-15.el9_6.aarch64 1760714604 527163 4e1842cd99c690668408a738e9d132b4 installed
DEBUG util.py:461:  libfdisk-2.37.4-21.el9.aarch64 1746253723 371627 3a880c538085ea6a0bb6b507ee0bf379 installed
DEBUG util.py:461:  perl-Digest-1.19-4.el9.noarch 1652557902 36844 d7a57b55e633dd437f3d72290aa8acdc installed
DEBUG util.py:461:  perl-Digest-MD5-2.58-4.el9.aarch64 1652557509 106442 0a176fd76a3c33319e713e8296049e5f installed
DEBUG util.py:461:  perl-B-0:1.80-481.1.el9_6.aarch64 1753721389 545181 c71376687a6ed2c0e4a4dc3d310f313e installed
DEBUG util.py:461:  perl-FileHandle-0:2.03-481.1.el9_6.noarch 1753721386 10531 fd3dc680472d27cf02d7494179784cb3 installed
DEBUG util.py:461:  perl-Data-Dumper-2.174-462.el9.aarch64 1652557644 136301 6a685f2dc3af84ab9d1d07886b96bf80 installed
DEBUG util.py:461:  perl-libnet-3.13-4.el9.noarch 1652267711 299357 5cad22704f22db0d115e4f8d698810a0 installed
DEBUG util.py:461:  perl-AutoLoader-0:5.74-481.1.el9_6.noarch 1753721386 22038 9f58c103fadd4368a4dd443b16843642 installed
DEBUG util.py:461:  perl-base-0:2.27-481.1.el9_6.noarch 1753721386 13820 1d86694e12c93a8738a175f1c779e6f6 installed
DEBUG util.py:461:  perl-URI-5.09-3.el9.noarch 1652557860 216915 368880dc4eba77663ef26fdece11a0c0 installed
DEBUG util.py:461:  perl-if-0:0.60.800-481.1.el9_6.noarch 1753721386 6875 38aef3b2cf57f279e2a6661c03b656a1 installed
DEBUG util.py:461:  perl-IO-Socket-IP-0.41-5.el9.noarch 1652267587 100240 e15309272bc8233c371974031d4038f4 installed
DEBUG util.py:461:  perl-Time-Local-2:1.300-7.el9.noarch 1652267583 67344 1ceb12a5fab9494f14aeeae4f98974f8 installed
DEBUG util.py:461:  perl-File-Path-2.18-4.el9.noarch 1652267626 65333 0913f114ee7544e2c36b3c1306b3cacd installed
DEBUG util.py:461:  perl-IO-Socket-SSL-2.073-2.el9.noarch 1730761568 616300 cb9d5e58fbe6d47b52744c67b088b98c installed
DEBUG util.py:461:  perl-Net-SSLeay-1.94-1.el9.aarch64 1730760263 1549066 5e95e95d840f9b3264c152fad8a05bf8 installed
DEBUG util.py:461:  perl-Pod-Escapes-1:1.07-460.el9.noarch 1652557859 25764 63ff5de8c9a9c6dbcf5936924e585158 installed
DEBUG util.py:461:  perl-Text-Tabs+Wrap-2013.0523-460.el9.noarch 1652557682 24828 ed74b8cc464892bdf00d0fa518544448 installed
DEBUG util.py:461:  perl-Mozilla-CA-20200520-6.el9.noarch 1652703889 5866 379218f96763af378c71e840443183f8 installed
DEBUG util.py:461:  perl-Class-Struct-0:0.66-481.1.el9_6.noarch 1753721386 26954 3202ccab5e6c6b0db803a7842e6b83f5 installed
DEBUG util.py:461:  perl-POSIX-0:1.94-481.1.el9_6.aarch64 1753721389 264404 9822f4d35f21706070bd6c8fcf3cc62c installed
DEBUG util.py:461:  perl-Term-ANSIColor-5.01-461.el9.noarch 1652557901 100303 bcbdb440e6a83451175d8d5d92e6d3e9 installed
DEBUG util.py:461:  perl-IPC-Open3-0:1.21-481.1.el9_6.noarch 1753721386 25047 bf64fe9fd2a4ef3945b15240d570bfd3 installed
DEBUG util.py:461:  perl-subs-0:1.03-481.1.el9_6.noarch 1753721386 3061 977f2c5a42f9f04cf7b0c0959df94842 installed
DEBUG util.py:461:  perl-File-Temp-1:0.231.100-4.el9.noarch 1652801313 166550 f59e524679a0053d68e5543e8e7e314f installed
DEBUG util.py:461:  perl-Term-Cap-1.17-460.el9.noarch 1652557643 29851 5d3633d6d7a2efa3b4fd837f0d0ee7a5 installed
DEBUG util.py:461:  perl-Pod-Simple-1:3.42-4.el9.noarch 1652267663 577293 82d3854aa1de3ebb86a9312a6340e90f installed
DEBUG util.py:461:  perl-HTTP-Tiny-0.076-462.el9.noarch 1713427031 150675 c0d71e59cd5878a35fb4e106c7f2a7b7 installed
DEBUG util.py:461:  perl-Socket-4:2.031-4.el9.aarch64 1653562862 145329 9a331bda0cbf85f3a10ebc89107770ef installed
DEBUG util.py:461:  perl-SelectSaver-0:1.02-481.1.el9_6.noarch 1753721386 3171 a98d550fd36618409ba5dd24196a1527 installed
DEBUG util.py:461:  perl-Symbol-0:1.08-481.1.el9_6.noarch 1753721386 7848 a945d62472a270e999af3dc901779584 installed
DEBUG util.py:461:  perl-File-stat-0:1.09-481.1.el9_6.noarch 1753721386 13950 5b79bd7181b0a897d60b6e38b47ee79d installed
DEBUG util.py:461:  perl-podlators-1:4.14-460.el9.noarch 1652557565 288742 864e09f41a0c45d691723f240e3fb11e installed
DEBUG util.py:461:  perl-Pod-Perldoc-3.28.01-461.el9.noarch 1652267564 170960 83cda205537bd2ad32547af109e20f11 installed
DEBUG util.py:461:  perl-Fcntl-0:1.13-481.1.el9_6.aarch64 1753721389 74973 13aba969658aaa35f7cae6705271ef5a installed
DEBUG util.py:461:  perl-Text-ParseWords-3.30-460.el9.noarch 1652267600 13101 f0cff9642d107f0207c44c00e68af130 installed
DEBUG util.py:461:  perl-mro-0:1.23-481.1.el9_6.aarch64 1753721389 84236 f9da884637583f9c2260b4c61de205e7 installed
DEBUG util.py:461:  perl-IO-0:1.43-481.1.el9_6.aarch64 1753721389 203890 d55dd58244213376a6cde25b4dbebd5d installed
DEBUG util.py:461:  perl-overloading-0:0.02-481.1.el9_6.noarch 1753721386 5894 4b9f641f5e1352cdc8ddaafa21439118 installed
DEBUG util.py:461:  perl-Pod-Usage-4:2.01-4.el9.noarch 1652267606 87186 98f6af2a3d64753ac904d5d9407e878e installed
DEBUG util.py:461:  perl-Errno-0:1.30-481.1.el9_6.aarch64 1753721389 9540 1252352239dbd04a03be9248803591d4 installed
DEBUG util.py:461:  perl-File-Basename-0:2.85-481.1.el9_6.noarch 1753721386 15340 6057464999c6d7b6b1a8d893d76bd38b installed
DEBUG util.py:461:  perl-Getopt-Std-0:1.12-481.1.el9_6.noarch 1753721386 12107 60128235c0831ee80bcc79541665872d installed
DEBUG util.py:461:  perl-MIME-Base64-3.16-4.el9.aarch64 1652557671 97161 6a21895757e866500f274f2149ad938d installed
DEBUG util.py:461:  perl-Scalar-List-Utils-4:1.56-462.el9.aarch64 1730629658 151072 6c9929b5f26885338a645be724527332 installed
DEBUG util.py:461:  perl-constant-1.33-461.el9.noarch 1652557763 27104 9def8d849f19f95aa49c79b4135ee214 installed
DEBUG util.py:461:  perl-Storable-1:3.21-460.el9.aarch64 1652557585 248772 3a28c0f3dc5c7e2cbec7df23f5a7fe88 installed
DEBUG util.py:461:  perl-overload-0:1.31-481.1.el9_6.noarch 1753721386 72822 91186cacedc81dfe85381da01627ee4d installed
DEBUG util.py:461:  perl-parent-1:0.238-460.el9.noarch 1653563243 9535 cd964be73bdf6940a87b3d0fe0476847 installed
DEBUG util.py:461:  perl-vars-0:1.05-481.1.el9_6.noarch 1753721386 4927 48d8ec93b2b169381b601ee9504284e3 installed
DEBUG util.py:461:  perl-Getopt-Long-1:2.52-4.el9.noarch 1652267711 139937 d27908b132dda891df7dc6951fa2c34b installed
DEBUG util.py:461:  perl-Carp-1.50-460.el9.noarch 1652557083 47889 5b75bfe3554dc7e88dd88baaf4ea1a03 installed
DEBUG util.py:461:  perl-Exporter-5.74-461.el9.noarch 1652267594 55359 c01c2a31a2561b748052cc0463c35215 installed
DEBUG util.py:461:  perl-PathTools-3.78-461.el9.aarch64 1652557565 231550 c3acde071079dc779ef36e88b576c47a installed
DEBUG util.py:461:  perl-Encode-4:3.08-462.el9.aarch64 1652557509 10374058 6b79d0ece3df6ddce73bb3215e898bfd installed
DEBUG util.py:461:  perl-libs-4:5.32.1-481.1.el9_6.aarch64 1753721389 9046828 742225d6bc8fa612dad7992868c89f8c installed
DEBUG util.py:461:  perl-interpreter-4:5.32.1-481.1.el9_6.aarch64 1753721389 173118 851ae65602ef9763a6140238bd2a69e5 installed
DEBUG util.py:461:  kernel-srpm-macros-1.0-13.el9.noarch 1697600815 16918 89f5468b101517dbed0de0f407d06061 installed
DEBUG util.py:461:  openssl-1:3.2.2-6.el9_5.1.aarch64 1739303889 2055018 d48fed6d218d0fc75b45db713a61ee79 installed
DEBUG util.py:461:  libpwquality-1.4.4-8.el9.aarch64 1653510130 612232 11c81a0901f33974b3fedc3b5d8ab290 installed
DEBUG util.py:461:  pam-1.5.1-26.el9_6.aarch64 1756910570 4635652 981af66c1668c652440d3dc443c5763d installed
DEBUG util.py:461:  libevent-2.1.12-8.el9_4.aarch64 1725400970 1131842 de8a5f06beadf4c83ed06ec2825cf6e8 installed
DEBUG util.py:461:  openldap-2.6.8-4.el9.0.1.aarch64 1746849529 1051689 4213cb48a6066547c7865efa90183111 installed
DEBUG util.py:461:  libcurl-7.76.1-31.el9_6.1.aarch64 1754412123 675350 267bce0e29c0653d639c8def7dccbf41 installed
DEBUG util.py:461:  elfutils-debuginfod-client-0.192-6.el9_6.aarch64 1750784813 146185 784cf41cd7a1c54c6b292976d3551756 installed
DEBUG util.py:461:  binutils-gold-2.35.2-63.el9.aarch64 1745433117 2762931 b5f09245ae1cd3b4c0c5b279a9856ec8 installed
DEBUG util.py:461:  binutils-2.35.2-63.el9.aarch64 1745433117 27448285 c1cb15574065aee3663552268f71463f installed
DEBUG util.py:461:  gcc-11.5.0-5.el9_5.aarch64 1739365851 79837854 4b7f807edf48d14071253000a4d1a2fd installed
DEBUG util.py:461:  elfutils-0.192-6.el9_6.aarch64 1750784813 3535525 6147a3c8dd9db6261cdd837a02bc74a0 installed
DEBUG util.py:461:  gdb-minimal-14.2-4.1.el9_6.aarch64 1750795459 11881646 cd9341e42ffa2a757bfc10622ee0a9b8 installed
DEBUG util.py:461:  debugedit-5.0-5.el9.aarch64 1713344092 246754 46c3458a5656d9b99b1a315e91429fbe installed
DEBUG util.py:461:  annobin-12.92-1.el9.aarch64 1745424484 1531582 28da02fa3682d6b4b4aaa0341eb343dd installed
DEBUG util.py:461:  gcc-plugin-annobin-11.5.0-5.el9_5.aarch64 1739365851 69835 626be965c0668116d36628b2a1c32371 installed
DEBUG util.py:461:  curl-7.76.1-31.el9_6.1.aarch64 1754412123 696673 fa19906edde72a111ca7227de4c0e0c3 installed
DEBUG util.py:461:  rpm-4.16.1.3-37.el9.aarch64 1745296158 2995162 adbd82578ecf1d90c4c79d0e3a68221e installed
DEBUG util.py:461:  rpm-libs-4.16.1.3-37.el9.aarch64 1745296158 817876 b355854b686a50f69237c7d857c45fa2 installed
DEBUG util.py:461:  rpm-build-libs-4.16.1.3-37.el9.aarch64 1745296158 202534 758dde7aefbf1c89f863602e9add8465 installed
DEBUG util.py:461:  efi-srpm-macros-6-2.el9_0.noarch 1653178850 41043 54ec93ffc50a97134d68cad135ce9d80 installed
DEBUG util.py:461:  lua-srpm-macros-1-6.el9.noarch 1652484897 1314 870f5bd7a9f316ac2a42d6cda3bc6d41 installed
DEBUG util.py:461:  fonts-srpm-macros-1:2.0.5-7.el9.1.noarch 1652446192 56503 356003bd30cda7187d766cba0c547d8c installed
DEBUG util.py:461:  go-srpm-macros-3.6.0-10.el9_6.noarch 1747157075 62484 9a457a90fddda6e860f6d3f76fd1be5f installed
DEBUG util.py:461:  python-srpm-macros-3.9-54.el9.noarch 1730432328 37605 69d130ef9a21da361859ceeacf238881 installed
DEBUG util.py:461:  pyproject-srpm-macros-1.16.2-1.el9.noarch 1745286807 1952 96c50e62d638304e39b582e0e3516e5d installed
DEBUG util.py:461:  redhat-rpm-config-209-1.el9.noarch 1745273944 191566 274d48b902df9bf82a7fa59e744dea60 installed
DEBUG util.py:461:  rpm-build-4.16.1.3-37.el9.aarch64 1745296158 329231 107f6f0bba972ae0969bb5d07bd8f0f7 installed
DEBUG util.py:461:  gcc-c++-11.5.0-5.el9_5.aarch64 1739365851 32466321 9b75b4330fe9c9d07d861ba29b48194e installed
DEBUG util.py:461:  util-linux-2.37.4-21.el9.aarch64 1746253723 13939426 60e5883aa81c2706fd904d3056f240cb installed
DEBUG util.py:461:  which-2.21-30.el9_6.aarch64 1754420436 122572 8c42a837070ff3638ae578b75004f7e3 installed
DEBUG util.py:461:  nspr-4.36.0-4.el9_4.aarch64 1757427017 426904 b7f6180f396490db9a76ed9e497603f7 installed
DEBUG util.py:461:  nss-util-3.112.0-4.el9_4.aarch64 1757427017 286992 7f7402f23fbc68d6ca8807da1716e5d5 installed
DEBUG util.py:461:  less-590-5.el9.aarch64 1730838331 479032 d16c452b49f77994e76360423d264955 installed
DEBUG util.py:461:  expat-2.5.0-5.el9_6.aarch64 1747164046 341514 f2e857895722dbd011d03e5d4eb1b6ec installed
DEBUG util.py:461:  nss-softokn-freebl-3.112.0-4.el9_4.aarch64 1757427017 951982 2ee4e3484342b3bded759849fc7a65b7 installed
DEBUG util.py:461:  nss-softokn-3.112.0-4.el9_4.aarch64 1757427017 1509403 63c9f873ca424a47f54210f4bcc1ca26 installed
DEBUG util.py:461:  zlib-devel-1.2.11-40.el9.aarch64 1698484632 141092 0422ec4d67493ae1fab27d3a706e28ab installed
DEBUG util.py:461:  perl-lib-0:0.65-481.1.el9_6.aarch64 1753721389 9673 eae7353224b410c6bba51b99e8a6b006 installed
DEBUG util.py:461:  perl-File-Find-0:1.37-481.1.el9_6.noarch 1753721386 39639 579da6e2590f13c80741c1d80222ad74 installed
DEBUG util.py:461:  perl-Error-1:0.17029-7.el9.noarch 1652557689 79692 13ebcdbd3ca8a9d5b81d2d9f810f815d installed
DEBUG util.py:461:  perl-DynaLoader-0:1.47-481.1.el9_6.aarch64 1753721389 33066 5497baa5e09f2d81d1ae25609249269a installed
DEBUG util.py:461:  perl-TermReadKey-2.38-11.el9.aarch64 1652557599 111218 9bd10b3fc14c8e9d94ec34aa7d53fbfc installed
DEBUG util.py:461:  libzstd-devel-1.5.5-1.el9.aarch64 1745698547 202817 26c662b033c52aa92801c2d1cdb74ebc installed
DEBUG util.py:461:  emacs-filesystem-1:27.2-14.el9_6.2.noarch 1750801612 0 dff7dfceb899313f48127d4add4384ed installed
DEBUG util.py:461:  checkpolicy-3.6-1.el9.aarch64 1713388875 1637198 78aaec7b87a8088d73db3a4bbbfadb74 installed
DEBUG util.py:461:  vim-filesystem-2:8.2.2637-22.el9_6.1.noarch 1760367836 40 212cb403e4dff633ac84e8f7ae162ef5 installed
DEBUG util.py:461:  tcl-1:8.6.10-7.el9.aarch64 1667257543 4727585 5000937cc0365d5a36d38cfa843ef4ca installed
DEBUG util.py:461:  python3-setuptools-wheel-53.0.0-13.el9_6.1.noarch 1751914804 562657 c6fab55a09ccc19fd5b535769555c634 installed
DEBUG util.py:461:  python3-pip-wheel-21.3.1-1.el9.noarch 1730650703 1232804 a3d61a41cd4b76c13e2b6b2c6df65455 installed
DEBUG util.py:461:  python3-3.9.21-2.el9_6.2.aarch64 1756821882 85885 970a5e64d083d3b5d4664d9d6c11bbef installed
DEBUG util.py:461:  python3-libs-3.9.21-2.el9_6.2.aarch64 1756821882 34989081 b8aec2ee7ddcb13deba1c4683f6dcfde installed
DEBUG util.py:461:  python3-setuptools-53.0.0-13.el9_6.1.noarch 1751914804 4351921 8db7aa6d017c0af14e5a4f40538b0f9f installed
DEBUG util.py:461:  python3-libselinux-3.6-3.el9.aarch64 1745448388 650052 ce534c3c9e6d40d05b5d79e2ab5f8b3a installed
DEBUG util.py:461:  python3-libsemanage-3.6-5.el9_6.aarch64 1745449171 456100 1ffabacf002563398b4153b99d106218 installed
DEBUG util.py:461:  python3-setools-4.4.4-1.el9.aarch64 1713375802 2412495 e38a73fd4d194852c039fd3f06b5306c installed
DEBUG util.py:461:  python3-distro-1.5.0-7.el9.noarch 1652267654 156738 66243331743fb7b47ea656ed5c4d017a installed
DEBUG util.py:461:  crypto-policies-scripts-20250128-1.git5269e22.el9.noarch 1745474385 253705 791e0c6f22e45d6ef39bb6f8e8699572 installed
DEBUG util.py:461:  nss-sysinit-3.112.0-4.el9_4.aarch64 1757427017 71218 28a3121b26db57fd972084e430dc288b installed
DEBUG util.py:461:  nss-3.112.0-4.el9_4.aarch64 1757427017 1922605 8c67d14b6ac88982aea9d8730f988a70 installed
DEBUG util.py:461:  nss-tools-3.112.0-4.el9_4.aarch64 1757427017 1974687 46f1546029b364a7a383c6f261bd961a installed
DEBUG util.py:461:  python3-audit-3.1.5-4.el9.aarch64 1746334676 363374 c1467047725065e28aa362f95c066020 installed
DEBUG util.py:461:  procps-ng-3.3.17-14.el9.aarch64 1713635917 1767339 c428652954426d38782b7d1f8d0f7658 installed
DEBUG util.py:461:  openssh-8.7p1-45.el9.rocky.0.1.aarch64 1752888474 1983308 0c5d618c2af64e756350e336f9f8535d installed
DEBUG util.py:461:  libselinux-utils-3.6-3.el9.aarch64 1745448388 1369507 51ffeef7667625eaf1d4c914531f7cf8 installed
DEBUG util.py:461:  policycoreutils-3.6-2.1.el9.aarch64 1712517639 1306935 2d862d37467015bd15f7135096c1aa1b installed
DEBUG util.py:461:  python3-policycoreutils-3.6-2.1.el9.noarch 1712517639 5611343 aec842386ebd368620caf5b196c1e12c installed
DEBUG util.py:461:  policycoreutils-python-utils-3.6-2.1.el9.noarch 1712517639 120038 fb13d37b073663da23c7aca682373800 installed
DEBUG util.py:461:  libpipeline-1.5.3-4.el9.aarch64 1652567602 131509 2e605fd800cf659496327613e7f0a859 installed
DEBUG util.py:461:  man-db-2.9.3-7.el9.aarch64 1681536720 2973271 ae47a3ce4c2099f67765b77d0be39b66 installed
DEBUG util.py:461:  environment-modules-5.3.0-1.el9.aarch64 1698655407 3146789 bf20cdbeedfa2d53883f8b436f97c6b8 installed
DEBUG util.py:461:  scl-utils-1:2.0.3-4.el9.aarch64 1681091770 95045 488533797f3b60f6b494971ce4f1ee0b installed
DEBUG util.py:461:  gcc-toolset-12-runtime-12.0-6.el9.aarch64 1681161229 10900 71dc36f7c9161796cd87e7f768467a52 installed
DEBUG util.py:461:  gcc-toolset-12-binutils-2.38-19.el9.aarch64 1698173702 28259991 bf1dae0524981a570f28c8beb5f63c31 installed
DEBUG util.py:461:  gcc-toolset-12-binutils-gold-2.38-19.el9.aarch64 1698173702 2764366 4c77895513defd0eb5efeb978c991fc1 installed
DEBUG util.py:461:  libcbor-0.7.0-5.el9.aarch64 1653562949 99849 7bec1f8a88cdafc6f3bf9fbcd85f8b6d installed
DEBUG util.py:461:  libfido2-1.13.0-2.el9.aarch64 1713162893 283646 4e2c29b6c76b64a14d18e411f8f3468e installed
DEBUG util.py:461:  openssh-clients-8.7p1-45.el9.rocky.0.1.aarch64 1752888474 2213789 6bece7543785fff415757582aa09d388 installed
DEBUG util.py:461:  git-core-2.47.3-1.el9_6.aarch64 1753188200 22873548 ff1a355acf49a50d440801d6331a634f installed
DEBUG util.py:461:  git-core-doc-2.47.3-1.el9_6.noarch 1753188195 18245498 1fcffeaf5c98be6fd05f45fe08eb5876 installed
DEBUG util.py:461:  perl-Git-2.47.3-1.el9_6.noarch 1753188195 66605 b9b54110694e4c1506e5e6a6d9a2caa2 installed
DEBUG util.py:461:  git-2.47.3-1.el9_6.aarch64 1753188200 87950 de0691f495d679fd38022bd689975116 installed
DEBUG util.py:461:  efivar-libs-38-3.el9.aarch64 1682294967 407610 6fe34220f272ee783b9562b79b9c449c installed
DEBUG util.py:461:  pesign-115-6.el9_1.rocky.2.aarch64 1678119761 945934 5cf92733a406557a27691d37f6e1d03f installed
DEBUG util.py:461:  elfutils-libelf-devel-0.192-6.el9_6.aarch64 1750784813 50673 069cbff3edc5bc431940570a0a29c3b8 installed
DEBUG util.py:461:  openssl-devel-1:3.2.2-6.el9_5.1.aarch64 1739303889 5178173 26910049a184c9e9774474cb23c89368 installed
DEBUG util.py:461:  dos2unix-7.4.2-4.el9.aarch64 1652567838 748639 36e487e722a796690ac26d72882f1bbe installed
DEBUG util.py:608:  Child return code was: 0
DEBUG util.py:183:  kill orphans in chroot /var/lib/mock/rocky-9-aarch64_ciqshim/root
DEBUG util.py:183:  kill orphans in chroot /var/lib/mock/rocky-9-aarch64_ciqshim-bootstrap/root/var/lib/mock/rocky-9-aarch64_ciqshim/root
DEBUG util.py:634:  child environment: None
DEBUG util.py:556:  Executing command: ['/bin/umount', '-n', '-l', '/var/lib/mock/rocky-9-aarch64_ciqshim-bootstrap/root/var/lib/mock/rocky-9-aarch64_ciqshim/root'] with env {'TERM': 'vt100', 'SHELL': '/bin/sh', 'HOME': '/builddir', 'HOSTNAME': 'mock', 'PATH': '/usr/bin:/bin:/usr/sbin:/sbin', 'LANG': 'C.UTF-8'} and shell False
DEBUG util.py:608:  Child return code was: 0
DEBUG util.py:634:  child environment: None
DEBUG util.py:556:  Executing command: ['/bin/umount', '-n', '-l', '/var/lib/mock/rocky-9-aarch64_ciqshim-bootstrap/root/var/lib/mock/rocky-9-aarch64_ciqshim/root'] with env {'TERM': 'vt100', 'SHELL': '/bin/sh', 'HOME': '/builddir', 'HOSTNAME': 'mock', 'PATH': '/usr/bin:/bin:/usr/sbin:/sbin', 'LANG': 'C.UTF-8'} and shell False
DEBUG util.py:608:  Child return code was: 0
INFO buildroot.py:436:  ENTER ['do_with_status'](['bash', '--login', '-c', '/usr/bin/rpmbuild -bb --noclean --target aarch64 --nodeps /builddir/build/SPECS/shim-unsigned-aarch64.spec'], chrootPath='/var/lib/mock/rocky-9-aarch64_ciqshim/root'env={'TERM': 'vt100', 'SHELL': '/bin/bash', 'HOME': '/builddir', 'HOSTNAME': 'mock', 'PATH': '/usr/bin:/bin:/usr/sbin:/sbin', 'PROMPT_COMMAND': 'printf "\\033]0;<mock-chroot>\\007"', 'PS1': '<mock-chroot> \\s-\\v\\$ ', 'LANG': 'C.UTF-8'}shell=Falselogger=<mockbuild.trace_decorator.getLog object at 0xffff72c3d450>timeout=0uid=1000gid=135user='mockbuild'unshare_net=TrueprintOutput=Truenspawn_args=['--capability=cap_ipc_lock', '--bind=/tmp/mock-resolv._u1wk_t1:/etc/resolv.conf', '--bind=/dev/btrfs-control', '--bind=/dev/mapper/control', '--bind=/dev/fuse', '--bind=/dev/loop-control', '--bind=/dev/loop0', '--bind=/dev/loop1', '--bind=/dev/loop2', '--bind=/dev/loop3', '--bind=/dev/loop4', '--bind=/dev/loop5', '--bind=/dev/loop6', '--bind=/dev/loop7', '--bind=/dev/loop8', '--bind=/dev/loop9', '--bind=/dev/loop10', '--bind=/dev/loop11'])
DEBUG util.py:634:  child environment: None
DEBUG util.py:551:  Using nspawn with args ['--capability=cap_ipc_lock', '--bind=/tmp/mock-resolv._u1wk_t1:/etc/resolv.conf', '--bind=/dev/btrfs-control', '--bind=/dev/mapper/control', '--bind=/dev/fuse', '--bind=/dev/loop-control', '--bind=/dev/loop0', '--bind=/dev/loop1', '--bind=/dev/loop2', '--bind=/dev/loop3', '--bind=/dev/loop4', '--bind=/dev/loop5', '--bind=/dev/loop6', '--bind=/dev/loop7', '--bind=/dev/loop8', '--bind=/dev/loop9', '--bind=/dev/loop10', '--bind=/dev/loop11']
DEBUG util.py:556:  Executing command: ['/usr/bin/systemd-nspawn', '-q', '-M', '210c04ebee8e498f9f0a05940dd257f3', '-D', '/var/lib/mock/rocky-9-aarch64_ciqshim/root', '-a', '-u', 'mockbuild', '--capability=cap_ipc_lock', '--bind=/tmp/mock-resolv._u1wk_t1:/etc/resolv.conf', '--bind=/dev/btrfs-control', '--bind=/dev/mapper/control', '--bind=/dev/fuse', '--bind=/dev/loop-control', '--bind=/dev/loop0', '--bind=/dev/loop1', '--bind=/dev/loop2', '--bind=/dev/loop3', '--bind=/dev/loop4', '--bind=/dev/loop5', '--bind=/dev/loop6', '--bind=/dev/loop7', '--bind=/dev/loop8', '--bind=/dev/loop9', '--bind=/dev/loop10', '--bind=/dev/loop11', '--console=pipe', '--setenv=TERM=vt100', '--setenv=SHELL=/bin/bash', '--setenv=HOME=/builddir', '--setenv=HOSTNAME=mock', '--setenv=PATH=/usr/bin:/bin:/usr/sbin:/sbin', '--setenv=PROMPT_COMMAND=printf "\\033]0;<mock-chroot>\\007"', '--setenv=PS1=<mock-chroot> \\s-\\v\\$ ', '--setenv=LANG=C.UTF-8', '--resolv-conf=off', 'bash', '--login', '-c', '/usr/bin/rpmbuild -bb --noclean --target aarch64 --nodeps /builddir/build/SPECS/shim-unsigned-aarch64.spec'] with env {'TERM': 'vt100', 'SHELL': '/bin/bash', 'HOME': '/builddir', 'HOSTNAME': 'mock', 'PATH': '/usr/bin:/bin:/usr/sbin:/sbin', 'PROMPT_COMMAND': 'printf "\\033]0;<mock-chroot>\\007"', 'PS1': '<mock-chroot> \\s-\\v\\$ ', 'LANG': 'C.UTF-8', 'SYSTEMD_NSPAWN_TMPFS_TMP': '0', 'SYSTEMD_SECCOMP': '0'} and shell False
DEBUG util.py:461:  Building target platforms: aarch64
DEBUG util.py:461:  Building for target aarch64
DEBUG util.py:461:  setting SOURCE_DATE_EPOCH=1770768000
DEBUG util.py:461:  Executing(%prep): /bin/sh -e /var/tmp/rpm-tmp.OTbhdH
DEBUG util.py:461:  + umask 022
DEBUG util.py:461:  + cd /builddir/build/BUILD
DEBUG util.py:461:  + cd /builddir/build/BUILD
DEBUG util.py:461:  + rm -rf shim-16.1
DEBUG util.py:461:  + /usr/bin/bzip2 -dc /builddir/build/SOURCES/shim-16.1.tar.bz2
DEBUG util.py:461:  + /usr/bin/tar -xof -
DEBUG util.py:461:  + STATUS=0
DEBUG util.py:461:  + '[' 0 -ne 0 ']'
DEBUG util.py:461:  + cd shim-16.1
DEBUG util.py:461:  + /usr/bin/chmod -Rf a+rX,u+w,g-w,o-w .
DEBUG util.py:461:  + /usr/bin/git init -q
DEBUG util.py:461:  + /usr/bin/git config user.name rpm-build
DEBUG util.py:461:  + /usr/bin/git config user.email '<rpm-build>'
DEBUG util.py:461:  + /usr/bin/git config gc.auto 0
DEBUG util.py:461:  + /usr/bin/git add --force .
DEBUG util.py:461:  + /usr/bin/git commit -q --allow-empty -a --author 'rpm-build <rpm-build>' -m 'shim-unsigned-aarch64-16.1 base'
DEBUG util.py:461:  + git config --unset user.email
DEBUG util.py:461:  + git config --unset user.name
DEBUG util.py:461:  + mkdir build-aa64
DEBUG util.py:461:  + cp /builddir/build/SOURCES/sbat.ciq.csv data/
DEBUG util.py:461:  + RPM_EC=0
DEBUG util.py:459:  ++ jobs -p
DEBUG util.py:461:  + exit 0
DEBUG util.py:461:  Executing(%build): /bin/sh -e /var/tmp/rpm-tmp.EBM1Zt
DEBUG util.py:461:  + umask 022
DEBUG util.py:461:  + cd /builddir/build/BUILD
DEBUG util.py:461:  + cd shim-16.1
DEBUG util.py:461:  + COMMIT_ID=afc49558b34548644c1cd0ad1b6526a9470182ed
DEBUG util.py:461:  + MAKEFLAGS='TOPDIR=.. -f ../Makefile COMMIT_ID=afc49558b34548644c1cd0ad1b6526a9470182ed '
DEBUG util.py:461:  + MAKEFLAGS+='EFIDIR=rocky PKGNAME=shim RELEASE=0.el9 '
DEBUG util.py:461:  + MAKEFLAGS+='ENABLE_SHIM_HASH=true '
DEBUG util.py:461:  + MAKEFLAGS+='SBAT_AUTOMATIC_DATE=2025051000 '
DEBUG util.py:461:  + MAKEFLAGS+=-j2
DEBUG util.py:461:  + '[' -s /builddir/build/SOURCES/ciq_sb_ca.der ']'
DEBUG util.py:461:  + MAKEFLAGS='TOPDIR=.. -f ../Makefile COMMIT_ID=afc49558b34548644c1cd0ad1b6526a9470182ed EFIDIR=rocky PKGNAME=shim RELEASE=0.el9 ENABLE_SHIM_HASH=true SBAT_AUTOMATIC_DATE=2025051000 -j2 VENDOR_CERT_FILE=/builddir/build/SOURCES/ciq_sb_ca.der'
DEBUG util.py:461:  + cd build-aa64
DEBUG util.py:461:  + make TOPDIR=.. -f ../Makefile COMMIT_ID=afc49558b34548644c1cd0ad1b6526a9470182ed EFIDIR=rocky PKGNAME=shim RELEASE=0.el9 ENABLE_SHIM_HASH=true SBAT_AUTOMATIC_DATE=2025051000 -j2 VENDOR_CERT_FILE=/builddir/build/SOURCES/ciq_sb_ca.der 'DEFAULT_LOADER=\\\\grubaa64.efi' all
DEBUG util.py:461:  gcc -std=gnu11 -Og -g3 -Wall -Wextra -Wno-missing-field-initializers -Werror -o generate_sbat_var_defs /builddir/build/BUILD/shim-16.1/generate_sbat_var_defs.c
DEBUG util.py:461:  ./generate_sbat_var_defs /builddir/build/BUILD/shim-16.1 > generated_sbat_var_defs.h
DEBUG util.py:461:  sed	-e "s,@@VERSION@@,16.1," \
DEBUG util.py:461:  	-e "s,@@UNAME@@,buildhost," \
DEBUG util.py:461:  	-e "s,@@COMMIT@@,afc49558b34548644c1cd0ad1b6526a9470182ed," \
DEBUG util.py:461:  	< /builddir/build/BUILD/shim-16.1/version.c.in > version.c
DEBUG util.py:461:  gcc -std=gnu11 -ggdb -gdwarf-4 -gstrict-dwarf -ffreestanding -fmacro-prefix-map=/builddir/build/BUILD/shim-16.1/= -fno-stack-protector -fno-strict-aliasing -fpic -fshort-wchar -Os -Wall -Wextra -Wno-missing-field-initializers  -DMDE_CPU_AARCH64 -DPAGE_SIZE=4096 -mstrict-align -Werror -nostdinc -I/builddir/build/BUILD/shim-16.1/Cryptlib -I/builddir/build/BUILD/shim-16.1/Cryptlib/Include -I/builddir/build/BUILD/shim-16.1/gnu-efi/inc -I/builddir/build/BUILD/shim-16.1/gnu-efi/inc/aarch64 -I/builddir/build/BUILD/shim-16.1/gnu-efi/inc/protocol -I/builddir/build/BUILD/shim-16.1/include -iquote /builddir/build/BUILD/shim-16.1 -iquote /builddir/build/BUILD/shim-16.1/build-aa64 -isystem /builddir/build/BUILD/shim-16.1/include/system -isystem /usr/lib/gcc/aarch64-redhat-linux/11/include -DDEFAULT_LOADER='L"\\\\grubaa64.efi"' -DDEFAULT_LOADER_CHAR='"\\\\grubaa64.efi"' -DEFI_ARCH='L"aa64"' -DDEBUGDIR='L"/usr/lib/debug/usr/share/shim/aa64-16.1-0.el9/"' -DVENDOR_CERT_FILE=\"/builddir/build/SOURCES/ciq_sb_ca.der\" -DSBAT_AUTOMATIC_DATE=2025051000   -c -o shim.o /builddir/build/BUILD/shim-16.1/shim.c
DEBUG util.py:461:  gcc -std=gnu11 -ggdb -gdwarf-4 -gstrict-dwarf -ffreestanding -fmacro-prefix-map=/builddir/build/BUILD/shim-16.1/= -fno-stack-protector -fno-strict-aliasing -fpic -fshort-wchar -Os -Wall -Wextra -Wno-missing-field-initializers  -DMDE_CPU_AARCH64 -DPAGE_SIZE=4096 -mstrict-align -Werror -nostdinc -I/builddir/build/BUILD/shim-16.1/Cryptlib -I/builddir/build/BUILD/shim-16.1/Cryptlib/Include -I/builddir/build/BUILD/shim-16.1/gnu-efi/inc -I/builddir/build/BUILD/shim-16.1/gnu-efi/inc/aarch64 -I/builddir/build/BUILD/shim-16.1/gnu-efi/inc/protocol -I/builddir/build/BUILD/shim-16.1/include -iquote /builddir/build/BUILD/shim-16.1 -iquote /builddir/build/BUILD/shim-16.1/build-aa64 -isystem /builddir/build/BUILD/shim-16.1/include/system -isystem /usr/lib/gcc/aarch64-redhat-linux/11/include -DDEFAULT_LOADER='L"\\\\grubaa64.efi"' -DDEFAULT_LOADER_CHAR='"\\\\grubaa64.efi"' -DEFI_ARCH='L"aa64"' -DDEBUGDIR='L"/usr/lib/debug/usr/share/shim/aa64-16.1-0.el9/"' -DVENDOR_CERT_FILE=\"/builddir/build/SOURCES/ciq_sb_ca.der\" -DSBAT_AUTOMATIC_DATE=2025051000   -c -o globals.o /builddir/build/BUILD/shim-16.1/globals.c
DEBUG util.py:461:  gcc -std=gnu11 -ggdb -gdwarf-4 -gstrict-dwarf -ffreestanding -fmacro-prefix-map=/builddir/build/BUILD/shim-16.1/= -fno-stack-protector -fno-strict-aliasing -fpic -fshort-wchar -Os -Wall -Wextra -Wno-missing-field-initializers  -DMDE_CPU_AARCH64 -DPAGE_SIZE=4096 -mstrict-align -Werror -nostdinc -I/builddir/build/BUILD/shim-16.1/Cryptlib -I/builddir/build/BUILD/shim-16.1/Cryptlib/Include -I/builddir/build/BUILD/shim-16.1/gnu-efi/inc -I/builddir/build/BUILD/shim-16.1/gnu-efi/inc/aarch64 -I/builddir/build/BUILD/shim-16.1/gnu-efi/inc/protocol -I/builddir/build/BUILD/shim-16.1/include -iquote /builddir/build/BUILD/shim-16.1 -iquote /builddir/build/BUILD/shim-16.1/build-aa64 -isystem /builddir/build/BUILD/shim-16.1/include/system -isystem /usr/lib/gcc/aarch64-redhat-linux/11/include -DDEFAULT_LOADER='L"\\\\grubaa64.efi"' -DDEFAULT_LOADER_CHAR='"\\\\grubaa64.efi"' -DEFI_ARCH='L"aa64"' -DDEBUGDIR='L"/usr/lib/debug/usr/share/shim/aa64-16.1-0.el9/"' -DVENDOR_CERT_FILE=\"/builddir/build/SOURCES/ciq_sb_ca.der\" -DSBAT_AUTOMATIC_DATE=2025051000   -c -o memattrs.o /builddir/build/BUILD/shim-16.1/memattrs.c
DEBUG util.py:461:  gcc -std=gnu11 -ggdb -gdwarf-4 -gstrict-dwarf -ffreestanding -fmacro-prefix-map=/builddir/build/BUILD/shim-16.1/= -fno-stack-protector -fno-strict-aliasing -fpic -fshort-wchar -Os -Wall -Wextra -Wno-missing-field-initializers  -DMDE_CPU_AARCH64 -DPAGE_SIZE=4096 -mstrict-align -Werror -nostdinc -I/builddir/build/BUILD/shim-16.1/Cryptlib -I/builddir/build/BUILD/shim-16.1/Cryptlib/Include -I/builddir/build/BUILD/shim-16.1/gnu-efi/inc -I/builddir/build/BUILD/shim-16.1/gnu-efi/inc/aarch64 -I/builddir/build/BUILD/shim-16.1/gnu-efi/inc/protocol -I/builddir/build/BUILD/shim-16.1/include -iquote /builddir/build/BUILD/shim-16.1 -iquote /builddir/build/BUILD/shim-16.1/build-aa64 -isystem /builddir/build/BUILD/shim-16.1/include/system -isystem /usr/lib/gcc/aarch64-redhat-linux/11/include -DDEFAULT_LOADER='L"\\\\grubaa64.efi"' -DDEFAULT_LOADER_CHAR='"\\\\grubaa64.efi"' -DEFI_ARCH='L"aa64"' -DDEBUGDIR='L"/usr/lib/debug/usr/share/shim/aa64-16.1-0.el9/"' -DVENDOR_CERT_FILE=\"/builddir/build/SOURCES/ciq_sb_ca.der\" -DSBAT_AUTOMATIC_DATE=2025051000   -c -o mok.o /builddir/build/BUILD/shim-16.1/mok.c
DEBUG util.py:461:  gcc -std=gnu11 -ggdb -gdwarf-4 -gstrict-dwarf -ffreestanding -fmacro-prefix-map=/builddir/build/BUILD/shim-16.1/= -fno-stack-protector -fno-strict-aliasing -fpic -fshort-wchar -Os -Wall -Wextra -Wno-missing-field-initializers  -DMDE_CPU_AARCH64 -DPAGE_SIZE=4096 -mstrict-align -Werror -nostdinc -I/builddir/build/BUILD/shim-16.1/Cryptlib -I/builddir/build/BUILD/shim-16.1/Cryptlib/Include -I/builddir/build/BUILD/shim-16.1/gnu-efi/inc -I/builddir/build/BUILD/shim-16.1/gnu-efi/inc/aarch64 -I/builddir/build/BUILD/shim-16.1/gnu-efi/inc/protocol -I/builddir/build/BUILD/shim-16.1/include -iquote /builddir/build/BUILD/shim-16.1 -iquote /builddir/build/BUILD/shim-16.1/build-aa64 -isystem /builddir/build/BUILD/shim-16.1/include/system -isystem /usr/lib/gcc/aarch64-redhat-linux/11/include -DDEFAULT_LOADER='L"\\\\grubaa64.efi"' -DDEFAULT_LOADER_CHAR='"\\\\grubaa64.efi"' -DEFI_ARCH='L"aa64"' -DDEBUGDIR='L"/usr/lib/debug/usr/share/shim/aa64-16.1-0.el9/"' -DVENDOR_CERT_FILE=\"/builddir/build/SOURCES/ciq_sb_ca.der\" -DSBAT_AUTOMATIC_DATE=2025051000   -c -o netboot.o /builddir/build/BUILD/shim-16.1/netboot.c
DEBUG util.py:461:  gcc -std=gnu11 -ggdb -gdwarf-4 -gstrict-dwarf -ffreestanding -fmacro-prefix-map=/builddir/build/BUILD/shim-16.1/= -fno-stack-protector -fno-strict-aliasing -fpic -fshort-wchar -Os -Wall -Wextra -Wno-missing-field-initializers  -DMDE_CPU_AARCH64 -DPAGE_SIZE=4096 -mstrict-align -Werror -nostdinc -I/builddir/build/BUILD/shim-16.1/Cryptlib -I/builddir/build/BUILD/shim-16.1/Cryptlib/Include -I/builddir/build/BUILD/shim-16.1/gnu-efi/inc -I/builddir/build/BUILD/shim-16.1/gnu-efi/inc/aarch64 -I/builddir/build/BUILD/shim-16.1/gnu-efi/inc/protocol -I/builddir/build/BUILD/shim-16.1/include -iquote /builddir/build/BUILD/shim-16.1 -iquote /builddir/build/BUILD/shim-16.1/build-aa64 -isystem /builddir/build/BUILD/shim-16.1/include/system -isystem /usr/lib/gcc/aarch64-redhat-linux/11/include -DDEFAULT_LOADER='L"\\\\grubaa64.efi"' -DDEFAULT_LOADER_CHAR='"\\\\grubaa64.efi"' -DEFI_ARCH='L"aa64"' -DDEBUGDIR='L"/usr/lib/debug/usr/share/shim/aa64-16.1-0.el9/"' -DVENDOR_CERT_FILE=\"/builddir/build/SOURCES/ciq_sb_ca.der\" -DSBAT_AUTOMATIC_DATE=2025051000 -c -o cert.o /builddir/build/BUILD/shim-16.1/cert.S 
DEBUG util.py:459:  /builddir/build/BUILD/shim-16.1/cert.S: Assembler messages:
DEBUG util.py:459:  /builddir/build/BUILD/shim-16.1/cert.S:55: Warning: setting incorrect section attributes for .note.GNU-stack
DEBUG util.py:461:  gcc -std=gnu11 -ggdb -gdwarf-4 -gstrict-dwarf -ffreestanding -fmacro-prefix-map=/builddir/build/BUILD/shim-16.1/= -fno-stack-protector -fno-strict-aliasing -fpic -fshort-wchar -Os -Wall -Wextra -Wno-missing-field-initializers  -DMDE_CPU_AARCH64 -DPAGE_SIZE=4096 -mstrict-align -Werror -nostdinc -I/builddir/build/BUILD/shim-16.1/Cryptlib -I/builddir/build/BUILD/shim-16.1/Cryptlib/Include -I/builddir/build/BUILD/shim-16.1/gnu-efi/inc -I/builddir/build/BUILD/shim-16.1/gnu-efi/inc/aarch64 -I/builddir/build/BUILD/shim-16.1/gnu-efi/inc/protocol -I/builddir/build/BUILD/shim-16.1/include -iquote /builddir/build/BUILD/shim-16.1 -iquote /builddir/build/BUILD/shim-16.1/build-aa64 -isystem /builddir/build/BUILD/shim-16.1/include/system -isystem /usr/lib/gcc/aarch64-redhat-linux/11/include -DDEFAULT_LOADER='L"\\\\grubaa64.efi"' -DDEFAULT_LOADER_CHAR='"\\\\grubaa64.efi"' -DEFI_ARCH='L"aa64"' -DDEBUGDIR='L"/usr/lib/debug/usr/share/shim/aa64-16.1-0.el9/"' -DVENDOR_CERT_FILE=\"/builddir/build/SOURCES/ciq_sb_ca.der\" -DSBAT_AUTOMATIC_DATE=2025051000   -c -o dp.o /builddir/build/BUILD/shim-16.1/dp.c
DEBUG util.py:461:  gcc -std=gnu11 -ggdb -gdwarf-4 -gstrict-dwarf -ffreestanding -fmacro-prefix-map=/builddir/build/BUILD/shim-16.1/= -fno-stack-protector -fno-strict-aliasing -fpic -fshort-wchar -Os -Wall -Wextra -Wno-missing-field-initializers  -DMDE_CPU_AARCH64 -DPAGE_SIZE=4096 -mstrict-align -Werror -nostdinc -I/builddir/build/BUILD/shim-16.1/Cryptlib -I/builddir/build/BUILD/shim-16.1/Cryptlib/Include -I/builddir/build/BUILD/shim-16.1/gnu-efi/inc -I/builddir/build/BUILD/shim-16.1/gnu-efi/inc/aarch64 -I/builddir/build/BUILD/shim-16.1/gnu-efi/inc/protocol -I/builddir/build/BUILD/shim-16.1/include -iquote /builddir/build/BUILD/shim-16.1 -iquote /builddir/build/BUILD/shim-16.1/build-aa64 -isystem /builddir/build/BUILD/shim-16.1/include/system -isystem /usr/lib/gcc/aarch64-redhat-linux/11/include -DDEFAULT_LOADER='L"\\\\grubaa64.efi"' -DDEFAULT_LOADER_CHAR='"\\\\grubaa64.efi"' -DEFI_ARCH='L"aa64"' -DDEBUGDIR='L"/usr/lib/debug/usr/share/shim/aa64-16.1-0.el9/"' -DVENDOR_CERT_FILE=\"/builddir/build/SOURCES/ciq_sb_ca.der\" -DSBAT_AUTOMATIC_DATE=2025051000   -c -o loader-proto.o /builddir/build/BUILD/shim-16.1/loader-proto.c
DEBUG util.py:461:  gcc -std=gnu11 -ggdb -gdwarf-4 -gstrict-dwarf -ffreestanding -fmacro-prefix-map=/builddir/build/BUILD/shim-16.1/= -fno-stack-protector -fno-strict-aliasing -fpic -fshort-wchar -Os -Wall -Wextra -Wno-missing-field-initializers  -DMDE_CPU_AARCH64 -DPAGE_SIZE=4096 -mstrict-align -Werror -nostdinc -I/builddir/build/BUILD/shim-16.1/Cryptlib -I/builddir/build/BUILD/shim-16.1/Cryptlib/Include -I/builddir/build/BUILD/shim-16.1/gnu-efi/inc -I/builddir/build/BUILD/shim-16.1/gnu-efi/inc/aarch64 -I/builddir/build/BUILD/shim-16.1/gnu-efi/inc/protocol -I/builddir/build/BUILD/shim-16.1/include -iquote /builddir/build/BUILD/shim-16.1 -iquote /builddir/build/BUILD/shim-16.1/build-aa64 -isystem /builddir/build/BUILD/shim-16.1/include/system -isystem /usr/lib/gcc/aarch64-redhat-linux/11/include -DDEFAULT_LOADER='L"\\\\grubaa64.efi"' -DDEFAULT_LOADER_CHAR='"\\\\grubaa64.efi"' -DEFI_ARCH='L"aa64"' -DDEBUGDIR='L"/usr/lib/debug/usr/share/shim/aa64-16.1-0.el9/"' -DVENDOR_CERT_FILE=\"/builddir/build/SOURCES/ciq_sb_ca.der\" -DSBAT_AUTOMATIC_DATE=2025051000   -c -o tpm.o /builddir/build/BUILD/shim-16.1/tpm.c
DEBUG util.py:461:  gcc -std=gnu11 -ggdb -gdwarf-4 -gstrict-dwarf -ffreestanding -fmacro-prefix-map=/builddir/build/BUILD/shim-16.1/= -fno-stack-protector -fno-strict-aliasing -fpic -fshort-wchar -Os -Wall -Wextra -Wno-missing-field-initializers  -DMDE_CPU_AARCH64 -DPAGE_SIZE=4096 -mstrict-align -Werror -nostdinc -I/builddir/build/BUILD/shim-16.1/Cryptlib -I/builddir/build/BUILD/shim-16.1/Cryptlib/Include -I/builddir/build/BUILD/shim-16.1/gnu-efi/inc -I/builddir/build/BUILD/shim-16.1/gnu-efi/inc/aarch64 -I/builddir/build/BUILD/shim-16.1/gnu-efi/inc/protocol -I/builddir/build/BUILD/shim-16.1/include -iquote /builddir/build/BUILD/shim-16.1 -iquote /builddir/build/BUILD/shim-16.1/build-aa64 -isystem /builddir/build/BUILD/shim-16.1/include/system -isystem /usr/lib/gcc/aarch64-redhat-linux/11/include -DDEFAULT_LOADER='L"\\\\grubaa64.efi"' -DDEFAULT_LOADER_CHAR='"\\\\grubaa64.efi"' -DEFI_ARCH='L"aa64"' -DDEBUGDIR='L"/usr/lib/debug/usr/share/shim/aa64-16.1-0.el9/"' -DVENDOR_CERT_FILE=\"/builddir/build/SOURCES/ciq_sb_ca.der\" -DSBAT_AUTOMATIC_DATE=2025051000   -c -o version.o version.c
DEBUG util.py:461:  gcc -std=gnu11 -ggdb -gdwarf-4 -gstrict-dwarf -ffreestanding -fmacro-prefix-map=/builddir/build/BUILD/shim-16.1/= -fno-stack-protector -fno-strict-aliasing -fpic -fshort-wchar -Os -Wall -Wextra -Wno-missing-field-initializers  -DMDE_CPU_AARCH64 -DPAGE_SIZE=4096 -mstrict-align -Werror -nostdinc -I/builddir/build/BUILD/shim-16.1/Cryptlib -I/builddir/build/BUILD/shim-16.1/Cryptlib/Include -I/builddir/build/BUILD/shim-16.1/gnu-efi/inc -I/builddir/build/BUILD/shim-16.1/gnu-efi/inc/aarch64 -I/builddir/build/BUILD/shim-16.1/gnu-efi/inc/protocol -I/builddir/build/BUILD/shim-16.1/include -iquote /builddir/build/BUILD/shim-16.1 -iquote /builddir/build/BUILD/shim-16.1/build-aa64 -isystem /builddir/build/BUILD/shim-16.1/include/system -isystem /usr/lib/gcc/aarch64-redhat-linux/11/include -DDEFAULT_LOADER='L"\\\\grubaa64.efi"' -DDEFAULT_LOADER_CHAR='"\\\\grubaa64.efi"' -DEFI_ARCH='L"aa64"' -DDEBUGDIR='L"/usr/lib/debug/usr/share/shim/aa64-16.1-0.el9/"' -DVENDOR_CERT_FILE=\"/builddir/build/SOURCES/ciq_sb_ca.der\" -DSBAT_AUTOMATIC_DATE=2025051000   -c -o errlog.o /builddir/build/BUILD/shim-16.1/errlog.c
DEBUG util.py:461:  gcc -std=gnu11 -ggdb -gdwarf-4 -gstrict-dwarf -ffreestanding -fmacro-prefix-map=/builddir/build/BUILD/shim-16.1/= -fno-stack-protector -fno-strict-aliasing -fpic -fshort-wchar -Os -Wall -Wextra -Wno-missing-field-initializers  -DMDE_CPU_AARCH64 -DPAGE_SIZE=4096 -mstrict-align -Werror -nostdinc -I/builddir/build/BUILD/shim-16.1/Cryptlib -I/builddir/build/BUILD/shim-16.1/Cryptlib/Include -I/builddir/build/BUILD/shim-16.1/gnu-efi/inc -I/builddir/build/BUILD/shim-16.1/gnu-efi/inc/aarch64 -I/builddir/build/BUILD/shim-16.1/gnu-efi/inc/protocol -I/builddir/build/BUILD/shim-16.1/include -iquote /builddir/build/BUILD/shim-16.1 -iquote /builddir/build/BUILD/shim-16.1/build-aa64 -isystem /builddir/build/BUILD/shim-16.1/include/system -isystem /usr/lib/gcc/aarch64-redhat-linux/11/include -DDEFAULT_LOADER='L"\\\\grubaa64.efi"' -DDEFAULT_LOADER_CHAR='"\\\\grubaa64.efi"' -DEFI_ARCH='L"aa64"' -DDEBUGDIR='L"/usr/lib/debug/usr/share/shim/aa64-16.1-0.el9/"' -DVENDOR_CERT_FILE=\"/builddir/build/SOURCES/ciq_sb_ca.der\" -DSBAT_AUTOMATIC_DATE=2025051000   -c -o sbat.o /builddir/build/BUILD/shim-16.1/sbat.c
DEBUG util.py:461:  dos2unix -r -l -F -f -n /builddir/build/BUILD/shim-16.1/data/sbat.ciq.csv sbat.ciq.csv
DEBUG util.py:459:  dos2unix: converting file /builddir/build/BUILD/shim-16.1/data/sbat.ciq.csv to file sbat.ciq.csv in Unix format...
DEBUG util.py:461:  tail -c1 sbat.ciq.csv | read -r _ || echo >> sbat.ciq.csv # ensure a trailing newline
DEBUG util.py:461:  gcc -std=gnu11 -ggdb -gdwarf-4 -gstrict-dwarf -ffreestanding -fmacro-prefix-map=/builddir/build/BUILD/shim-16.1/= -fno-stack-protector -fno-strict-aliasing -fpic -fshort-wchar -Os -Wall -Wextra -Wno-missing-field-initializers  -DMDE_CPU_AARCH64 -DPAGE_SIZE=4096 -mstrict-align -Werror -nostdinc -I/builddir/build/BUILD/shim-16.1/Cryptlib -I/builddir/build/BUILD/shim-16.1/Cryptlib/Include -I/builddir/build/BUILD/shim-16.1/gnu-efi/inc -I/builddir/build/BUILD/shim-16.1/gnu-efi/inc/aarch64 -I/builddir/build/BUILD/shim-16.1/gnu-efi/inc/protocol -I/builddir/build/BUILD/shim-16.1/include -iquote /builddir/build/BUILD/shim-16.1 -iquote /builddir/build/BUILD/shim-16.1/build-aa64 -isystem /builddir/build/BUILD/shim-16.1/include/system -isystem /usr/lib/gcc/aarch64-redhat-linux/11/include -DDEFAULT_LOADER='L"\\\\grubaa64.efi"' -DDEFAULT_LOADER_CHAR='"\\\\grubaa64.efi"' -DEFI_ARCH='L"aa64"' -DDEBUGDIR='L"/usr/lib/debug/usr/share/shim/aa64-16.1-0.el9/"' -DVENDOR_CERT_FILE=\"/builddir/build/SOURCES/ciq_sb_ca.der\" -DSBAT_AUTOMATIC_DATE=2025051000 -x c -c -o sbat_data.o /dev/null
DEBUG util.py:461:  objcopy --add-section .sbat=/builddir/build/BUILD/shim-16.1/data/sbat.csv \
DEBUG util.py:461:  	--set-section-flags .sbat=contents,alloc,load,readonly,data \
DEBUG util.py:461:  	sbat_data.o
DEBUG util.py:461:  objcopy --add-section ".sbat.ciq=sbat.ciq.csv" sbat_data.o
DEBUG util.py:461:  gcc -std=gnu11 -ggdb -gdwarf-4 -gstrict-dwarf -ffreestanding -fmacro-prefix-map=/builddir/build/BUILD/shim-16.1/= -fno-stack-protector -fno-strict-aliasing -fpic -fshort-wchar -Os -Wall -Wextra -Wno-missing-field-initializers  -DMDE_CPU_AARCH64 -DPAGE_SIZE=4096 -mstrict-align -Werror -nostdinc -I/builddir/build/BUILD/shim-16.1/Cryptlib -I/builddir/build/BUILD/shim-16.1/Cryptlib/Include -I/builddir/build/BUILD/shim-16.1/gnu-efi/inc -I/builddir/build/BUILD/shim-16.1/gnu-efi/inc/aarch64 -I/builddir/build/BUILD/shim-16.1/gnu-efi/inc/protocol -I/builddir/build/BUILD/shim-16.1/include -iquote /builddir/build/BUILD/shim-16.1 -iquote /builddir/build/BUILD/shim-16.1/build-aa64 -isystem /builddir/build/BUILD/shim-16.1/include/system -isystem /usr/lib/gcc/aarch64-redhat-linux/11/include -DDEFAULT_LOADER='L"\\\\grubaa64.efi"' -DDEFAULT_LOADER_CHAR='"\\\\grubaa64.efi"' -DEFI_ARCH='L"aa64"' -DDEBUGDIR='L"/usr/lib/debug/usr/share/shim/aa64-16.1-0.el9/"' -DVENDOR_CERT_FILE=\"/builddir/build/SOURCES/ciq_sb_ca.der\" -DSBAT_AUTOMATIC_DATE=2025051000 -c -o sbat_var.o /builddir/build/BUILD/shim-16.1/sbat_var.S 
DEBUG util.py:459:  /builddir/build/BUILD/shim-16.1/sbat_var.S: Assembler messages:
DEBUG util.py:459:  /builddir/build/BUILD/shim-16.1/sbat_var.S:24: Warning: setting incorrect section attributes for .note.GNU-stack
DEBUG util.py:461:  gcc -std=gnu11 -ggdb -gdwarf-4 -gstrict-dwarf -ffreestanding -fmacro-prefix-map=/builddir/build/BUILD/shim-16.1/= -fno-stack-protector -fno-strict-aliasing -fpic -fshort-wchar -Os -Wall -Wextra -Wno-missing-field-initializers  -DMDE_CPU_AARCH64 -DPAGE_SIZE=4096 -mstrict-align -Werror -nostdinc -I/builddir/build/BUILD/shim-16.1/Cryptlib -I/builddir/build/BUILD/shim-16.1/Cryptlib/Include -I/builddir/build/BUILD/shim-16.1/gnu-efi/inc -I/builddir/build/BUILD/shim-16.1/gnu-efi/inc/aarch64 -I/builddir/build/BUILD/shim-16.1/gnu-efi/inc/protocol -I/builddir/build/BUILD/shim-16.1/include -iquote /builddir/build/BUILD/shim-16.1 -iquote /builddir/build/BUILD/shim-16.1/build-aa64 -isystem /builddir/build/BUILD/shim-16.1/include/system -isystem /usr/lib/gcc/aarch64-redhat-linux/11/include -DDEFAULT_LOADER='L"\\\\grubaa64.efi"' -DDEFAULT_LOADER_CHAR='"\\\\grubaa64.efi"' -DEFI_ARCH='L"aa64"' -DDEBUGDIR='L"/usr/lib/debug/usr/share/shim/aa64-16.1-0.el9/"' -DVENDOR_CERT_FILE=\"/builddir/build/SOURCES/ciq_sb_ca.der\" -DSBAT_AUTOMATIC_DATE=2025051000   -c -o pe.o /builddir/build/BUILD/shim-16.1/pe.c
DEBUG util.py:461:  gcc -std=gnu11 -ggdb -gdwarf-4 -gstrict-dwarf -ffreestanding -fmacro-prefix-map=/builddir/build/BUILD/shim-16.1/= -fno-stack-protector -fno-strict-aliasing -fpic -fshort-wchar -Os -Wall -Wextra -Wno-missing-field-initializers  -DMDE_CPU_AARCH64 -DPAGE_SIZE=4096 -mstrict-align -Werror -nostdinc -I/builddir/build/BUILD/shim-16.1/Cryptlib -I/builddir/build/BUILD/shim-16.1/Cryptlib/Include -I/builddir/build/BUILD/shim-16.1/gnu-efi/inc -I/builddir/build/BUILD/shim-16.1/gnu-efi/inc/aarch64 -I/builddir/build/BUILD/shim-16.1/gnu-efi/inc/protocol -I/builddir/build/BUILD/shim-16.1/include -iquote /builddir/build/BUILD/shim-16.1 -iquote /builddir/build/BUILD/shim-16.1/build-aa64 -isystem /builddir/build/BUILD/shim-16.1/include/system -isystem /usr/lib/gcc/aarch64-redhat-linux/11/include -DDEFAULT_LOADER='L"\\\\grubaa64.efi"' -DDEFAULT_LOADER_CHAR='"\\\\grubaa64.efi"' -DEFI_ARCH='L"aa64"' -DDEBUGDIR='L"/usr/lib/debug/usr/share/shim/aa64-16.1-0.el9/"' -DVENDOR_CERT_FILE=\"/builddir/build/SOURCES/ciq_sb_ca.der\" -DSBAT_AUTOMATIC_DATE=2025051000   -c -o pe-relocate.o /builddir/build/BUILD/shim-16.1/pe-relocate.c
DEBUG util.py:461:  gcc -std=gnu11 -ggdb -gdwarf-4 -gstrict-dwarf -ffreestanding -fmacro-prefix-map=/builddir/build/BUILD/shim-16.1/= -fno-stack-protector -fno-strict-aliasing -fpic -fshort-wchar -Os -Wall -Wextra -Wno-missing-field-initializers  -DMDE_CPU_AARCH64 -DPAGE_SIZE=4096 -mstrict-align -Werror -nostdinc -I/builddir/build/BUILD/shim-16.1/Cryptlib -I/builddir/build/BUILD/shim-16.1/Cryptlib/Include -I/builddir/build/BUILD/shim-16.1/gnu-efi/inc -I/builddir/build/BUILD/shim-16.1/gnu-efi/inc/aarch64 -I/builddir/build/BUILD/shim-16.1/gnu-efi/inc/protocol -I/builddir/build/BUILD/shim-16.1/include -iquote /builddir/build/BUILD/shim-16.1 -iquote /builddir/build/BUILD/shim-16.1/build-aa64 -isystem /builddir/build/BUILD/shim-16.1/include/system -isystem /usr/lib/gcc/aarch64-redhat-linux/11/include -DDEFAULT_LOADER='L"\\\\grubaa64.efi"' -DDEFAULT_LOADER_CHAR='"\\\\grubaa64.efi"' -DEFI_ARCH='L"aa64"' -DDEBUGDIR='L"/usr/lib/debug/usr/share/shim/aa64-16.1-0.el9/"' -DVENDOR_CERT_FILE=\"/builddir/build/SOURCES/ciq_sb_ca.der\" -DSBAT_AUTOMATIC_DATE=2025051000   -c -o httpboot.o /builddir/build/BUILD/shim-16.1/httpboot.c
DEBUG util.py:461:  gcc -std=gnu11 -ggdb -gdwarf-4 -gstrict-dwarf -ffreestanding -fmacro-prefix-map=/builddir/build/BUILD/shim-16.1/= -fno-stack-protector -fno-strict-aliasing -fpic -fshort-wchar -Os -Wall -Wextra -Wno-missing-field-initializers  -DMDE_CPU_AARCH64 -DPAGE_SIZE=4096 -mstrict-align -Werror -nostdinc -I/builddir/build/BUILD/shim-16.1/Cryptlib -I/builddir/build/BUILD/shim-16.1/Cryptlib/Include -I/builddir/build/BUILD/shim-16.1/gnu-efi/inc -I/builddir/build/BUILD/shim-16.1/gnu-efi/inc/aarch64 -I/builddir/build/BUILD/shim-16.1/gnu-efi/inc/protocol -I/builddir/build/BUILD/shim-16.1/include -iquote /builddir/build/BUILD/shim-16.1 -iquote /builddir/build/BUILD/shim-16.1/build-aa64 -isystem /builddir/build/BUILD/shim-16.1/include/system -isystem /usr/lib/gcc/aarch64-redhat-linux/11/include -DDEFAULT_LOADER='L"\\\\grubaa64.efi"' -DDEFAULT_LOADER_CHAR='"\\\\grubaa64.efi"' -DEFI_ARCH='L"aa64"' -DDEBUGDIR='L"/usr/lib/debug/usr/share/shim/aa64-16.1-0.el9/"' -DVENDOR_CERT_FILE=\"/builddir/build/SOURCES/ciq_sb_ca.der\" -DSBAT_AUTOMATIC_DATE=2025051000   -c -o csv.o /builddir/build/BUILD/shim-16.1/csv.c
DEBUG util.py:461:  gcc -std=gnu11 -ggdb -gdwarf-4 -gstrict-dwarf -ffreestanding -fmacro-prefix-map=/builddir/build/BUILD/shim-16.1/= -fno-stack-protector -fno-strict-aliasing -fpic -fshort-wchar -Os -Wall -Wextra -Wno-missing-field-initializers  -DMDE_CPU_AARCH64 -DPAGE_SIZE=4096 -mstrict-align -Werror -nostdinc -I/builddir/build/BUILD/shim-16.1/Cryptlib -I/builddir/build/BUILD/shim-16.1/Cryptlib/Include -I/builddir/build/BUILD/shim-16.1/gnu-efi/inc -I/builddir/build/BUILD/shim-16.1/gnu-efi/inc/aarch64 -I/builddir/build/BUILD/shim-16.1/gnu-efi/inc/protocol -I/builddir/build/BUILD/shim-16.1/include -iquote /builddir/build/BUILD/shim-16.1 -iquote /builddir/build/BUILD/shim-16.1/build-aa64 -isystem /builddir/build/BUILD/shim-16.1/include/system -isystem /usr/lib/gcc/aarch64-redhat-linux/11/include -DDEFAULT_LOADER='L"\\\\grubaa64.efi"' -DDEFAULT_LOADER_CHAR='"\\\\grubaa64.efi"' -DEFI_ARCH='L"aa64"' -DDEBUGDIR='L"/usr/lib/debug/usr/share/shim/aa64-16.1-0.el9/"' -DVENDOR_CERT_FILE=\"/builddir/build/SOURCES/ciq_sb_ca.der\" -DSBAT_AUTOMATIC_DATE=2025051000   -c -o load-options.o /builddir/build/BUILD/shim-16.1/load-options.c
DEBUG util.py:461:  gcc -std=gnu11 -ggdb -gdwarf-4 -gstrict-dwarf -ffreestanding -fmacro-prefix-map=/builddir/build/BUILD/shim-16.1/= -fno-stack-protector -fno-strict-aliasing -fpic -fshort-wchar -Os -Wall -Wextra -Wno-missing-field-initializers  -DMDE_CPU_AARCH64 -DPAGE_SIZE=4096 -mstrict-align -Werror -nostdinc -I/builddir/build/BUILD/shim-16.1/Cryptlib -I/builddir/build/BUILD/shim-16.1/Cryptlib/Include -I/builddir/build/BUILD/shim-16.1/gnu-efi/inc -I/builddir/build/BUILD/shim-16.1/gnu-efi/inc/aarch64 -I/builddir/build/BUILD/shim-16.1/gnu-efi/inc/protocol -I/builddir/build/BUILD/shim-16.1/include -iquote /builddir/build/BUILD/shim-16.1 -iquote /builddir/build/BUILD/shim-16.1/build-aa64 -isystem /builddir/build/BUILD/shim-16.1/include/system -isystem /usr/lib/gcc/aarch64-redhat-linux/11/include -DDEFAULT_LOADER='L"\\\\grubaa64.efi"' -DDEFAULT_LOADER_CHAR='"\\\\grubaa64.efi"' -DEFI_ARCH='L"aa64"' -DDEBUGDIR='L"/usr/lib/debug/usr/share/shim/aa64-16.1-0.el9/"' -DVENDOR_CERT_FILE=\"/builddir/build/SOURCES/ciq_sb_ca.der\" -DSBAT_AUTOMATIC_DATE=2025051000   -c -o utils.o /builddir/build/BUILD/shim-16.1/utils.c
DEBUG util.py:461:  gcc -std=gnu11 -ggdb -gdwarf-4 -gstrict-dwarf -ffreestanding -fmacro-prefix-map=/builddir/build/BUILD/shim-16.1/= -fno-stack-protector -fno-strict-aliasing -fpic -fshort-wchar -Os -Wall -Wextra -Wno-missing-field-initializers  -DMDE_CPU_AARCH64 -DPAGE_SIZE=4096 -mstrict-align -Werror -nostdinc -I/builddir/build/BUILD/shim-16.1/Cryptlib -I/builddir/build/BUILD/shim-16.1/Cryptlib/Include -I/builddir/build/BUILD/shim-16.1/gnu-efi/inc -I/builddir/build/BUILD/shim-16.1/gnu-efi/inc/aarch64 -I/builddir/build/BUILD/shim-16.1/gnu-efi/inc/protocol -I/builddir/build/BUILD/shim-16.1/include -iquote /builddir/build/BUILD/shim-16.1 -iquote /builddir/build/BUILD/shim-16.1/build-aa64 -isystem /builddir/build/BUILD/shim-16.1/include/system -isystem /usr/lib/gcc/aarch64-redhat-linux/11/include -DDEFAULT_LOADER='L"\\\\grubaa64.efi"' -DDEFAULT_LOADER_CHAR='"\\\\grubaa64.efi"' -DEFI_ARCH='L"aa64"' -DDEBUGDIR='L"/usr/lib/debug/usr/share/shim/aa64-16.1-0.el9/"' -DVENDOR_CERT_FILE=\"/builddir/build/SOURCES/ciq_sb_ca.der\" -DSBAT_AUTOMATIC_DATE=2025051000   -c -o verify.o /builddir/build/BUILD/shim-16.1/verify.c
DEBUG util.py:461:  for i in Hash Hmac Cipher Rand Pk Pem SysCall; do mkdir -p Cryptlib/$i; done
DEBUG util.py:461:  make TOPDIR=/builddir/build/BUILD/shim-16.1 VPATH=/builddir/build/BUILD/shim-16.1/Cryptlib -C Cryptlib -f /builddir/build/BUILD/shim-16.1/Cryptlib/Makefile 
DEBUG util.py:461:  make[1]: Entering directory '/builddir/build/BUILD/shim-16.1/build-aa64/Cryptlib'
DEBUG util.py:461:  gcc -std=gnu11 -ggdb -gdwarf-4 -gstrict-dwarf -ffreestanding -fmacro-prefix-map=/builddir/build/BUILD/shim-16.1/= -fno-stack-protector -fno-strict-aliasing -fpic -fshort-wchar -nostdinc -Os -Wall -Wextra -Wno-missing-field-initializers -Wno-unused-parameter -Wno-unused-but-set-variable -Werror -Wno-error=unused-but-set-variable -Wno-error=unused-parameter -I/builddir/build/BUILD/shim-16.1/Cryptlib -I/builddir/build/BUILD/shim-16.1/Cryptlib/Include -I/builddir/build/BUILD/shim-16.1/gnu-efi/inc -I/builddir/build/BUILD/shim-16.1/gnu-efi/inc/aarch64 -I/builddir/build/BUILD/shim-16.1/gnu-efi/inc/protocol -isystem /builddir/build/BUILD/shim-16.1/include/system -isystem /usr/lib/gcc/aarch64-redhat-linux/11/include -DDEFAULT_LOADER='L"\\\\grubaa64.efi"' -DDEFAULT_LOADER_CHAR='"\\\\grubaa64.efi"' -DEFI_ARCH='L"aa64"' -DDEBUGDIR='L"/usr/lib/debug/usr/share/shim/aa64-16.1-0.el9/"' -DVENDOR_CERT_FILE=\"/builddir/build/SOURCES/ciq_sb_ca.der\" -DSBAT_AUTOMATIC_DATE=2025051000 -DMDE_CPU_AARCH64   -c -o Hash/CryptMd4Null.o /builddir/build/BUILD/shim-16.1/Cryptlib/Hash/CryptMd4Null.c
DEBUG util.py:461:  gcc -std=gnu11 -ggdb -gdwarf-4 -gstrict-dwarf -ffreestanding -fmacro-prefix-map=/builddir/build/BUILD/shim-16.1/= -fno-stack-protector -fno-strict-aliasing -fpic -fshort-wchar -nostdinc -Os -Wall -Wextra -Wno-missing-field-initializers -Wno-unused-parameter -Wno-unused-but-set-variable -Werror -Wno-error=unused-but-set-variable -Wno-error=unused-parameter -I/builddir/build/BUILD/shim-16.1/Cryptlib -I/builddir/build/BUILD/shim-16.1/Cryptlib/Include -I/builddir/build/BUILD/shim-16.1/gnu-efi/inc -I/builddir/build/BUILD/shim-16.1/gnu-efi/inc/aarch64 -I/builddir/build/BUILD/shim-16.1/gnu-efi/inc/protocol -isystem /builddir/build/BUILD/shim-16.1/include/system -isystem /usr/lib/gcc/aarch64-redhat-linux/11/include -DDEFAULT_LOADER='L"\\\\grubaa64.efi"' -DDEFAULT_LOADER_CHAR='"\\\\grubaa64.efi"' -DEFI_ARCH='L"aa64"' -DDEBUGDIR='L"/usr/lib/debug/usr/share/shim/aa64-16.1-0.el9/"' -DVENDOR_CERT_FILE=\"/builddir/build/SOURCES/ciq_sb_ca.der\" -DSBAT_AUTOMATIC_DATE=2025051000 -DMDE_CPU_AARCH64   -c -o Hash/CryptMd5.o /builddir/build/BUILD/shim-16.1/Cryptlib/Hash/CryptMd5.c
DEBUG util.py:461:  gcc -std=gnu11 -ggdb -gdwarf-4 -gstrict-dwarf -ffreestanding -fmacro-prefix-map=/builddir/build/BUILD/shim-16.1/= -fno-stack-protector -fno-strict-aliasing -fpic -fshort-wchar -nostdinc -Os -Wall -Wextra -Wno-missing-field-initializers -Wno-unused-parameter -Wno-unused-but-set-variable -Werror -Wno-error=unused-but-set-variable -Wno-error=unused-parameter -I/builddir/build/BUILD/shim-16.1/Cryptlib -I/builddir/build/BUILD/shim-16.1/Cryptlib/Include -I/builddir/build/BUILD/shim-16.1/gnu-efi/inc -I/builddir/build/BUILD/shim-16.1/gnu-efi/inc/aarch64 -I/builddir/build/BUILD/shim-16.1/gnu-efi/inc/protocol -isystem /builddir/build/BUILD/shim-16.1/include/system -isystem /usr/lib/gcc/aarch64-redhat-linux/11/include -DDEFAULT_LOADER='L"\\\\grubaa64.efi"' -DDEFAULT_LOADER_CHAR='"\\\\grubaa64.efi"' -DEFI_ARCH='L"aa64"' -DDEBUGDIR='L"/usr/lib/debug/usr/share/shim/aa64-16.1-0.el9/"' -DVENDOR_CERT_FILE=\"/builddir/build/SOURCES/ciq_sb_ca.der\" -DSBAT_AUTOMATIC_DATE=2025051000 -DMDE_CPU_AARCH64   -c -o Hash/CryptSha1.o /builddir/build/BUILD/shim-16.1/Cryptlib/Hash/CryptSha1.c
DEBUG util.py:461:  gcc -std=gnu11 -ggdb -gdwarf-4 -gstrict-dwarf -ffreestanding -fmacro-prefix-map=/builddir/build/BUILD/shim-16.1/= -fno-stack-protector -fno-strict-aliasing -fpic -fshort-wchar -nostdinc -Os -Wall -Wextra -Wno-missing-field-initializers -Wno-unused-parameter -Wno-unused-but-set-variable -Werror -Wno-error=unused-but-set-variable -Wno-error=unused-parameter -I/builddir/build/BUILD/shim-16.1/Cryptlib -I/builddir/build/BUILD/shim-16.1/Cryptlib/Include -I/builddir/build/BUILD/shim-16.1/gnu-efi/inc -I/builddir/build/BUILD/shim-16.1/gnu-efi/inc/aarch64 -I/builddir/build/BUILD/shim-16.1/gnu-efi/inc/protocol -isystem /builddir/build/BUILD/shim-16.1/include/system -isystem /usr/lib/gcc/aarch64-redhat-linux/11/include -DDEFAULT_LOADER='L"\\\\grubaa64.efi"' -DDEFAULT_LOADER_CHAR='"\\\\grubaa64.efi"' -DEFI_ARCH='L"aa64"' -DDEBUGDIR='L"/usr/lib/debug/usr/share/shim/aa64-16.1-0.el9/"' -DVENDOR_CERT_FILE=\"/builddir/build/SOURCES/ciq_sb_ca.der\" -DSBAT_AUTOMATIC_DATE=2025051000 -DMDE_CPU_AARCH64   -c -o Hash/CryptSha256.o /builddir/build/BUILD/shim-16.1/Cryptlib/Hash/CryptSha256.c
DEBUG util.py:461:  gcc -std=gnu11 -ggdb -gdwarf-4 -gstrict-dwarf -ffreestanding -fmacro-prefix-map=/builddir/build/BUILD/shim-16.1/= -fno-stack-protector -fno-strict-aliasing -fpic -fshort-wchar -nostdinc -Os -Wall -Wextra -Wno-missing-field-initializers -Wno-unused-parameter -Wno-unused-but-set-variable -Werror -Wno-error=unused-but-set-variable -Wno-error=unused-parameter -I/builddir/build/BUILD/shim-16.1/Cryptlib -I/builddir/build/BUILD/shim-16.1/Cryptlib/Include -I/builddir/build/BUILD/shim-16.1/gnu-efi/inc -I/builddir/build/BUILD/shim-16.1/gnu-efi/inc/aarch64 -I/builddir/build/BUILD/shim-16.1/gnu-efi/inc/protocol -isystem /builddir/build/BUILD/shim-16.1/include/system -isystem /usr/lib/gcc/aarch64-redhat-linux/11/include -DDEFAULT_LOADER='L"\\\\grubaa64.efi"' -DDEFAULT_LOADER_CHAR='"\\\\grubaa64.efi"' -DEFI_ARCH='L"aa64"' -DDEBUGDIR='L"/usr/lib/debug/usr/share/shim/aa64-16.1-0.el9/"' -DVENDOR_CERT_FILE=\"/builddir/build/SOURCES/ciq_sb_ca.der\" -DSBAT_AUTOMATIC_DATE=2025051000 -DMDE_CPU_AARCH64   -c -o Hash/CryptSha512.o /builddir/build/BUILD/shim-16.1/Cryptlib/Hash/CryptSha512.c
DEBUG util.py:461:  gcc -std=gnu11 -ggdb -gdwarf-4 -gstrict-dwarf -ffreestanding -fmacro-prefix-map=/builddir/build/BUILD/shim-16.1/= -fno-stack-protector -fno-strict-aliasing -fpic -fshort-wchar -nostdinc -Os -Wall -Wextra -Wno-missing-field-initializers -Wno-unused-parameter -Wno-unused-but-set-variable -Werror -Wno-error=unused-but-set-variable -Wno-error=unused-parameter -I/builddir/build/BUILD/shim-16.1/Cryptlib -I/builddir/build/BUILD/shim-16.1/Cryptlib/Include -I/builddir/build/BUILD/shim-16.1/gnu-efi/inc -I/builddir/build/BUILD/shim-16.1/gnu-efi/inc/aarch64 -I/builddir/build/BUILD/shim-16.1/gnu-efi/inc/protocol -isystem /builddir/build/BUILD/shim-16.1/include/system -isystem /usr/lib/gcc/aarch64-redhat-linux/11/include -DDEFAULT_LOADER='L"\\\\grubaa64.efi"' -DDEFAULT_LOADER_CHAR='"\\\\grubaa64.efi"' -DEFI_ARCH='L"aa64"' -DDEBUGDIR='L"/usr/lib/debug/usr/share/shim/aa64-16.1-0.el9/"' -DVENDOR_CERT_FILE=\"/builddir/build/SOURCES/ciq_sb_ca.der\" -DSBAT_AUTOMATIC_DATE=2025051000 -DMDE_CPU_AARCH64   -c -o Hmac/CryptHmacMd5Null.o /builddir/build/BUILD/shim-16.1/Cryptlib/Hmac/CryptHmacMd5Null.c
DEBUG util.py:461:  gcc -std=gnu11 -ggdb -gdwarf-4 -gstrict-dwarf -ffreestanding -fmacro-prefix-map=/builddir/build/BUILD/shim-16.1/= -fno-stack-protector -fno-strict-aliasing -fpic -fshort-wchar -nostdinc -Os -Wall -Wextra -Wno-missing-field-initializers -Wno-unused-parameter -Wno-unused-but-set-variable -Werror -Wno-error=unused-but-set-variable -Wno-error=unused-parameter -I/builddir/build/BUILD/shim-16.1/Cryptlib -I/builddir/build/BUILD/shim-16.1/Cryptlib/Include -I/builddir/build/BUILD/shim-16.1/gnu-efi/inc -I/builddir/build/BUILD/shim-16.1/gnu-efi/inc/aarch64 -I/builddir/build/BUILD/shim-16.1/gnu-efi/inc/protocol -isystem /builddir/build/BUILD/shim-16.1/include/system -isystem /usr/lib/gcc/aarch64-redhat-linux/11/include -DDEFAULT_LOADER='L"\\\\grubaa64.efi"' -DDEFAULT_LOADER_CHAR='"\\\\grubaa64.efi"' -DEFI_ARCH='L"aa64"' -DDEBUGDIR='L"/usr/lib/debug/usr/share/shim/aa64-16.1-0.el9/"' -DVENDOR_CERT_FILE=\"/builddir/build/SOURCES/ciq_sb_ca.der\" -DSBAT_AUTOMATIC_DATE=2025051000 -DMDE_CPU_AARCH64   -c -o Hmac/CryptHmacSha1Null.o /builddir/build/BUILD/shim-16.1/Cryptlib/Hmac/CryptHmacSha1Null.c
DEBUG util.py:461:  gcc -std=gnu11 -ggdb -gdwarf-4 -gstrict-dwarf -ffreestanding -fmacro-prefix-map=/builddir/build/BUILD/shim-16.1/= -fno-stack-protector -fno-strict-aliasing -fpic -fshort-wchar -nostdinc -Os -Wall -Wextra -Wno-missing-field-initializers -Wno-unused-parameter -Wno-unused-but-set-variable -Werror -Wno-error=unused-but-set-variable -Wno-error=unused-parameter -I/builddir/build/BUILD/shim-16.1/Cryptlib -I/builddir/build/BUILD/shim-16.1/Cryptlib/Include -I/builddir/build/BUILD/shim-16.1/gnu-efi/inc -I/builddir/build/BUILD/shim-16.1/gnu-efi/inc/aarch64 -I/builddir/build/BUILD/shim-16.1/gnu-efi/inc/protocol -isystem /builddir/build/BUILD/shim-16.1/include/system -isystem /usr/lib/gcc/aarch64-redhat-linux/11/include -DDEFAULT_LOADER='L"\\\\grubaa64.efi"' -DDEFAULT_LOADER_CHAR='"\\\\grubaa64.efi"' -DEFI_ARCH='L"aa64"' -DDEBUGDIR='L"/usr/lib/debug/usr/share/shim/aa64-16.1-0.el9/"' -DVENDOR_CERT_FILE=\"/builddir/build/SOURCES/ciq_sb_ca.der\" -DSBAT_AUTOMATIC_DATE=2025051000 -DMDE_CPU_AARCH64   -c -o Hmac/CryptHmacSha256Null.o /builddir/build/BUILD/shim-16.1/Cryptlib/Hmac/CryptHmacSha256Null.c
DEBUG util.py:461:  gcc -std=gnu11 -ggdb -gdwarf-4 -gstrict-dwarf -ffreestanding -fmacro-prefix-map=/builddir/build/BUILD/shim-16.1/= -fno-stack-protector -fno-strict-aliasing -fpic -fshort-wchar -nostdinc -Os -Wall -Wextra -Wno-missing-field-initializers -Wno-unused-parameter -Wno-unused-but-set-variable -Werror -Wno-error=unused-but-set-variable -Wno-error=unused-parameter -I/builddir/build/BUILD/shim-16.1/Cryptlib -I/builddir/build/BUILD/shim-16.1/Cryptlib/Include -I/builddir/build/BUILD/shim-16.1/gnu-efi/inc -I/builddir/build/BUILD/shim-16.1/gnu-efi/inc/aarch64 -I/builddir/build/BUILD/shim-16.1/gnu-efi/inc/protocol -isystem /builddir/build/BUILD/shim-16.1/include/system -isystem /usr/lib/gcc/aarch64-redhat-linux/11/include -DDEFAULT_LOADER='L"\\\\grubaa64.efi"' -DDEFAULT_LOADER_CHAR='"\\\\grubaa64.efi"' -DEFI_ARCH='L"aa64"' -DDEBUGDIR='L"/usr/lib/debug/usr/share/shim/aa64-16.1-0.el9/"' -DVENDOR_CERT_FILE=\"/builddir/build/SOURCES/ciq_sb_ca.der\" -DSBAT_AUTOMATIC_DATE=2025051000 -DMDE_CPU_AARCH64   -c -o Cipher/CryptAesNull.o /builddir/build/BUILD/shim-16.1/Cryptlib/Cipher/CryptAesNull.c
DEBUG util.py:461:  gcc -std=gnu11 -ggdb -gdwarf-4 -gstrict-dwarf -ffreestanding -fmacro-prefix-map=/builddir/build/BUILD/shim-16.1/= -fno-stack-protector -fno-strict-aliasing -fpic -fshort-wchar -nostdinc -Os -Wall -Wextra -Wno-missing-field-initializers -Wno-unused-parameter -Wno-unused-but-set-variable -Werror -Wno-error=unused-but-set-variable -Wno-error=unused-parameter -I/builddir/build/BUILD/shim-16.1/Cryptlib -I/builddir/build/BUILD/shim-16.1/Cryptlib/Include -I/builddir/build/BUILD/shim-16.1/gnu-efi/inc -I/builddir/build/BUILD/shim-16.1/gnu-efi/inc/aarch64 -I/builddir/build/BUILD/shim-16.1/gnu-efi/inc/protocol -isystem /builddir/build/BUILD/shim-16.1/include/system -isystem /usr/lib/gcc/aarch64-redhat-linux/11/include -DDEFAULT_LOADER='L"\\\\grubaa64.efi"' -DDEFAULT_LOADER_CHAR='"\\\\grubaa64.efi"' -DEFI_ARCH='L"aa64"' -DDEBUGDIR='L"/usr/lib/debug/usr/share/shim/aa64-16.1-0.el9/"' -DVENDOR_CERT_FILE=\"/builddir/build/SOURCES/ciq_sb_ca.der\" -DSBAT_AUTOMATIC_DATE=2025051000 -DMDE_CPU_AARCH64   -c -o Cipher/CryptTdesNull.o /builddir/build/BUILD/shim-16.1/Cryptlib/Cipher/CryptTdesNull.c
DEBUG util.py:461:  gcc -std=gnu11 -ggdb -gdwarf-4 -gstrict-dwarf -ffreestanding -fmacro-prefix-map=/builddir/build/BUILD/shim-16.1/= -fno-stack-protector -fno-strict-aliasing -fpic -fshort-wchar -nostdinc -Os -Wall -Wextra -Wno-missing-field-initializers -Wno-unused-parameter -Wno-unused-but-set-variable -Werror -Wno-error=unused-but-set-variable -Wno-error=unused-parameter -I/builddir/build/BUILD/shim-16.1/Cryptlib -I/builddir/build/BUILD/shim-16.1/Cryptlib/Include -I/builddir/build/BUILD/shim-16.1/gnu-efi/inc -I/builddir/build/BUILD/shim-16.1/gnu-efi/inc/aarch64 -I/builddir/build/BUILD/shim-16.1/gnu-efi/inc/protocol -isystem /builddir/build/BUILD/shim-16.1/include/system -isystem /usr/lib/gcc/aarch64-redhat-linux/11/include -DDEFAULT_LOADER='L"\\\\grubaa64.efi"' -DDEFAULT_LOADER_CHAR='"\\\\grubaa64.efi"' -DEFI_ARCH='L"aa64"' -DDEBUGDIR='L"/usr/lib/debug/usr/share/shim/aa64-16.1-0.el9/"' -DVENDOR_CERT_FILE=\"/builddir/build/SOURCES/ciq_sb_ca.der\" -DSBAT_AUTOMATIC_DATE=2025051000 -DMDE_CPU_AARCH64   -c -o Cipher/CryptArc4Null.o /builddir/build/BUILD/shim-16.1/Cryptlib/Cipher/CryptArc4Null.c
DEBUG util.py:461:  gcc -std=gnu11 -ggdb -gdwarf-4 -gstrict-dwarf -ffreestanding -fmacro-prefix-map=/builddir/build/BUILD/shim-16.1/= -fno-stack-protector -fno-strict-aliasing -fpic -fshort-wchar -nostdinc -Os -Wall -Wextra -Wno-missing-field-initializers -Wno-unused-parameter -Wno-unused-but-set-variable -Werror -Wno-error=unused-but-set-variable -Wno-error=unused-parameter -I/builddir/build/BUILD/shim-16.1/Cryptlib -I/builddir/build/BUILD/shim-16.1/Cryptlib/Include -I/builddir/build/BUILD/shim-16.1/gnu-efi/inc -I/builddir/build/BUILD/shim-16.1/gnu-efi/inc/aarch64 -I/builddir/build/BUILD/shim-16.1/gnu-efi/inc/protocol -isystem /builddir/build/BUILD/shim-16.1/include/system -isystem /usr/lib/gcc/aarch64-redhat-linux/11/include -DDEFAULT_LOADER='L"\\\\grubaa64.efi"' -DDEFAULT_LOADER_CHAR='"\\\\grubaa64.efi"' -DEFI_ARCH='L"aa64"' -DDEBUGDIR='L"/usr/lib/debug/usr/share/shim/aa64-16.1-0.el9/"' -DVENDOR_CERT_FILE=\"/builddir/build/SOURCES/ciq_sb_ca.der\" -DSBAT_AUTOMATIC_DATE=2025051000 -DMDE_CPU_AARCH64   -c -o Rand/CryptRand.o /builddir/build/BUILD/shim-16.1/Cryptlib/Rand/CryptRand.c
DEBUG util.py:461:  gcc -std=gnu11 -ggdb -gdwarf-4 -gstrict-dwarf -ffreestanding -fmacro-prefix-map=/builddir/build/BUILD/shim-16.1/= -fno-stack-protector -fno-strict-aliasing -fpic -fshort-wchar -nostdinc -Os -Wall -Wextra -Wno-missing-field-initializers -Wno-unused-parameter -Wno-unused-but-set-variable -Werror -Wno-error=unused-but-set-variable -Wno-error=unused-parameter -I/builddir/build/BUILD/shim-16.1/Cryptlib -I/builddir/build/BUILD/shim-16.1/Cryptlib/Include -I/builddir/build/BUILD/shim-16.1/gnu-efi/inc -I/builddir/build/BUILD/shim-16.1/gnu-efi/inc/aarch64 -I/builddir/build/BUILD/shim-16.1/gnu-efi/inc/protocol -isystem /builddir/build/BUILD/shim-16.1/include/system -isystem /usr/lib/gcc/aarch64-redhat-linux/11/include -DDEFAULT_LOADER='L"\\\\grubaa64.efi"' -DDEFAULT_LOADER_CHAR='"\\\\grubaa64.efi"' -DEFI_ARCH='L"aa64"' -DDEBUGDIR='L"/usr/lib/debug/usr/share/shim/aa64-16.1-0.el9/"' -DVENDOR_CERT_FILE=\"/builddir/build/SOURCES/ciq_sb_ca.der\" -DSBAT_AUTOMATIC_DATE=2025051000 -DMDE_CPU_AARCH64   -c -o Pk/CryptRsaBasic.o /builddir/build/BUILD/shim-16.1/Cryptlib/Pk/CryptRsaBasic.c
DEBUG util.py:461:  gcc -std=gnu11 -ggdb -gdwarf-4 -gstrict-dwarf -ffreestanding -fmacro-prefix-map=/builddir/build/BUILD/shim-16.1/= -fno-stack-protector -fno-strict-aliasing -fpic -fshort-wchar -nostdinc -Os -Wall -Wextra -Wno-missing-field-initializers -Wno-unused-parameter -Wno-unused-but-set-variable -Werror -Wno-error=unused-but-set-variable -Wno-error=unused-parameter -I/builddir/build/BUILD/shim-16.1/Cryptlib -I/builddir/build/BUILD/shim-16.1/Cryptlib/Include -I/builddir/build/BUILD/shim-16.1/gnu-efi/inc -I/builddir/build/BUILD/shim-16.1/gnu-efi/inc/aarch64 -I/builddir/build/BUILD/shim-16.1/gnu-efi/inc/protocol -isystem /builddir/build/BUILD/shim-16.1/include/system -isystem /usr/lib/gcc/aarch64-redhat-linux/11/include -DDEFAULT_LOADER='L"\\\\grubaa64.efi"' -DDEFAULT_LOADER_CHAR='"\\\\grubaa64.efi"' -DEFI_ARCH='L"aa64"' -DDEBUGDIR='L"/usr/lib/debug/usr/share/shim/aa64-16.1-0.el9/"' -DVENDOR_CERT_FILE=\"/builddir/build/SOURCES/ciq_sb_ca.der\" -DSBAT_AUTOMATIC_DATE=2025051000 -DMDE_CPU_AARCH64   -c -o Pk/CryptRsaExtNull.o /builddir/build/BUILD/shim-16.1/Cryptlib/Pk/CryptRsaExtNull.c
DEBUG util.py:461:  gcc -std=gnu11 -ggdb -gdwarf-4 -gstrict-dwarf -ffreestanding -fmacro-prefix-map=/builddir/build/BUILD/shim-16.1/= -fno-stack-protector -fno-strict-aliasing -fpic -fshort-wchar -nostdinc -Os -Wall -Wextra -Wno-missing-field-initializers -Wno-unused-parameter -Wno-unused-but-set-variable -Werror -Wno-error=unused-but-set-variable -Wno-error=unused-parameter -I/builddir/build/BUILD/shim-16.1/Cryptlib -I/builddir/build/BUILD/shim-16.1/Cryptlib/Include -I/builddir/build/BUILD/shim-16.1/gnu-efi/inc -I/builddir/build/BUILD/shim-16.1/gnu-efi/inc/aarch64 -I/builddir/build/BUILD/shim-16.1/gnu-efi/inc/protocol -isystem /builddir/build/BUILD/shim-16.1/include/system -isystem /usr/lib/gcc/aarch64-redhat-linux/11/include -DDEFAULT_LOADER='L"\\\\grubaa64.efi"' -DDEFAULT_LOADER_CHAR='"\\\\grubaa64.efi"' -DEFI_ARCH='L"aa64"' -DDEBUGDIR='L"/usr/lib/debug/usr/share/shim/aa64-16.1-0.el9/"' -DVENDOR_CERT_FILE=\"/builddir/build/SOURCES/ciq_sb_ca.der\" -DSBAT_AUTOMATIC_DATE=2025051000 -DMDE_CPU_AARCH64   -c -o Pk/CryptPkcs7SignNull.o /builddir/build/BUILD/shim-16.1/Cryptlib/Pk/CryptPkcs7SignNull.c
DEBUG util.py:461:  gcc -std=gnu11 -ggdb -gdwarf-4 -gstrict-dwarf -ffreestanding -fmacro-prefix-map=/builddir/build/BUILD/shim-16.1/= -fno-stack-protector -fno-strict-aliasing -fpic -fshort-wchar -nostdinc -Os -Wall -Wextra -Wno-missing-field-initializers -Wno-unused-parameter -Wno-unused-but-set-variable -Werror -Wno-error=unused-but-set-variable -Wno-error=unused-parameter -I/builddir/build/BUILD/shim-16.1/Cryptlib -I/builddir/build/BUILD/shim-16.1/Cryptlib/Include -I/builddir/build/BUILD/shim-16.1/gnu-efi/inc -I/builddir/build/BUILD/shim-16.1/gnu-efi/inc/aarch64 -I/builddir/build/BUILD/shim-16.1/gnu-efi/inc/protocol -isystem /builddir/build/BUILD/shim-16.1/include/system -isystem /usr/lib/gcc/aarch64-redhat-linux/11/include -DDEFAULT_LOADER='L"\\\\grubaa64.efi"' -DDEFAULT_LOADER_CHAR='"\\\\grubaa64.efi"' -DEFI_ARCH='L"aa64"' -DDEBUGDIR='L"/usr/lib/debug/usr/share/shim/aa64-16.1-0.el9/"' -DVENDOR_CERT_FILE=\"/builddir/build/SOURCES/ciq_sb_ca.der\" -DSBAT_AUTOMATIC_DATE=2025051000 -DMDE_CPU_AARCH64   -c -o Pk/CryptPkcs7Verify.o /builddir/build/BUILD/shim-16.1/Cryptlib/Pk/CryptPkcs7Verify.c
DEBUG util.py:461:  gcc -std=gnu11 -ggdb -gdwarf-4 -gstrict-dwarf -ffreestanding -fmacro-prefix-map=/builddir/build/BUILD/shim-16.1/= -fno-stack-protector -fno-strict-aliasing -fpic -fshort-wchar -nostdinc -Os -Wall -Wextra -Wno-missing-field-initializers -Wno-unused-parameter -Wno-unused-but-set-variable -Werror -Wno-error=unused-but-set-variable -Wno-error=unused-parameter -I/builddir/build/BUILD/shim-16.1/Cryptlib -I/builddir/build/BUILD/shim-16.1/Cryptlib/Include -I/builddir/build/BUILD/shim-16.1/gnu-efi/inc -I/builddir/build/BUILD/shim-16.1/gnu-efi/inc/aarch64 -I/builddir/build/BUILD/shim-16.1/gnu-efi/inc/protocol -isystem /builddir/build/BUILD/shim-16.1/include/system -isystem /usr/lib/gcc/aarch64-redhat-linux/11/include -DDEFAULT_LOADER='L"\\\\grubaa64.efi"' -DDEFAULT_LOADER_CHAR='"\\\\grubaa64.efi"' -DEFI_ARCH='L"aa64"' -DDEBUGDIR='L"/usr/lib/debug/usr/share/shim/aa64-16.1-0.el9/"' -DVENDOR_CERT_FILE=\"/builddir/build/SOURCES/ciq_sb_ca.der\" -DSBAT_AUTOMATIC_DATE=2025051000 -DMDE_CPU_AARCH64   -c -o Pk/CryptDhNull.o /builddir/build/BUILD/shim-16.1/Cryptlib/Pk/CryptDhNull.c
DEBUG util.py:461:  gcc -std=gnu11 -ggdb -gdwarf-4 -gstrict-dwarf -ffreestanding -fmacro-prefix-map=/builddir/build/BUILD/shim-16.1/= -fno-stack-protector -fno-strict-aliasing -fpic -fshort-wchar -nostdinc -Os -Wall -Wextra -Wno-missing-field-initializers -Wno-unused-parameter -Wno-unused-but-set-variable -Werror -Wno-error=unused-but-set-variable -Wno-error=unused-parameter -I/builddir/build/BUILD/shim-16.1/Cryptlib -I/builddir/build/BUILD/shim-16.1/Cryptlib/Include -I/builddir/build/BUILD/shim-16.1/gnu-efi/inc -I/builddir/build/BUILD/shim-16.1/gnu-efi/inc/aarch64 -I/builddir/build/BUILD/shim-16.1/gnu-efi/inc/protocol -isystem /builddir/build/BUILD/shim-16.1/include/system -isystem /usr/lib/gcc/aarch64-redhat-linux/11/include -DDEFAULT_LOADER='L"\\\\grubaa64.efi"' -DDEFAULT_LOADER_CHAR='"\\\\grubaa64.efi"' -DEFI_ARCH='L"aa64"' -DDEBUGDIR='L"/usr/lib/debug/usr/share/shim/aa64-16.1-0.el9/"' -DVENDOR_CERT_FILE=\"/builddir/build/SOURCES/ciq_sb_ca.der\" -DSBAT_AUTOMATIC_DATE=2025051000 -DMDE_CPU_AARCH64   -c -o Pk/CryptTs.o /builddir/build/BUILD/shim-16.1/Cryptlib/Pk/CryptTs.c
DEBUG util.py:461:  gcc -std=gnu11 -ggdb -gdwarf-4 -gstrict-dwarf -ffreestanding -fmacro-prefix-map=/builddir/build/BUILD/shim-16.1/= -fno-stack-protector -fno-strict-aliasing -fpic -fshort-wchar -nostdinc -Os -Wall -Wextra -Wno-missing-field-initializers -Wno-unused-parameter -Wno-unused-but-set-variable -Werror -Wno-error=unused-but-set-variable -Wno-error=unused-parameter -I/builddir/build/BUILD/shim-16.1/Cryptlib -I/builddir/build/BUILD/shim-16.1/Cryptlib/Include -I/builddir/build/BUILD/shim-16.1/gnu-efi/inc -I/builddir/build/BUILD/shim-16.1/gnu-efi/inc/aarch64 -I/builddir/build/BUILD/shim-16.1/gnu-efi/inc/protocol -isystem /builddir/build/BUILD/shim-16.1/include/system -isystem /usr/lib/gcc/aarch64-redhat-linux/11/include -DDEFAULT_LOADER='L"\\\\grubaa64.efi"' -DDEFAULT_LOADER_CHAR='"\\\\grubaa64.efi"' -DEFI_ARCH='L"aa64"' -DDEBUGDIR='L"/usr/lib/debug/usr/share/shim/aa64-16.1-0.el9/"' -DVENDOR_CERT_FILE=\"/builddir/build/SOURCES/ciq_sb_ca.der\" -DSBAT_AUTOMATIC_DATE=2025051000 -DMDE_CPU_AARCH64   -c -o Pk/CryptX509.o /builddir/build/BUILD/shim-16.1/Cryptlib/Pk/CryptX509.c
DEBUG util.py:461:  gcc -std=gnu11 -ggdb -gdwarf-4 -gstrict-dwarf -ffreestanding -fmacro-prefix-map=/builddir/build/BUILD/shim-16.1/= -fno-stack-protector -fno-strict-aliasing -fpic -fshort-wchar -nostdinc -Os -Wall -Wextra -Wno-missing-field-initializers -Wno-unused-parameter -Wno-unused-but-set-variable -Werror -Wno-error=unused-but-set-variable -Wno-error=unused-parameter -I/builddir/build/BUILD/shim-16.1/Cryptlib -I/builddir/build/BUILD/shim-16.1/Cryptlib/Include -I/builddir/build/BUILD/shim-16.1/gnu-efi/inc -I/builddir/build/BUILD/shim-16.1/gnu-efi/inc/aarch64 -I/builddir/build/BUILD/shim-16.1/gnu-efi/inc/protocol -isystem /builddir/build/BUILD/shim-16.1/include/system -isystem /usr/lib/gcc/aarch64-redhat-linux/11/include -DDEFAULT_LOADER='L"\\\\grubaa64.efi"' -DDEFAULT_LOADER_CHAR='"\\\\grubaa64.efi"' -DEFI_ARCH='L"aa64"' -DDEBUGDIR='L"/usr/lib/debug/usr/share/shim/aa64-16.1-0.el9/"' -DVENDOR_CERT_FILE=\"/builddir/build/SOURCES/ciq_sb_ca.der\" -DSBAT_AUTOMATIC_DATE=2025051000 -DMDE_CPU_AARCH64   -c -o Pk/CryptAuthenticode.o /builddir/build/BUILD/shim-16.1/Cryptlib/Pk/CryptAuthenticode.c
DEBUG util.py:461:  gcc -std=gnu11 -ggdb -gdwarf-4 -gstrict-dwarf -ffreestanding -fmacro-prefix-map=/builddir/build/BUILD/shim-16.1/= -fno-stack-protector -fno-strict-aliasing -fpic -fshort-wchar -nostdinc -Os -Wall -Wextra -Wno-missing-field-initializers -Wno-unused-parameter -Wno-unused-but-set-variable -Werror -Wno-error=unused-but-set-variable -Wno-error=unused-parameter -I/builddir/build/BUILD/shim-16.1/Cryptlib -I/builddir/build/BUILD/shim-16.1/Cryptlib/Include -I/builddir/build/BUILD/shim-16.1/gnu-efi/inc -I/builddir/build/BUILD/shim-16.1/gnu-efi/inc/aarch64 -I/builddir/build/BUILD/shim-16.1/gnu-efi/inc/protocol -isystem /builddir/build/BUILD/shim-16.1/include/system -isystem /usr/lib/gcc/aarch64-redhat-linux/11/include -DDEFAULT_LOADER='L"\\\\grubaa64.efi"' -DDEFAULT_LOADER_CHAR='"\\\\grubaa64.efi"' -DEFI_ARCH='L"aa64"' -DDEBUGDIR='L"/usr/lib/debug/usr/share/shim/aa64-16.1-0.el9/"' -DVENDOR_CERT_FILE=\"/builddir/build/SOURCES/ciq_sb_ca.der\" -DSBAT_AUTOMATIC_DATE=2025051000 -DMDE_CPU_AARCH64   -c -o Pem/CryptPemNull.o /builddir/build/BUILD/shim-16.1/Cryptlib/Pem/CryptPemNull.c
DEBUG util.py:461:  gcc -std=gnu11 -ggdb -gdwarf-4 -gstrict-dwarf -ffreestanding -fmacro-prefix-map=/builddir/build/BUILD/shim-16.1/= -fno-stack-protector -fno-strict-aliasing -fpic -fshort-wchar -nostdinc -Os -Wall -Wextra -Wno-missing-field-initializers -Wno-unused-parameter -Wno-unused-but-set-variable -Werror -Wno-error=unused-but-set-variable -Wno-error=unused-parameter -I/builddir/build/BUILD/shim-16.1/Cryptlib -I/builddir/build/BUILD/shim-16.1/Cryptlib/Include -I/builddir/build/BUILD/shim-16.1/gnu-efi/inc -I/builddir/build/BUILD/shim-16.1/gnu-efi/inc/aarch64 -I/builddir/build/BUILD/shim-16.1/gnu-efi/inc/protocol -isystem /builddir/build/BUILD/shim-16.1/include/system -isystem /usr/lib/gcc/aarch64-redhat-linux/11/include -DDEFAULT_LOADER='L"\\\\grubaa64.efi"' -DDEFAULT_LOADER_CHAR='"\\\\grubaa64.efi"' -DEFI_ARCH='L"aa64"' -DDEBUGDIR='L"/usr/lib/debug/usr/share/shim/aa64-16.1-0.el9/"' -DVENDOR_CERT_FILE=\"/builddir/build/SOURCES/ciq_sb_ca.der\" -DSBAT_AUTOMATIC_DATE=2025051000 -DMDE_CPU_AARCH64   -c -o SysCall/CrtWrapper.o /builddir/build/BUILD/shim-16.1/Cryptlib/SysCall/CrtWrapper.c
DEBUG util.py:461:  gcc -std=gnu11 -ggdb -gdwarf-4 -gstrict-dwarf -ffreestanding -fmacro-prefix-map=/builddir/build/BUILD/shim-16.1/= -fno-stack-protector -fno-strict-aliasing -fpic -fshort-wchar -nostdinc -Os -Wall -Wextra -Wno-missing-field-initializers -Wno-unused-parameter -Wno-unused-but-set-variable -Werror -Wno-error=unused-but-set-variable -Wno-error=unused-parameter -I/builddir/build/BUILD/shim-16.1/Cryptlib -I/builddir/build/BUILD/shim-16.1/Cryptlib/Include -I/builddir/build/BUILD/shim-16.1/gnu-efi/inc -I/builddir/build/BUILD/shim-16.1/gnu-efi/inc/aarch64 -I/builddir/build/BUILD/shim-16.1/gnu-efi/inc/protocol -isystem /builddir/build/BUILD/shim-16.1/include/system -isystem /usr/lib/gcc/aarch64-redhat-linux/11/include -DDEFAULT_LOADER='L"\\\\grubaa64.efi"' -DDEFAULT_LOADER_CHAR='"\\\\grubaa64.efi"' -DEFI_ARCH='L"aa64"' -DDEBUGDIR='L"/usr/lib/debug/usr/share/shim/aa64-16.1-0.el9/"' -DVENDOR_CERT_FILE=\"/builddir/build/SOURCES/ciq_sb_ca.der\" -DSBAT_AUTOMATIC_DATE=2025051000 -DMDE_CPU_AARCH64   -c -o SysCall/TimerWrapper.o /builddir/build/BUILD/shim-16.1/Cryptlib/SysCall/TimerWrapper.c
DEBUG util.py:461:  gcc -std=gnu11 -ggdb -gdwarf-4 -gstrict-dwarf -ffreestanding -fmacro-prefix-map=/builddir/build/BUILD/shim-16.1/= -fno-stack-protector -fno-strict-aliasing -fpic -fshort-wchar -nostdinc -Os -Wall -Wextra -Wno-missing-field-initializers -Wno-unused-parameter -Wno-unused-but-set-variable -Werror -Wno-error=unused-but-set-variable -Wno-error=unused-parameter -I/builddir/build/BUILD/shim-16.1/Cryptlib -I/builddir/build/BUILD/shim-16.1/Cryptlib/Include -I/builddir/build/BUILD/shim-16.1/gnu-efi/inc -I/builddir/build/BUILD/shim-16.1/gnu-efi/inc/aarch64 -I/builddir/build/BUILD/shim-16.1/gnu-efi/inc/protocol -isystem /builddir/build/BUILD/shim-16.1/include/system -isystem /usr/lib/gcc/aarch64-redhat-linux/11/include -DDEFAULT_LOADER='L"\\\\grubaa64.efi"' -DDEFAULT_LOADER_CHAR='"\\\\grubaa64.efi"' -DEFI_ARCH='L"aa64"' -DDEBUGDIR='L"/usr/lib/debug/usr/share/shim/aa64-16.1-0.el9/"' -DVENDOR_CERT_FILE=\"/builddir/build/SOURCES/ciq_sb_ca.der\" -DSBAT_AUTOMATIC_DATE=2025051000 -DMDE_CPU_AARCH64   -c -o SysCall/BaseMemAllocation.o /builddir/build/BUILD/shim-16.1/Cryptlib/SysCall/BaseMemAllocation.c
DEBUG util.py:461:  gcc -std=gnu11 -ggdb -gdwarf-4 -gstrict-dwarf -ffreestanding -fmacro-prefix-map=/builddir/build/BUILD/shim-16.1/= -fno-stack-protector -fno-strict-aliasing -fpic -fshort-wchar -nostdinc -Os -Wall -Wextra -Wno-missing-field-initializers -Wno-unused-parameter -Wno-unused-but-set-variable -Werror -Wno-error=unused-but-set-variable -Wno-error=unused-parameter -I/builddir/build/BUILD/shim-16.1/Cryptlib -I/builddir/build/BUILD/shim-16.1/Cryptlib/Include -I/builddir/build/BUILD/shim-16.1/gnu-efi/inc -I/builddir/build/BUILD/shim-16.1/gnu-efi/inc/aarch64 -I/builddir/build/BUILD/shim-16.1/gnu-efi/inc/protocol -isystem /builddir/build/BUILD/shim-16.1/include/system -isystem /usr/lib/gcc/aarch64-redhat-linux/11/include -DDEFAULT_LOADER='L"\\\\grubaa64.efi"' -DDEFAULT_LOADER_CHAR='"\\\\grubaa64.efi"' -DEFI_ARCH='L"aa64"' -DDEBUGDIR='L"/usr/lib/debug/usr/share/shim/aa64-16.1-0.el9/"' -DVENDOR_CERT_FILE=\"/builddir/build/SOURCES/ciq_sb_ca.der\" -DSBAT_AUTOMATIC_DATE=2025051000 -DMDE_CPU_AARCH64   -c -o SysCall/BaseStrings.o /builddir/build/BUILD/shim-16.1/Cryptlib/SysCall/BaseStrings.c
DEBUG util.py:461:  ar rcs libcryptlib.a Hash/CryptMd4Null.o Hash/CryptMd5.o Hash/CryptSha1.o Hash/CryptSha256.o Hash/CryptSha512.o Hmac/CryptHmacMd5Null.o Hmac/CryptHmacSha1Null.o Hmac/CryptHmacSha256Null.o Cipher/CryptAesNull.o Cipher/CryptTdesNull.o Cipher/CryptArc4Null.o Rand/CryptRand.o Pk/CryptRsaBasic.o Pk/CryptRsaExtNull.o Pk/CryptPkcs7SignNull.o Pk/CryptPkcs7Verify.o Pk/CryptDhNull.o Pk/CryptTs.o Pk/CryptX509.o Pk/CryptAuthenticode.o Pem/CryptPemNull.o SysCall/CrtWrapper.o SysCall/TimerWrapper.o SysCall/BaseMemAllocation.o SysCall/BaseStrings.o
DEBUG util.py:461:  make[1]: Leaving directory '/builddir/build/BUILD/shim-16.1/build-aa64/Cryptlib'
DEBUG util.py:461:  for i in x509v3 x509 txt_db stack sha rsa rc4 rand pkcs7 pkcs12 pem ocsp objects modes md5 lhash kdf hmac evp err dso dh conf comp cmac buffer bn bio async/arch asn1 aes; do mkdir -p Cryptlib/OpenSSL/crypto/$i; done
DEBUG util.py:461:  make TOPDIR=/builddir/build/BUILD/shim-16.1 VPATH=/builddir/build/BUILD/shim-16.1/Cryptlib/OpenSSL -C Cryptlib/OpenSSL -f /builddir/build/BUILD/shim-16.1/Cryptlib/OpenSSL/Makefile 
DEBUG util.py:461:  make[1]: Entering directory '/builddir/build/BUILD/shim-16.1/build-aa64/Cryptlib/OpenSSL'
DEBUG util.py:461:  gcc -std=gnu11 -ggdb -gdwarf-4 -gstrict-dwarf -ffreestanding -fmacro-prefix-map=/builddir/build/BUILD/shim-16.1/= -fno-stack-protector -fno-strict-aliasing -fpic -fshort-wchar -nostdinc -Os -Wall -Wextra -Wno-missing-field-initializers -Wno-empty-body -Wno-implicit-fallthrough -Wno-old-style-declaration -Wno-unused-but-set-variable -Wno-unused-parameter -Werror -Wno-error=unused-but-set-variable -Wno-error=unused-parameter -I/builddir/build/BUILD/shim-16.1/Cryptlib/OpenSSL -I/builddir/build/BUILD/shim-16.1/Cryptlib -I/builddir/build/BUILD/shim-16.1/Cryptlib/OpenSSL/Include/ -I/builddir/build/BUILD/shim-16.1/Cryptlib/OpenSSL/crypto -I/builddir/build/BUILD/shim-16.1/Cryptlib/Include -I/builddir/build/BUILD/shim-16.1/gnu-efi/inc -I/builddir/build/BUILD/shim-16.1/gnu-efi/inc/aarch64 -I/builddir/build/BUILD/shim-16.1/gnu-efi/inc/protocol -I/builddir/build/BUILD/shim-16.1/Cryptlib/OpenSSL/crypto/asn1 -I/builddir/build/BUILD/shim-16.1/Cryptlib/OpenSSL/crypto/evp -I/builddir/build/BUILD/shim-16.1/Cryptlib/OpenSSL/crypto/modes -I/builddir/build/BUILD/shim-16.1/Cryptlib/OpenSSL/crypto/include -isystem /builddir/build/BUILD/shim-16.1/include/system -isystem /usr/lib/gcc/aarch64-redhat-linux/11/include -DL_ENDIAN -D_CRT_SECURE_NO_DEPRECATE -D_CRT_NONSTDC_NO_DEPRECATE -DOPENSSL_SMALL_FOOTPRINT -DPEDANTIC -DMDE_CPU_AARCH64   -c -o crypto/cryptlib.o /builddir/build/BUILD/shim-16.1/Cryptlib/OpenSSL/crypto/cryptlib.c
DEBUG util.py:461:  gcc -std=gnu11 -ggdb -gdwarf-4 -gstrict-dwarf -ffreestanding -fmacro-prefix-map=/builddir/build/BUILD/shim-16.1/= -fno-stack-protector -fno-strict-aliasing -fpic -fshort-wchar -nostdinc -Os -Wall -Wextra -Wno-missing-field-initializers -Wno-empty-body -Wno-implicit-fallthrough -Wno-old-style-declaration -Wno-unused-but-set-variable -Wno-unused-parameter -Werror -Wno-error=unused-but-set-variable -Wno-error=unused-parameter -I/builddir/build/BUILD/shim-16.1/Cryptlib/OpenSSL -I/builddir/build/BUILD/shim-16.1/Cryptlib -I/builddir/build/BUILD/shim-16.1/Cryptlib/OpenSSL/Include/ -I/builddir/build/BUILD/shim-16.1/Cryptlib/OpenSSL/crypto -I/builddir/build/BUILD/shim-16.1/Cryptlib/Include -I/builddir/build/BUILD/shim-16.1/gnu-efi/inc -I/builddir/build/BUILD/shim-16.1/gnu-efi/inc/aarch64 -I/builddir/build/BUILD/shim-16.1/gnu-efi/inc/protocol -I/builddir/build/BUILD/shim-16.1/Cryptlib/OpenSSL/crypto/asn1 -I/builddir/build/BUILD/shim-16.1/Cryptlib/OpenSSL/crypto/evp -I/builddir/build/BUILD/shim-16.1/Cryptlib/OpenSSL/crypto/modes -I/builddir/build/BUILD/shim-16.1/Cryptlib/OpenSSL/crypto/include -isystem /builddir/build/BUILD/shim-16.1/include/system -isystem /usr/lib/gcc/aarch64-redhat-linux/11/include -DL_ENDIAN -D_CRT_SECURE_NO_DEPRECATE -D_CRT_NONSTDC_NO_DEPRECATE -DOPENSSL_SMALL_FOOTPRINT -DPEDANTIC -DMDE_CPU_AARCH64   -c -o crypto/mem.o /builddir/build/BUILD/shim-16.1/Cryptlib/OpenSSL/crypto/mem.c
DEBUG util.py:461:  gcc -std=gnu11 -ggdb -gdwarf-4 -gstrict-dwarf -ffreestanding -fmacro-prefix-map=/builddir/build/BUILD/shim-16.1/= -fno-stack-protector -fno-strict-aliasing -fpic -fshort-wchar -nostdinc -Os -Wall -Wextra -Wno-missing-field-initializers -Wno-empty-body -Wno-implicit-fallthrough -Wno-old-style-declaration -Wno-unused-but-set-variable -Wno-unused-parameter -Werror -Wno-error=unused-but-set-variable -Wno-error=unused-parameter -I/builddir/build/BUILD/shim-16.1/Cryptlib/OpenSSL -I/builddir/build/BUILD/shim-16.1/Cryptlib -I/builddir/build/BUILD/shim-16.1/Cryptlib/OpenSSL/Include/ -I/builddir/build/BUILD/shim-16.1/Cryptlib/OpenSSL/crypto -I/builddir/build/BUILD/shim-16.1/Cryptlib/Include -I/builddir/build/BUILD/shim-16.1/gnu-efi/inc -I/builddir/build/BUILD/shim-16.1/gnu-efi/inc/aarch64 -I/builddir/build/BUILD/shim-16.1/gnu-efi/inc/protocol -I/builddir/build/BUILD/shim-16.1/Cryptlib/OpenSSL/crypto/asn1 -I/builddir/build/BUILD/shim-16.1/Cryptlib/OpenSSL/crypto/evp -I/builddir/build/BUILD/shim-16.1/Cryptlib/OpenSSL/crypto/modes -I/builddir/build/BUILD/shim-16.1/Cryptlib/OpenSSL/crypto/include -isystem /builddir/build/BUILD/shim-16.1/include/system -isystem /usr/lib/gcc/aarch64-redhat-linux/11/include -DL_ENDIAN -D_CRT_SECURE_NO_DEPRECATE -D_CRT_NONSTDC_NO_DEPRECATE -DOPENSSL_SMALL_FOOTPRINT -DPEDANTIC -DMDE_CPU_AARCH64   -c -o crypto/mem_clr.o /builddir/build/BUILD/shim-16.1/Cryptlib/OpenSSL/crypto/mem_clr.c
DEBUG util.py:461:  gcc -std=gnu11 -ggdb -gdwarf-4 -gstrict-dwarf -ffreestanding -fmacro-prefix-map=/builddir/build/BUILD/shim-16.1/= -fno-stack-protector -fno-strict-aliasing -fpic -fshort-wchar -nostdinc -Os -Wall -Wextra -Wno-missing-field-initializers -Wno-empty-body -Wno-implicit-fallthrough -Wno-old-style-declaration -Wno-unused-but-set-variable -Wno-unused-parameter -Werror -Wno-error=unused-but-set-variable -Wno-error=unused-parameter -I/builddir/build/BUILD/shim-16.1/Cryptlib/OpenSSL -I/builddir/build/BUILD/shim-16.1/Cryptlib -I/builddir/build/BUILD/shim-16.1/Cryptlib/OpenSSL/Include/ -I/builddir/build/BUILD/shim-16.1/Cryptlib/OpenSSL/crypto -I/builddir/build/BUILD/shim-16.1/Cryptlib/Include -I/builddir/build/BUILD/shim-16.1/gnu-efi/inc -I/builddir/build/BUILD/shim-16.1/gnu-efi/inc/aarch64 -I/builddir/build/BUILD/shim-16.1/gnu-efi/inc/protocol -I/builddir/build/BUILD/shim-16.1/Cryptlib/OpenSSL/crypto/asn1 -I/builddir/build/BUILD/shim-16.1/Cryptlib/OpenSSL/crypto/evp -I/builddir/build/BUILD/shim-16.1/Cryptlib/OpenSSL/crypto/modes -I/builddir/build/BUILD/shim-16.1/Cryptlib/OpenSSL/crypto/include -isystem /builddir/build/BUILD/shim-16.1/include/system -isystem /usr/lib/gcc/aarch64-redhat-linux/11/include -DL_ENDIAN -D_CRT_SECURE_NO_DEPRECATE -D_CRT_NONSTDC_NO_DEPRECATE -DOPENSSL_SMALL_FOOTPRINT -DPEDANTIC -DMDE_CPU_AARCH64   -c -o crypto/mem_dbg.o /builddir/build/BUILD/shim-16.1/Cryptlib/OpenSSL/crypto/mem_dbg.c
DEBUG util.py:461:  gcc -std=gnu11 -ggdb -gdwarf-4 -gstrict-dwarf -ffreestanding -fmacro-prefix-map=/builddir/build/BUILD/shim-16.1/= -fno-stack-protector -fno-strict-aliasing -fpic -fshort-wchar -nostdinc -Os -Wall -Wextra -Wno-missing-field-initializers -Wno-empty-body -Wno-implicit-fallthrough -Wno-old-style-declaration -Wno-unused-but-set-variable -Wno-unused-parameter -Werror -Wno-error=unused-but-set-variable -Wno-error=unused-parameter -I/builddir/build/BUILD/shim-16.1/Cryptlib/OpenSSL -I/builddir/build/BUILD/shim-16.1/Cryptlib -I/builddir/build/BUILD/shim-16.1/Cryptlib/OpenSSL/Include/ -I/builddir/build/BUILD/shim-16.1/Cryptlib/OpenSSL/crypto -I/builddir/build/BUILD/shim-16.1/Cryptlib/Include -I/builddir/build/BUILD/shim-16.1/gnu-efi/inc -I/builddir/build/BUILD/shim-16.1/gnu-efi/inc/aarch64 -I/builddir/build/BUILD/shim-16.1/gnu-efi/inc/protocol -I/builddir/build/BUILD/shim-16.1/Cryptlib/OpenSSL/crypto/asn1 -I/builddir/build/BUILD/shim-16.1/Cryptlib/OpenSSL/crypto/evp -I/builddir/build/BUILD/shim-16.1/Cryptlib/OpenSSL/crypto/modes -I/builddir/build/BUILD/shim-16.1/Cryptlib/OpenSSL/crypto/include -isystem /builddir/build/BUILD/shim-16.1/include/system -isystem /usr/lib/gcc/aarch64-redhat-linux/11/include -DL_ENDIAN -D_CRT_SECURE_NO_DEPRECATE -D_CRT_NONSTDC_NO_DEPRECATE -DOPENSSL_SMALL_FOOTPRINT -DPEDANTIC -DMDE_CPU_AARCH64   -c -o crypto/cversion.o /builddir/build/BUILD/shim-16.1/Cryptlib/OpenSSL/crypto/cversion.c
DEBUG util.py:461:  gcc -std=gnu11 -ggdb -gdwarf-4 -gstrict-dwarf -ffreestanding -fmacro-prefix-map=/builddir/build/BUILD/shim-16.1/= -fno-stack-protector -fno-strict-aliasing -fpic -fshort-wchar -nostdinc -Os -Wall -Wextra -Wno-missing-field-initializers -Wno-empty-body -Wno-implicit-fallthrough -Wno-old-style-declaration -Wno-unused-but-set-variable -Wno-unused-parameter -Werror -Wno-error=unused-but-set-variable -Wno-error=unused-parameter -I/builddir/build/BUILD/shim-16.1/Cryptlib/OpenSSL -I/builddir/build/BUILD/shim-16.1/Cryptlib -I/builddir/build/BUILD/shim-16.1/Cryptlib/OpenSSL/Include/ -I/builddir/build/BUILD/shim-16.1/Cryptlib/OpenSSL/crypto -I/builddir/build/BUILD/shim-16.1/Cryptlib/Include -I/builddir/build/BUILD/shim-16.1/gnu-efi/inc -I/builddir/build/BUILD/shim-16.1/gnu-efi/inc/aarch64 -I/builddir/build/BUILD/shim-16.1/gnu-efi/inc/protocol -I/builddir/build/BUILD/shim-16.1/Cryptlib/OpenSSL/crypto/asn1 -I/builddir/build/BUILD/shim-16.1/Cryptlib/OpenSSL/crypto/evp -I/builddir/build/BUILD/shim-16.1/Cryptlib/OpenSSL/crypto/modes -I/builddir/build/BUILD/shim-16.1/Cryptlib/OpenSSL/crypto/include -isystem /builddir/build/BUILD/shim-16.1/include/system -isystem /usr/lib/gcc/aarch64-redhat-linux/11/include -DL_ENDIAN -D_CRT_SECURE_NO_DEPRECATE -D_CRT_NONSTDC_NO_DEPRECATE -DOPENSSL_SMALL_FOOTPRINT -DPEDANTIC -DMDE_CPU_AARCH64   -c -o crypto/ex_data.o /builddir/build/BUILD/shim-16.1/Cryptlib/OpenSSL/crypto/ex_data.c
DEBUG util.py:461:  gcc -std=gnu11 -ggdb -gdwarf-4 -gstrict-dwarf -ffreestanding -fmacro-prefix-map=/builddir/build/BUILD/shim-16.1/= -fno-stack-protector -fno-strict-aliasing -fpic -fshort-wchar -nostdinc -Os -Wall -Wextra -Wno-missing-field-initializers -Wno-empty-body -Wno-implicit-fallthrough -Wno-old-style-declaration -Wno-unused-but-set-variable -Wno-unused-parameter -Werror -Wno-error=unused-but-set-variable -Wno-error=unused-parameter -I/builddir/build/BUILD/shim-16.1/Cryptlib/OpenSSL -I/builddir/build/BUILD/shim-16.1/Cryptlib -I/builddir/build/BUILD/shim-16.1/Cryptlib/OpenSSL/Include/ -I/builddir/build/BUILD/shim-16.1/Cryptlib/OpenSSL/crypto -I/builddir/build/BUILD/shim-16.1/Cryptlib/Include -I/builddir/build/BUILD/shim-16.1/gnu-efi/inc -I/builddir/build/BUILD/shim-16.1/gnu-efi/inc/aarch64 -I/builddir/build/BUILD/shim-16.1/gnu-efi/inc/protocol -I/builddir/build/BUILD/shim-16.1/Cryptlib/OpenSSL/crypto/asn1 -I/builddir/build/BUILD/shim-16.1/Cryptlib/OpenSSL/crypto/evp -I/builddir/build/BUILD/shim-16.1/Cryptlib/OpenSSL/crypto/modes -I/builddir/build/BUILD/shim-16.1/Cryptlib/OpenSSL/crypto/include -isystem /builddir/build/BUILD/shim-16.1/include/system -isystem /usr/lib/gcc/aarch64-redhat-linux/11/include -DL_ENDIAN -D_CRT_SECURE_NO_DEPRECATE -D_CRT_NONSTDC_NO_DEPRECATE -DOPENSSL_SMALL_FOOTPRINT -DPEDANTIC -DMDE_CPU_AARCH64   -c -o crypto/cpt_err.o /builddir/build/BUILD/shim-16.1/Cryptlib/OpenSSL/crypto/cpt_err.c
DEBUG util.py:461:  gcc -std=gnu11 -ggdb -gdwarf-4 -gstrict-dwarf -ffreestanding -fmacro-prefix-map=/builddir/build/BUILD/shim-16.1/= -fno-stack-protector -fno-strict-aliasing -fpic -fshort-wchar -nostdinc -Os -Wall -Wextra -Wno-missing-field-initializers -Wno-empty-body -Wno-implicit-fallthrough -Wno-old-style-declaration -Wno-unused-but-set-variable -Wno-unused-parameter -Werror -Wno-error=unused-but-set-variable -Wno-error=unused-parameter -I/builddir/build/BUILD/shim-16.1/Cryptlib/OpenSSL -I/builddir/build/BUILD/shim-16.1/Cryptlib -I/builddir/build/BUILD/shim-16.1/Cryptlib/OpenSSL/Include/ -I/builddir/build/BUILD/shim-16.1/Cryptlib/OpenSSL/crypto -I/builddir/build/BUILD/shim-16.1/Cryptlib/Include -I/builddir/build/BUILD/shim-16.1/gnu-efi/inc -I/builddir/build/BUILD/shim-16.1/gnu-efi/inc/aarch64 -I/builddir/build/BUILD/shim-16.1/gnu-efi/inc/protocol -I/builddir/build/BUILD/shim-16.1/Cryptlib/OpenSSL/crypto/asn1 -I/builddir/build/BUILD/shim-16.1/Cryptlib/OpenSSL/crypto/evp -I/builddir/build/BUILD/shim-16.1/Cryptlib/OpenSSL/crypto/modes -I/builddir/build/BUILD/shim-16.1/Cryptlib/OpenSSL/crypto/include -isystem /builddir/build/BUILD/shim-16.1/include/system -isystem /usr/lib/gcc/aarch64-redhat-linux/11/include -DL_ENDIAN -D_CRT_SECURE_NO_DEPRECATE -D_CRT_NONSTDC_NO_DEPRECATE -DOPENSSL_SMALL_FOOTPRINT -DPEDANTIC -DMDE_CPU_AARCH64   -c -o crypto/ebcdic.o /builddir/build/BUILD/shim-16.1/Cryptlib/OpenSSL/crypto/ebcdic.c
DEBUG util.py:461:  gcc -std=gnu11 -ggdb -gdwarf-4 -gstrict-dwarf -ffreestanding -fmacro-prefix-map=/builddir/build/BUILD/shim-16.1/= -fno-stack-protector -fno-strict-aliasing -fpic -fshort-wchar -nostdinc -Os -Wall -Wextra -Wno-missing-field-initializers -Wno-empty-body -Wno-implicit-fallthrough -Wno-old-style-declaration -Wno-unused-but-set-variable -Wno-unused-parameter -Werror -Wno-error=unused-but-set-variable -Wno-error=unused-parameter -I/builddir/build/BUILD/shim-16.1/Cryptlib/OpenSSL -I/builddir/build/BUILD/shim-16.1/Cryptlib -I/builddir/build/BUILD/shim-16.1/Cryptlib/OpenSSL/Include/ -I/builddir/build/BUILD/shim-16.1/Cryptlib/OpenSSL/crypto -I/builddir/build/BUILD/shim-16.1/Cryptlib/Include -I/builddir/build/BUILD/shim-16.1/gnu-efi/inc -I/builddir/build/BUILD/shim-16.1/gnu-efi/inc/aarch64 -I/builddir/build/BUILD/shim-16.1/gnu-efi/inc/protocol -I/builddir/build/BUILD/shim-16.1/Cryptlib/OpenSSL/crypto/asn1 -I/builddir/build/BUILD/shim-16.1/Cryptlib/OpenSSL/crypto/evp -I/builddir/build/BUILD/shim-16.1/Cryptlib/OpenSSL/crypto/modes -I/builddir/build/BUILD/shim-16.1/Cryptlib/OpenSSL/crypto/include -isystem /builddir/build/BUILD/shim-16.1/include/system -isystem /usr/lib/gcc/aarch64-redhat-linux/11/include -DL_ENDIAN -D_CRT_SECURE_NO_DEPRECATE -D_CRT_NONSTDC_NO_DEPRECATE -DOPENSSL_SMALL_FOOTPRINT -DPEDANTIC -DMDE_CPU_AARCH64   -c -o crypto/uid.o /builddir/build/BUILD/shim-16.1/Cryptlib/OpenSSL/crypto/uid.c
DEBUG util.py:461:  gcc -std=gnu11 -ggdb -gdwarf-4 -gstrict-dwarf -ffreestanding -fmacro-prefix-map=/builddir/build/BUILD/shim-16.1/= -fno-stack-protector -fno-strict-aliasing -fpic -fshort-wchar -nostdinc -Os -Wall -Wextra -Wno-missing-field-initializers -Wno-empty-body -Wno-implicit-fallthrough -Wno-old-style-declaration -Wno-unused-but-set-variable -Wno-unused-parameter -Werror -Wno-error=unused-but-set-variable -Wno-error=unused-parameter -I/builddir/build/BUILD/shim-16.1/Cryptlib/OpenSSL -I/builddir/build/BUILD/shim-16.1/Cryptlib -I/builddir/build/BUILD/shim-16.1/Cryptlib/OpenSSL/Include/ -I/builddir/build/BUILD/shim-16.1/Cryptlib/OpenSSL/crypto -I/builddir/build/BUILD/shim-16.1/Cryptlib/Include -I/builddir/build/BUILD/shim-16.1/gnu-efi/inc -I/builddir/build/BUILD/shim-16.1/gnu-efi/inc/aarch64 -I/builddir/build/BUILD/shim-16.1/gnu-efi/inc/protocol -I/builddir/build/BUILD/shim-16.1/Cryptlib/OpenSSL/crypto/asn1 -I/builddir/build/BUILD/shim-16.1/Cryptlib/OpenSSL/crypto/evp -I/builddir/build/BUILD/shim-16.1/Cryptlib/OpenSSL/crypto/modes -I/builddir/build/BUILD/shim-16.1/Cryptlib/OpenSSL/crypto/include -isystem /builddir/build/BUILD/shim-16.1/include/system -isystem /usr/lib/gcc/aarch64-redhat-linux/11/include -DL_ENDIAN -D_CRT_SECURE_NO_DEPRECATE -D_CRT_NONSTDC_NO_DEPRECATE -DOPENSSL_SMALL_FOOTPRINT -DPEDANTIC -DMDE_CPU_AARCH64   -c -o crypto/o_time.o /builddir/build/BUILD/shim-16.1/Cryptlib/OpenSSL/crypto/o_time.c
DEBUG util.py:461:  gcc -std=gnu11 -ggdb -gdwarf-4 -gstrict-dwarf -ffreestanding -fmacro-prefix-map=/builddir/build/BUILD/shim-16.1/= -fno-stack-protector -fno-strict-aliasing -fpic -fshort-wchar -nostdinc -Os -Wall -Wextra -Wno-missing-field-initializers -Wno-empty-body -Wno-implicit-fallthrough -Wno-old-style-declaration -Wno-unused-but-set-variable -Wno-unused-parameter -Werror -Wno-error=unused-but-set-variable -Wno-error=unused-parameter -I/builddir/build/BUILD/shim-16.1/Cryptlib/OpenSSL -I/builddir/build/BUILD/shim-16.1/Cryptlib -I/builddir/build/BUILD/shim-16.1/Cryptlib/OpenSSL/Include/ -I/builddir/build/BUILD/shim-16.1/Cryptlib/OpenSSL/crypto -I/builddir/build/BUILD/shim-16.1/Cryptlib/Include -I/builddir/build/BUILD/shim-16.1/gnu-efi/inc -I/builddir/build/BUILD/shim-16.1/gnu-efi/inc/aarch64 -I/builddir/build/BUILD/shim-16.1/gnu-efi/inc/protocol -I/builddir/build/BUILD/shim-16.1/Cryptlib/OpenSSL/crypto/asn1 -I/builddir/build/BUILD/shim-16.1/Cryptlib/OpenSSL/crypto/evp -I/builddir/build/BUILD/shim-16.1/Cryptlib/OpenSSL/crypto/modes -I/builddir/build/BUILD/shim-16.1/Cryptlib/OpenSSL/crypto/include -isystem /builddir/build/BUILD/shim-16.1/include/system -isystem /usr/lib/gcc/aarch64-redhat-linux/11/include -DL_ENDIAN -D_CRT_SECURE_NO_DEPRECATE -D_CRT_NONSTDC_NO_DEPRECATE -DOPENSSL_SMALL_FOOTPRINT -DPEDANTIC -DMDE_CPU_AARCH64   -c -o crypto/o_str.o /builddir/build/BUILD/shim-16.1/Cryptlib/OpenSSL/crypto/o_str.c
DEBUG util.py:461:  gcc -std=gnu11 -ggdb -gdwarf-4 -gstrict-dwarf -ffreestanding -fmacro-prefix-map=/builddir/build/BUILD/shim-16.1/= -fno-stack-protector -fno-strict-aliasing -fpic -fshort-wchar -nostdinc -Os -Wall -Wextra -Wno-missing-field-initializers -Wno-empty-body -Wno-implicit-fallthrough -Wno-old-style-declaration -Wno-unused-but-set-variable -Wno-unused-parameter -Werror -Wno-error=unused-but-set-variable -Wno-error=unused-parameter -I/builddir/build/BUILD/shim-16.1/Cryptlib/OpenSSL -I/builddir/build/BUILD/shim-16.1/Cryptlib -I/builddir/build/BUILD/shim-16.1/Cryptlib/OpenSSL/Include/ -I/builddir/build/BUILD/shim-16.1/Cryptlib/OpenSSL/crypto -I/builddir/build/BUILD/shim-16.1/Cryptlib/Include -I/builddir/build/BUILD/shim-16.1/gnu-efi/inc -I/builddir/build/BUILD/shim-16.1/gnu-efi/inc/aarch64 -I/builddir/build/BUILD/shim-16.1/gnu-efi/inc/protocol -I/builddir/build/BUILD/shim-16.1/Cryptlib/OpenSSL/crypto/asn1 -I/builddir/build/BUILD/shim-16.1/Cryptlib/OpenSSL/crypto/evp -I/builddir/build/BUILD/shim-16.1/Cryptlib/OpenSSL/crypto/modes -I/builddir/build/BUILD/shim-16.1/Cryptlib/OpenSSL/crypto/include -isystem /builddir/build/BUILD/shim-16.1/include/system -isystem /usr/lib/gcc/aarch64-redhat-linux/11/include -DL_ENDIAN -D_CRT_SECURE_NO_DEPRECATE -D_CRT_NONSTDC_NO_DEPRECATE -DOPENSSL_SMALL_FOOTPRINT -DPEDANTIC -DMDE_CPU_AARCH64   -c -o crypto/o_dir.o /builddir/build/BUILD/shim-16.1/Cryptlib/OpenSSL/crypto/o_dir.c
DEBUG util.py:461:  gcc -std=gnu11 -ggdb -gdwarf-4 -gstrict-dwarf -ffreestanding -fmacro-prefix-map=/builddir/build/BUILD/shim-16.1/= -fno-stack-protector -fno-strict-aliasing -fpic -fshort-wchar -nostdinc -Os -Wall -Wextra -Wno-missing-field-initializers -Wno-empty-body -Wno-implicit-fallthrough -Wno-old-style-declaration -Wno-unused-but-set-variable -Wno-unused-parameter -Werror -Wno-error=unused-but-set-variable -Wno-error=unused-parameter -I/builddir/build/BUILD/shim-16.1/Cryptlib/OpenSSL -I/builddir/build/BUILD/shim-16.1/Cryptlib -I/builddir/build/BUILD/shim-16.1/Cryptlib/OpenSSL/Include/ -I/builddir/build/BUILD/shim-16.1/Cryptlib/OpenSSL/crypto -I/builddir/build/BUILD/shim-16.1/Cryptlib/Include -I/builddir/build/BUILD/shim-16.1/gnu-efi/inc -I/builddir/build/BUILD/shim-16.1/gnu-efi/inc/aarch64 -I/builddir/build/BUILD/shim-16.1/gnu-efi/inc/protocol -I/builddir/build/BUILD/shim-16.1/Cryptlib/OpenSSL/crypto/asn1 -I/builddir/build/BUILD/shim-16.1/Cryptlib/OpenSSL/crypto/evp -I/builddir/build/BUILD/shim-16.1/Cryptlib/OpenSSL/crypto/modes -I/builddir/build/BUILD/shim-16.1/Cryptlib/OpenSSL/crypto/include -isystem /builddir/build/BUILD/shim-16.1/include/system -isystem /usr/lib/gcc/aarch64-redhat-linux/11/include -DL_ENDIAN -D_CRT_SECURE_NO_DEPRECATE -D_CRT_NONSTDC_NO_DEPRECATE -DOPENSSL_SMALL_FOOTPRINT -DPEDANTIC -DMDE_CPU_AARCH64   -c -o crypto/o_fips.o /builddir/build/BUILD/shim-16.1/Cryptlib/OpenSSL/crypto/o_fips.c
DEBUG util.py:461:  gcc -std=gnu11 -ggdb -gdwarf-4 -gstrict-dwarf -ffreestanding -fmacro-prefix-map=/builddir/build/BUILD/shim-16.1/= -fno-stack-protector -fno-strict-aliasing -fpic -fshort-wchar -nostdinc -Os -Wall -Wextra -Wno-missing-field-initializers -Wno-empty-body -Wno-implicit-fallthrough -Wno-old-style-declaration -Wno-unused-but-set-variable -Wno-unused-parameter -Werror -Wno-error=unused-but-set-variable -Wno-error=unused-parameter -I/builddir/build/BUILD/shim-16.1/Cryptlib/OpenSSL -I/builddir/build/BUILD/shim-16.1/Cryptlib -I/builddir/build/BUILD/shim-16.1/Cryptlib/OpenSSL/Include/ -I/builddir/build/BUILD/shim-16.1/Cryptlib/OpenSSL/crypto -I/builddir/build/BUILD/shim-16.1/Cryptlib/Include -I/builddir/build/BUILD/shim-16.1/gnu-efi/inc -I/builddir/build/BUILD/shim-16.1/gnu-efi/inc/aarch64 -I/builddir/build/BUILD/shim-16.1/gnu-efi/inc/protocol -I/builddir/build/BUILD/shim-16.1/Cryptlib/OpenSSL/crypto/asn1 -I/builddir/build/BUILD/shim-16.1/Cryptlib/OpenSSL/crypto/evp -I/builddir/build/BUILD/shim-16.1/Cryptlib/OpenSSL/crypto/modes -I/builddir/build/BUILD/shim-16.1/Cryptlib/OpenSSL/crypto/include -isystem /builddir/build/BUILD/shim-16.1/include/system -isystem /usr/lib/gcc/aarch64-redhat-linux/11/include -DL_ENDIAN -D_CRT_SECURE_NO_DEPRECATE -D_CRT_NONSTDC_NO_DEPRECATE -DOPENSSL_SMALL_FOOTPRINT -DPEDANTIC -DMDE_CPU_AARCH64   -c -o crypto/o_init.o /builddir/build/BUILD/shim-16.1/Cryptlib/OpenSSL/crypto/o_init.c
DEBUG util.py:461:  gcc -std=gnu11 -ggdb -gdwarf-4 -gstrict-dwarf -ffreestanding -fmacro-prefix-map=/builddir/build/BUILD/shim-16.1/= -fno-stack-protector -fno-strict-aliasing -fpic -fshort-wchar -nostdinc -Os -Wall -Wextra -Wno-missing-field-initializers -Wno-empty-body -Wno-implicit-fallthrough -Wno-old-style-declaration -Wno-unused-but-set-variable -Wno-unused-parameter -Werror -Wno-error=unused-but-set-variable -Wno-error=unused-parameter -I/builddir/build/BUILD/shim-16.1/Cryptlib/OpenSSL -I/builddir/build/BUILD/shim-16.1/Cryptlib -I/builddir/build/BUILD/shim-16.1/Cryptlib/OpenSSL/Include/ -I/builddir/build/BUILD/shim-16.1/Cryptlib/OpenSSL/crypto -I/builddir/build/BUILD/shim-16.1/Cryptlib/Include -I/builddir/build/BUILD/shim-16.1/gnu-efi/inc -I/builddir/build/BUILD/shim-16.1/gnu-efi/inc/aarch64 -I/builddir/build/BUILD/shim-16.1/gnu-efi/inc/protocol -I/builddir/build/BUILD/shim-16.1/Cryptlib/OpenSSL/crypto/asn1 -I/builddir/build/BUILD/shim-16.1/Cryptlib/OpenSSL/crypto/evp -I/builddir/build/BUILD/shim-16.1/Cryptlib/OpenSSL/crypto/modes -I/builddir/build/BUILD/shim-16.1/Cryptlib/OpenSSL/crypto/include -isystem /builddir/build/BUILD/shim-16.1/include/system -isystem /usr/lib/gcc/aarch64-redhat-linux/11/include -DL_ENDIAN -D_CRT_SECURE_NO_DEPRECATE -D_CRT_NONSTDC_NO_DEPRECATE -DOPENSSL_SMALL_FOOTPRINT -DPEDANTIC -DMDE_CPU_AARCH64   -c -o crypto/fips_ers.o /builddir/build/BUILD/shim-16.1/Cryptlib/OpenSSL/crypto/fips_ers.c
DEBUG util.py:461:  gcc -std=gnu11 -ggdb -gdwarf-4 -gstrict-dwarf -ffreestanding -fmacro-prefix-map=/builddir/build/BUILD/shim-16.1/= -fno-stack-protector -fno-strict-aliasing -fpic -fshort-wchar -nostdinc -Os -Wall -Wextra -Wno-missing-field-initializers -Wno-empty-body -Wno-implicit-fallthrough -Wno-old-style-declaration -Wno-unused-but-set-variable -Wno-unused-parameter -Werror -Wno-error=unused-but-set-variable -Wno-error=unused-parameter -I/builddir/build/BUILD/shim-16.1/Cryptlib/OpenSSL -I/builddir/build/BUILD/shim-16.1/Cryptlib -I/builddir/build/BUILD/shim-16.1/Cryptlib/OpenSSL/Include/ -I/builddir/build/BUILD/shim-16.1/Cryptlib/OpenSSL/crypto -I/builddir/build/BUILD/shim-16.1/Cryptlib/Include -I/builddir/build/BUILD/shim-16.1/gnu-efi/inc -I/builddir/build/BUILD/shim-16.1/gnu-efi/inc/aarch64 -I/builddir/build/BUILD/shim-16.1/gnu-efi/inc/protocol -I/builddir/build/BUILD/shim-16.1/Cryptlib/OpenSSL/crypto/asn1 -I/builddir/build/BUILD/shim-16.1/Cryptlib/OpenSSL/crypto/evp -I/builddir/build/BUILD/shim-16.1/Cryptlib/OpenSSL/crypto/modes -I/builddir/build/BUILD/shim-16.1/Cryptlib/OpenSSL/crypto/include -isystem /builddir/build/BUILD/shim-16.1/include/system -isystem /usr/lib/gcc/aarch64-redhat-linux/11/include -DL_ENDIAN -D_CRT_SECURE_NO_DEPRECATE -D_CRT_NONSTDC_NO_DEPRECATE -DOPENSSL_SMALL_FOOTPRINT -DPEDANTIC -DMDE_CPU_AARCH64   -c -o crypto/md5/md5_dgst.o /builddir/build/BUILD/shim-16.1/Cryptlib/OpenSSL/crypto/md5/md5_dgst.c
DEBUG util.py:461:  gcc -std=gnu11 -ggdb -gdwarf-4 -gstrict-dwarf -ffreestanding -fmacro-prefix-map=/builddir/build/BUILD/shim-16.1/= -fno-stack-protector -fno-strict-aliasing -fpic -fshort-wchar -nostdinc -Os -Wall -Wextra -Wno-missing-field-initializers -Wno-empty-body -Wno-implicit-fallthrough -Wno-old-style-declaration -Wno-unused-but-set-variable -Wno-unused-parameter -Werror -Wno-error=unused-but-set-variable -Wno-error=unused-parameter -I/builddir/build/BUILD/shim-16.1/Cryptlib/OpenSSL -I/builddir/build/BUILD/shim-16.1/Cryptlib -I/builddir/build/BUILD/shim-16.1/Cryptlib/OpenSSL/Include/ -I/builddir/build/BUILD/shim-16.1/Cryptlib/OpenSSL/crypto -I/builddir/build/BUILD/shim-16.1/Cryptlib/Include -I/builddir/build/BUILD/shim-16.1/gnu-efi/inc -I/builddir/build/BUILD/shim-16.1/gnu-efi/inc/aarch64 -I/builddir/build/BUILD/shim-16.1/gnu-efi/inc/protocol -I/builddir/build/BUILD/shim-16.1/Cryptlib/OpenSSL/crypto/asn1 -I/builddir/build/BUILD/shim-16.1/Cryptlib/OpenSSL/crypto/evp -I/builddir/build/BUILD/shim-16.1/Cryptlib/OpenSSL/crypto/modes -I/builddir/build/BUILD/shim-16.1/Cryptlib/OpenSSL/crypto/include -isystem /builddir/build/BUILD/shim-16.1/include/system -isystem /usr/lib/gcc/aarch64-redhat-linux/11/include -DL_ENDIAN -D_CRT_SECURE_NO_DEPRECATE -D_CRT_NONSTDC_NO_DEPRECATE -DOPENSSL_SMALL_FOOTPRINT -DPEDANTIC -DMDE_CPU_AARCH64   -c -o crypto/md5/md5_one.o /builddir/build/BUILD/shim-16.1/Cryptlib/OpenSSL/crypto/md5/md5_one.c
DEBUG util.py:461:  gcc -std=gnu11 -ggdb -gdwarf-4 -gstrict-dwarf -ffreestanding -fmacro-prefix-map=/builddir/build/BUILD/shim-16.1/= -fno-stack-protector -fno-strict-aliasing -fpic -fshort-wchar -nostdinc -Os -Wall -Wextra -Wno-missing-field-initializers -Wno-empty-body -Wno-implicit-fallthrough -Wno-old-style-declaration -Wno-unused-but-set-variable -Wno-unused-parameter -Werror -Wno-error=unused-but-set-variable -Wno-error=unused-parameter -I/builddir/build/BUILD/shim-16.1/Cryptlib/OpenSSL -I/builddir/build/BUILD/shim-16.1/Cryptlib -I/builddir/build/BUILD/shim-16.1/Cryptlib/OpenSSL/Include/ -I/builddir/build/BUILD/shim-16.1/Cryptlib/OpenSSL/crypto -I/builddir/build/BUILD/shim-16.1/Cryptlib/Include -I/builddir/build/BUILD/shim-16.1/gnu-efi/inc -I/builddir/build/BUILD/shim-16.1/gnu-efi/inc/aarch64 -I/builddir/build/BUILD/shim-16.1/gnu-efi/inc/protocol -I/builddir/build/BUILD/shim-16.1/Cryptlib/OpenSSL/crypto/asn1 -I/builddir/build/BUILD/shim-16.1/Cryptlib/OpenSSL/crypto/evp -I/builddir/build/BUILD/shim-16.1/Cryptlib/OpenSSL/crypto/modes -I/builddir/build/BUILD/shim-16.1/Cryptlib/OpenSSL/crypto/include -isystem /builddir/build/BUILD/shim-16.1/include/system -isystem /usr/lib/gcc/aarch64-redhat-linux/11/include -DL_ENDIAN -D_CRT_SECURE_NO_DEPRECATE -D_CRT_NONSTDC_NO_DEPRECATE -DOPENSSL_SMALL_FOOTPRINT -DPEDANTIC -DMDE_CPU_AARCH64   -c -o crypto/sha/sha_dgst.o /builddir/build/BUILD/shim-16.1/Cryptlib/OpenSSL/crypto/sha/sha_dgst.c
DEBUG util.py:461:  gcc -std=gnu11 -ggdb -gdwarf-4 -gstrict-dwarf -ffreestanding -fmacro-prefix-map=/builddir/build/BUILD/shim-16.1/= -fno-stack-protector -fno-strict-aliasing -fpic -fshort-wchar -nostdinc -Os -Wall -Wextra -Wno-missing-field-initializers -Wno-empty-body -Wno-implicit-fallthrough -Wno-old-style-declaration -Wno-unused-but-set-variable -Wno-unused-parameter -Werror -Wno-error=unused-but-set-variable -Wno-error=unused-parameter -I/builddir/build/BUILD/shim-16.1/Cryptlib/OpenSSL -I/builddir/build/BUILD/shim-16.1/Cryptlib -I/builddir/build/BUILD/shim-16.1/Cryptlib/OpenSSL/Include/ -I/builddir/build/BUILD/shim-16.1/Cryptlib/OpenSSL/crypto -I/builddir/build/BUILD/shim-16.1/Cryptlib/Include -I/builddir/build/BUILD/shim-16.1/gnu-efi/inc -I/builddir/build/BUILD/shim-16.1/gnu-efi/inc/aarch64 -I/builddir/build/BUILD/shim-16.1/gnu-efi/inc/protocol -I/builddir/build/BUILD/shim-16.1/Cryptlib/OpenSSL/crypto/asn1 -I/builddir/build/BUILD/shim-16.1/Cryptlib/OpenSSL/crypto/evp -I/builddir/build/BUILD/shim-16.1/Cryptlib/OpenSSL/crypto/modes -I/builddir/build/BUILD/shim-16.1/Cryptlib/OpenSSL/crypto/include -isystem /builddir/build/BUILD/shim-16.1/include/system -isystem /usr/lib/gcc/aarch64-redhat-linux/11/include -DL_ENDIAN -D_CRT_SECURE_NO_DEPRECATE -D_CRT_NONSTDC_NO_DEPRECATE -DOPENSSL_SMALL_FOOTPRINT -DPEDANTIC -DMDE_CPU_AARCH64   -c -o crypto/sha/sha1dgst.o /builddir/build/BUILD/shim-16.1/Cryptlib/OpenSSL/crypto/sha/sha1dgst.c
DEBUG util.py:461:  gcc -std=gnu11 -ggdb -gdwarf-4 -gstrict-dwarf -ffreestanding -fmacro-prefix-map=/builddir/build/BUILD/shim-16.1/= -fno-stack-protector -fno-strict-aliasing -fpic -fshort-wchar -nostdinc -Os -Wall -Wextra -Wno-missing-field-initializers -Wno-empty-body -Wno-implicit-fallthrough -Wno-old-style-declaration -Wno-unused-but-set-variable -Wno-unused-parameter -Werror -Wno-error=unused-but-set-variable -Wno-error=unused-parameter -I/builddir/build/BUILD/shim-16.1/Cryptlib/OpenSSL -I/builddir/build/BUILD/shim-16.1/Cryptlib -I/builddir/build/BUILD/shim-16.1/Cryptlib/OpenSSL/Include/ -I/builddir/build/BUILD/shim-16.1/Cryptlib/OpenSSL/crypto -I/builddir/build/BUILD/shim-16.1/Cryptlib/Include -I/builddir/build/BUILD/shim-16.1/gnu-efi/inc -I/builddir/build/BUILD/shim-16.1/gnu-efi/inc/aarch64 -I/builddir/build/BUILD/shim-16.1/gnu-efi/inc/protocol -I/builddir/build/BUILD/shim-16.1/Cryptlib/OpenSSL/crypto/asn1 -I/builddir/build/BUILD/shim-16.1/Cryptlib/OpenSSL/crypto/evp -I/builddir/build/BUILD/shim-16.1/Cryptlib/OpenSSL/crypto/modes -I/builddir/build/BUILD/shim-16.1/Cryptlib/OpenSSL/crypto/include -isystem /builddir/build/BUILD/shim-16.1/include/system -isystem /usr/lib/gcc/aarch64-redhat-linux/11/include -DL_ENDIAN -D_CRT_SECURE_NO_DEPRECATE -D_CRT_NONSTDC_NO_DEPRECATE -DOPENSSL_SMALL_FOOTPRINT -DPEDANTIC -DMDE_CPU_AARCH64   -c -o crypto/sha/sha_one.o /builddir/build/BUILD/shim-16.1/Cryptlib/OpenSSL/crypto/sha/sha_one.c
DEBUG util.py:461:  gcc -std=gnu11 -ggdb -gdwarf-4 -gstrict-dwarf -ffreestanding -fmacro-prefix-map=/builddir/build/BUILD/shim-16.1/= -fno-stack-protector -fno-strict-aliasing -fpic -fshort-wchar -nostdinc -Os -Wall -Wextra -Wno-missing-field-initializers -Wno-empty-body -Wno-implicit-fallthrough -Wno-old-style-declaration -Wno-unused-but-set-variable -Wno-unused-parameter -Werror -Wno-error=unused-but-set-variable -Wno-error=unused-parameter -I/builddir/build/BUILD/shim-16.1/Cryptlib/OpenSSL -I/builddir/build/BUILD/shim-16.1/Cryptlib -I/builddir/build/BUILD/shim-16.1/Cryptlib/OpenSSL/Include/ -I/builddir/build/BUILD/shim-16.1/Cryptlib/OpenSSL/crypto -I/builddir/build/BUILD/shim-16.1/Cryptlib/Include -I/builddir/build/BUILD/shim-16.1/gnu-efi/inc -I/builddir/build/BUILD/shim-16.1/gnu-efi/inc/aarch64 -I/builddir/build/BUILD/shim-16.1/gnu-efi/inc/protocol -I/builddir/build/BUILD/shim-16.1/Cryptlib/OpenSSL/crypto/asn1 -I/builddir/build/BUILD/shim-16.1/Cryptlib/OpenSSL/crypto/evp -I/builddir/build/BUILD/shim-16.1/Cryptlib/OpenSSL/crypto/modes -I/builddir/build/BUILD/shim-16.1/Cryptlib/OpenSSL/crypto/include -isystem /builddir/build/BUILD/shim-16.1/include/system -isystem /usr/lib/gcc/aarch64-redhat-linux/11/include -DL_ENDIAN -D_CRT_SECURE_NO_DEPRECATE -D_CRT_NONSTDC_NO_DEPRECATE -DOPENSSL_SMALL_FOOTPRINT -DPEDANTIC -DMDE_CPU_AARCH64   -c -o crypto/sha/sha1_one.o /builddir/build/BUILD/shim-16.1/Cryptlib/OpenSSL/crypto/sha/sha1_one.c
DEBUG util.py:461:  gcc -std=gnu11 -ggdb -gdwarf-4 -gstrict-dwarf -ffreestanding -fmacro-prefix-map=/builddir/build/BUILD/shim-16.1/= -fno-stack-protector -fno-strict-aliasing -fpic -fshort-wchar -nostdinc -Os -Wall -Wextra -Wno-missing-field-initializers -Wno-empty-body -Wno-implicit-fallthrough -Wno-old-style-declaration -Wno-unused-but-set-variable -Wno-unused-parameter -Werror -Wno-error=unused-but-set-variable -Wno-error=unused-parameter -I/builddir/build/BUILD/shim-16.1/Cryptlib/OpenSSL -I/builddir/build/BUILD/shim-16.1/Cryptlib -I/builddir/build/BUILD/shim-16.1/Cryptlib/OpenSSL/Include/ -I/builddir/build/BUILD/shim-16.1/Cryptlib/OpenSSL/crypto -I/builddir/build/BUILD/shim-16.1/Cryptlib/Include -I/builddir/build/BUILD/shim-16.1/gnu-efi/inc -I/builddir/build/BUILD/shim-16.1/gnu-efi/inc/aarch64 -I/builddir/build/BUILD/shim-16.1/gnu-efi/inc/protocol -I/builddir/build/BUILD/shim-16.1/Cryptlib/OpenSSL/crypto/asn1 -I/builddir/build/BUILD/shim-16.1/Cryptlib/OpenSSL/crypto/evp -I/builddir/build/BUILD/shim-16.1/Cryptlib/OpenSSL/crypto/modes -I/builddir/build/BUILD/shim-16.1/Cryptlib/OpenSSL/crypto/include -isystem /builddir/build/BUILD/shim-16.1/include/system -isystem /usr/lib/gcc/aarch64-redhat-linux/11/include -DL_ENDIAN -D_CRT_SECURE_NO_DEPRECATE -D_CRT_NONSTDC_NO_DEPRECATE -DOPENSSL_SMALL_FOOTPRINT -DPEDANTIC -DMDE_CPU_AARCH64   -c -o crypto/sha/sha256.o /builddir/build/BUILD/shim-16.1/Cryptlib/OpenSSL/crypto/sha/sha256.c
DEBUG util.py:461:  gcc -std=gnu11 -ggdb -gdwarf-4 -gstrict-dwarf -ffreestanding -fmacro-prefix-map=/builddir/build/BUILD/shim-16.1/= -fno-stack-protector -fno-strict-aliasing -fpic -fshort-wchar -nostdinc -Os -Wall -Wextra -Wno-missing-field-initializers -Wno-empty-body -Wno-implicit-fallthrough -Wno-old-style-declaration -Wno-unused-but-set-variable -Wno-unused-parameter -Werror -Wno-error=unused-but-set-variable -Wno-error=unused-parameter -I/builddir/build/BUILD/shim-16.1/Cryptlib/OpenSSL -I/builddir/build/BUILD/shim-16.1/Cryptlib -I/builddir/build/BUILD/shim-16.1/Cryptlib/OpenSSL/Include/ -I/builddir/build/BUILD/shim-16.1/Cryptlib/OpenSSL/crypto -I/builddir/build/BUILD/shim-16.1/Cryptlib/Include -I/builddir/build/BUILD/shim-16.1/gnu-efi/inc -I/builddir/build/BUILD/shim-16.1/gnu-efi/inc/aarch64 -I/builddir/build/BUILD/shim-16.1/gnu-efi/inc/protocol -I/builddir/build/BUILD/shim-16.1/Cryptlib/OpenSSL/crypto/asn1 -I/builddir/build/BUILD/shim-16.1/Cryptlib/OpenSSL/crypto/evp -I/builddir/build/BUILD/shim-16.1/Cryptlib/OpenSSL/crypto/modes -I/builddir/build/BUILD/shim-16.1/Cryptlib/OpenSSL/crypto/include -isystem /builddir/build/BUILD/shim-16.1/include/system -isystem /usr/lib/gcc/aarch64-redhat-linux/11/include -DL_ENDIAN -D_CRT_SECURE_NO_DEPRECATE -D_CRT_NONSTDC_NO_DEPRECATE -DOPENSSL_SMALL_FOOTPRINT -DPEDANTIC -DMDE_CPU_AARCH64   -c -o crypto/sha/sha512.o /builddir/build/BUILD/shim-16.1/Cryptlib/OpenSSL/crypto/sha/sha512.c
DEBUG util.py:461:  gcc -std=gnu11 -ggdb -gdwarf-4 -gstrict-dwarf -ffreestanding -fmacro-prefix-map=/builddir/build/BUILD/shim-16.1/= -fno-stack-protector -fno-strict-aliasing -fpic -fshort-wchar -nostdinc -Os -Wall -Wextra -Wno-missing-field-initializers -Wno-empty-body -Wno-implicit-fallthrough -Wno-old-style-declaration -Wno-unused-but-set-variable -Wno-unused-parameter -Werror -Wno-error=unused-but-set-variable -Wno-error=unused-parameter -I/builddir/build/BUILD/shim-16.1/Cryptlib/OpenSSL -I/builddir/build/BUILD/shim-16.1/Cryptlib -I/builddir/build/BUILD/shim-16.1/Cryptlib/OpenSSL/Include/ -I/builddir/build/BUILD/shim-16.1/Cryptlib/OpenSSL/crypto -I/builddir/build/BUILD/shim-16.1/Cryptlib/Include -I/builddir/build/BUILD/shim-16.1/gnu-efi/inc -I/builddir/build/BUILD/shim-16.1/gnu-efi/inc/aarch64 -I/builddir/build/BUILD/shim-16.1/gnu-efi/inc/protocol -I/builddir/build/BUILD/shim-16.1/Cryptlib/OpenSSL/crypto/asn1 -I/builddir/build/BUILD/shim-16.1/Cryptlib/OpenSSL/crypto/evp -I/builddir/build/BUILD/shim-16.1/Cryptlib/OpenSSL/crypto/modes -I/builddir/build/BUILD/shim-16.1/Cryptlib/OpenSSL/crypto/include -isystem /builddir/build/BUILD/shim-16.1/include/system -isystem /usr/lib/gcc/aarch64-redhat-linux/11/include -DL_ENDIAN -D_CRT_SECURE_NO_DEPRECATE -D_CRT_NONSTDC_NO_DEPRECATE -DOPENSSL_SMALL_FOOTPRINT -DPEDANTIC -DMDE_CPU_AARCH64   -c -o crypto/hmac/hmac.o /builddir/build/BUILD/shim-16.1/Cryptlib/OpenSSL/crypto/hmac/hmac.c
DEBUG util.py:461:  gcc -std=gnu11 -ggdb -gdwarf-4 -gstrict-dwarf -ffreestanding -fmacro-prefix-map=/builddir/build/BUILD/shim-16.1/= -fno-stack-protector -fno-strict-aliasing -fpic -fshort-wchar -nostdinc -Os -Wall -Wextra -Wno-missing-field-initializers -Wno-empty-body -Wno-implicit-fallthrough -Wno-old-style-declaration -Wno-unused-but-set-variable -Wno-unused-parameter -Werror -Wno-error=unused-but-set-variable -Wno-error=unused-parameter -I/builddir/build/BUILD/shim-16.1/Cryptlib/OpenSSL -I/builddir/build/BUILD/shim-16.1/Cryptlib -I/builddir/build/BUILD/shim-16.1/Cryptlib/OpenSSL/Include/ -I/builddir/build/BUILD/shim-16.1/Cryptlib/OpenSSL/crypto -I/builddir/build/BUILD/shim-16.1/Cryptlib/Include -I/builddir/build/BUILD/shim-16.1/gnu-efi/inc -I/builddir/build/BUILD/shim-16.1/gnu-efi/inc/aarch64 -I/builddir/build/BUILD/shim-16.1/gnu-efi/inc/protocol -I/builddir/build/BUILD/shim-16.1/Cryptlib/OpenSSL/crypto/asn1 -I/builddir/build/BUILD/shim-16.1/Cryptlib/OpenSSL/crypto/evp -I/builddir/build/BUILD/shim-16.1/Cryptlib/OpenSSL/crypto/modes -I/builddir/build/BUILD/shim-16.1/Cryptlib/OpenSSL/crypto/include -isystem /builddir/build/BUILD/shim-16.1/include/system -isystem /usr/lib/gcc/aarch64-redhat-linux/11/include -DL_ENDIAN -D_CRT_SECURE_NO_DEPRECATE -D_CRT_NONSTDC_NO_DEPRECATE -DOPENSSL_SMALL_FOOTPRINT -DPEDANTIC -DMDE_CPU_AARCH64   -c -o crypto/hmac/hm_ameth.o /builddir/build/BUILD/shim-16.1/Cryptlib/OpenSSL/crypto/hmac/hm_ameth.c
DEBUG util.py:461:  gcc -std=gnu11 -ggdb -gdwarf-4 -gstrict-dwarf -ffreestanding -fmacro-prefix-map=/builddir/build/BUILD/shim-16.1/= -fno-stack-protector -fno-strict-aliasing -fpic -fshort-wchar -nostdinc -Os -Wall -Wextra -Wno-missing-field-initializers -Wno-empty-body -Wno-implicit-fallthrough -Wno-old-style-declaration -Wno-unused-but-set-variable -Wno-unused-parameter -Werror -Wno-error=unused-but-set-variable -Wno-error=unused-parameter -I/builddir/build/BUILD/shim-16.1/Cryptlib/OpenSSL -I/builddir/build/BUILD/shim-16.1/Cryptlib -I/builddir/build/BUILD/shim-16.1/Cryptlib/OpenSSL/Include/ -I/builddir/build/BUILD/shim-16.1/Cryptlib/OpenSSL/crypto -I/builddir/build/BUILD/shim-16.1/Cryptlib/Include -I/builddir/build/BUILD/shim-16.1/gnu-efi/inc -I/builddir/build/BUILD/shim-16.1/gnu-efi/inc/aarch64 -I/builddir/build/BUILD/shim-16.1/gnu-efi/inc/protocol -I/builddir/build/BUILD/shim-16.1/Cryptlib/OpenSSL/crypto/asn1 -I/builddir/build/BUILD/shim-16.1/Cryptlib/OpenSSL/crypto/evp -I/builddir/build/BUILD/shim-16.1/Cryptlib/OpenSSL/crypto/modes -I/builddir/build/BUILD/shim-16.1/Cryptlib/OpenSSL/crypto/include -isystem /builddir/build/BUILD/shim-16.1/include/system -isystem /usr/lib/gcc/aarch64-redhat-linux/11/include -DL_ENDIAN -D_CRT_SECURE_NO_DEPRECATE -D_CRT_NONSTDC_NO_DEPRECATE -DOPENSSL_SMALL_FOOTPRINT -DPEDANTIC -DMDE_CPU_AARCH64   -c -o crypto/hmac/hm_pmeth.o /builddir/build/BUILD/shim-16.1/Cryptlib/OpenSSL/crypto/hmac/hm_pmeth.c
DEBUG util.py:461:  gcc -std=gnu11 -ggdb -gdwarf-4 -gstrict-dwarf -ffreestanding -fmacro-prefix-map=/builddir/build/BUILD/shim-16.1/= -fno-stack-protector -fno-strict-aliasing -fpic -fshort-wchar -nostdinc -Os -Wall -Wextra -Wno-missing-field-initializers -Wno-empty-body -Wno-implicit-fallthrough -Wno-old-style-declaration -Wno-unused-but-set-variable -Wno-unused-parameter -Werror -Wno-error=unused-but-set-variable -Wno-error=unused-parameter -I/builddir/build/BUILD/shim-16.1/Cryptlib/OpenSSL -I/builddir/build/BUILD/shim-16.1/Cryptlib -I/builddir/build/BUILD/shim-16.1/Cryptlib/OpenSSL/Include/ -I/builddir/build/BUILD/shim-16.1/Cryptlib/OpenSSL/crypto -I/builddir/build/BUILD/shim-16.1/Cryptlib/Include -I/builddir/build/BUILD/shim-16.1/gnu-efi/inc -I/builddir/build/BUILD/shim-16.1/gnu-efi/inc/aarch64 -I/builddir/build/BUILD/shim-16.1/gnu-efi/inc/protocol -I/builddir/build/BUILD/shim-16.1/Cryptlib/OpenSSL/crypto/asn1 -I/builddir/build/BUILD/shim-16.1/Cryptlib/OpenSSL/crypto/evp -I/builddir/build/BUILD/shim-16.1/Cryptlib/OpenSSL/crypto/modes -I/builddir/build/BUILD/shim-16.1/Cryptlib/OpenSSL/crypto/include -isystem /builddir/build/BUILD/shim-16.1/include/system -isystem /usr/lib/gcc/aarch64-redhat-linux/11/include -DL_ENDIAN -D_CRT_SECURE_NO_DEPRECATE -D_CRT_NONSTDC_NO_DEPRECATE -DOPENSSL_SMALL_FOOTPRINT -DPEDANTIC -DMDE_CPU_AARCH64   -c -o crypto/rc4/rc4_enc.o /builddir/build/BUILD/shim-16.1/Cryptlib/OpenSSL/crypto/rc4/rc4_enc.c
DEBUG util.py:461:  gcc -std=gnu11 -ggdb -gdwarf-4 -gstrict-dwarf -ffreestanding -fmacro-prefix-map=/builddir/build/BUILD/shim-16.1/= -fno-stack-protector -fno-strict-aliasing -fpic -fshort-wchar -nostdinc -Os -Wall -Wextra -Wno-missing-field-initializers -Wno-empty-body -Wno-implicit-fallthrough -Wno-old-style-declaration -Wno-unused-but-set-variable -Wno-unused-parameter -Werror -Wno-error=unused-but-set-variable -Wno-error=unused-parameter -I/builddir/build/BUILD/shim-16.1/Cryptlib/OpenSSL -I/builddir/build/BUILD/shim-16.1/Cryptlib -I/builddir/build/BUILD/shim-16.1/Cryptlib/OpenSSL/Include/ -I/builddir/build/BUILD/shim-16.1/Cryptlib/OpenSSL/crypto -I/builddir/build/BUILD/shim-16.1/Cryptlib/Include -I/builddir/build/BUILD/shim-16.1/gnu-efi/inc -I/builddir/build/BUILD/shim-16.1/gnu-efi/inc/aarch64 -I/builddir/build/BUILD/shim-16.1/gnu-efi/inc/protocol -I/builddir/build/BUILD/shim-16.1/Cryptlib/OpenSSL/crypto/asn1 -I/builddir/build/BUILD/shim-16.1/Cryptlib/OpenSSL/crypto/evp -I/builddir/build/BUILD/shim-16.1/Cryptlib/OpenSSL/crypto/modes -I/builddir/build/BUILD/shim-16.1/Cryptlib/OpenSSL/crypto/include -isystem /builddir/build/BUILD/shim-16.1/include/system -isystem /usr/lib/gcc/aarch64-redhat-linux/11/include -DL_ENDIAN -D_CRT_SECURE_NO_DEPRECATE -D_CRT_NONSTDC_NO_DEPRECATE -DOPENSSL_SMALL_FOOTPRINT -DPEDANTIC -DMDE_CPU_AARCH64   -c -o crypto/rc4/rc4_skey.o /builddir/build/BUILD/shim-16.1/Cryptlib/OpenSSL/crypto/rc4/rc4_skey.c
DEBUG util.py:461:  gcc -std=gnu11 -ggdb -gdwarf-4 -gstrict-dwarf -ffreestanding -fmacro-prefix-map=/builddir/build/BUILD/shim-16.1/= -fno-stack-protector -fno-strict-aliasing -fpic -fshort-wchar -nostdinc -Os -Wall -Wextra -Wno-missing-field-initializers -Wno-empty-body -Wno-implicit-fallthrough -Wno-old-style-declaration -Wno-unused-but-set-variable -Wno-unused-parameter -Werror -Wno-error=unused-but-set-variable -Wno-error=unused-parameter -I/builddir/build/BUILD/shim-16.1/Cryptlib/OpenSSL -I/builddir/build/BUILD/shim-16.1/Cryptlib -I/builddir/build/BUILD/shim-16.1/Cryptlib/OpenSSL/Include/ -I/builddir/build/BUILD/shim-16.1/Cryptlib/OpenSSL/crypto -I/builddir/build/BUILD/shim-16.1/Cryptlib/Include -I/builddir/build/BUILD/shim-16.1/gnu-efi/inc -I/builddir/build/BUILD/shim-16.1/gnu-efi/inc/aarch64 -I/builddir/build/BUILD/shim-16.1/gnu-efi/inc/protocol -I/builddir/build/BUILD/shim-16.1/Cryptlib/OpenSSL/crypto/asn1 -I/builddir/build/BUILD/shim-16.1/Cryptlib/OpenSSL/crypto/evp -I/builddir/build/BUILD/shim-16.1/Cryptlib/OpenSSL/crypto/modes -I/builddir/build/BUILD/shim-16.1/Cryptlib/OpenSSL/crypto/include -isystem /builddir/build/BUILD/shim-16.1/include/system -isystem /usr/lib/gcc/aarch64-redhat-linux/11/include -DL_ENDIAN -D_CRT_SECURE_NO_DEPRECATE -D_CRT_NONSTDC_NO_DEPRECATE -DOPENSSL_SMALL_FOOTPRINT -DPEDANTIC -DMDE_CPU_AARCH64   -c -o crypto/rc4/rc4_utl.o /builddir/build/BUILD/shim-16.1/Cryptlib/OpenSSL/crypto/rc4/rc4_utl.c
DEBUG util.py:461:  gcc -std=gnu11 -ggdb -gdwarf-4 -gstrict-dwarf -ffreestanding -fmacro-prefix-map=/builddir/build/BUILD/shim-16.1/= -fno-stack-protector -fno-strict-aliasing -fpic -fshort-wchar -nostdinc -Os -Wall -Wextra -Wno-missing-field-initializers -Wno-empty-body -Wno-implicit-fallthrough -Wno-old-style-declaration -Wno-unused-but-set-variable -Wno-unused-parameter -Werror -Wno-error=unused-but-set-variable -Wno-error=unused-parameter -I/builddir/build/BUILD/shim-16.1/Cryptlib/OpenSSL -I/builddir/build/BUILD/shim-16.1/Cryptlib -I/builddir/build/BUILD/shim-16.1/Cryptlib/OpenSSL/Include/ -I/builddir/build/BUILD/shim-16.1/Cryptlib/OpenSSL/crypto -I/builddir/build/BUILD/shim-16.1/Cryptlib/Include -I/builddir/build/BUILD/shim-16.1/gnu-efi/inc -I/builddir/build/BUILD/shim-16.1/gnu-efi/inc/aarch64 -I/builddir/build/BUILD/shim-16.1/gnu-efi/inc/protocol -I/builddir/build/BUILD/shim-16.1/Cryptlib/OpenSSL/crypto/asn1 -I/builddir/build/BUILD/shim-16.1/Cryptlib/OpenSSL/crypto/evp -I/builddir/build/BUILD/shim-16.1/Cryptlib/OpenSSL/crypto/modes -I/builddir/build/BUILD/shim-16.1/Cryptlib/OpenSSL/crypto/include -isystem /builddir/build/BUILD/shim-16.1/include/system -isystem /usr/lib/gcc/aarch64-redhat-linux/11/include -DL_ENDIAN -D_CRT_SECURE_NO_DEPRECATE -D_CRT_NONSTDC_NO_DEPRECATE -DOPENSSL_SMALL_FOOTPRINT -DPEDANTIC -DMDE_CPU_AARCH64   -c -o crypto/aes/aes_misc.o /builddir/build/BUILD/shim-16.1/Cryptlib/OpenSSL/crypto/aes/aes_misc.c
DEBUG util.py:461:  gcc -std=gnu11 -ggdb -gdwarf-4 -gstrict-dwarf -ffreestanding -fmacro-prefix-map=/builddir/build/BUILD/shim-16.1/= -fno-stack-protector -fno-strict-aliasing -fpic -fshort-wchar -nostdinc -Os -Wall -Wextra -Wno-missing-field-initializers -Wno-empty-body -Wno-implicit-fallthrough -Wno-old-style-declaration -Wno-unused-but-set-variable -Wno-unused-parameter -Werror -Wno-error=unused-but-set-variable -Wno-error=unused-parameter -I/builddir/build/BUILD/shim-16.1/Cryptlib/OpenSSL -I/builddir/build/BUILD/shim-16.1/Cryptlib -I/builddir/build/BUILD/shim-16.1/Cryptlib/OpenSSL/Include/ -I/builddir/build/BUILD/shim-16.1/Cryptlib/OpenSSL/crypto -I/builddir/build/BUILD/shim-16.1/Cryptlib/Include -I/builddir/build/BUILD/shim-16.1/gnu-efi/inc -I/builddir/build/BUILD/shim-16.1/gnu-efi/inc/aarch64 -I/builddir/build/BUILD/shim-16.1/gnu-efi/inc/protocol -I/builddir/build/BUILD/shim-16.1/Cryptlib/OpenSSL/crypto/asn1 -I/builddir/build/BUILD/shim-16.1/Cryptlib/OpenSSL/crypto/evp -I/builddir/build/BUILD/shim-16.1/Cryptlib/OpenSSL/crypto/modes -I/builddir/build/BUILD/shim-16.1/Cryptlib/OpenSSL/crypto/include -isystem /builddir/build/BUILD/shim-16.1/include/system -isystem /usr/lib/gcc/aarch64-redhat-linux/11/include -DL_ENDIAN -D_CRT_SECURE_NO_DEPRECATE -D_CRT_NONSTDC_NO_DEPRECATE -DOPENSSL_SMALL_FOOTPRINT -DPEDANTIC -DMDE_CPU_AARCH64   -c -o crypto/aes/aes_ecb.o /builddir/build/BUILD/shim-16.1/Cryptlib/OpenSSL/crypto/aes/aes_ecb.c
DEBUG util.py:461:  gcc -std=gnu11 -ggdb -gdwarf-4 -gstrict-dwarf -ffreestanding -fmacro-prefix-map=/builddir/build/BUILD/shim-16.1/= -fno-stack-protector -fno-strict-aliasing -fpic -fshort-wchar -nostdinc -Os -Wall -Wextra -Wno-missing-field-initializers -Wno-empty-body -Wno-implicit-fallthrough -Wno-old-style-declaration -Wno-unused-but-set-variable -Wno-unused-parameter -Werror -Wno-error=unused-but-set-variable -Wno-error=unused-parameter -I/builddir/build/BUILD/shim-16.1/Cryptlib/OpenSSL -I/builddir/build/BUILD/shim-16.1/Cryptlib -I/builddir/build/BUILD/shim-16.1/Cryptlib/OpenSSL/Include/ -I/builddir/build/BUILD/shim-16.1/Cryptlib/OpenSSL/crypto -I/builddir/build/BUILD/shim-16.1/Cryptlib/Include -I/builddir/build/BUILD/shim-16.1/gnu-efi/inc -I/builddir/build/BUILD/shim-16.1/gnu-efi/inc/aarch64 -I/builddir/build/BUILD/shim-16.1/gnu-efi/inc/protocol -I/builddir/build/BUILD/shim-16.1/Cryptlib/OpenSSL/crypto/asn1 -I/builddir/build/BUILD/shim-16.1/Cryptlib/OpenSSL/crypto/evp -I/builddir/build/BUILD/shim-16.1/Cryptlib/OpenSSL/crypto/modes -I/builddir/build/BUILD/shim-16.1/Cryptlib/OpenSSL/crypto/include -isystem /builddir/build/BUILD/shim-16.1/include/system -isystem /usr/lib/gcc/aarch64-redhat-linux/11/include -DL_ENDIAN -D_CRT_SECURE_NO_DEPRECATE -D_CRT_NONSTDC_NO_DEPRECATE -DOPENSSL_SMALL_FOOTPRINT -DPEDANTIC -DMDE_CPU_AARCH64   -c -o crypto/aes/aes_cfb.o /builddir/build/BUILD/shim-16.1/Cryptlib/OpenSSL/crypto/aes/aes_cfb.c
DEBUG util.py:461:  gcc -std=gnu11 -ggdb -gdwarf-4 -gstrict-dwarf -ffreestanding -fmacro-prefix-map=/builddir/build/BUILD/shim-16.1/= -fno-stack-protector -fno-strict-aliasing -fpic -fshort-wchar -nostdinc -Os -Wall -Wextra -Wno-missing-field-initializers -Wno-empty-body -Wno-implicit-fallthrough -Wno-old-style-declaration -Wno-unused-but-set-variable -Wno-unused-parameter -Werror -Wno-error=unused-but-set-variable -Wno-error=unused-parameter -I/builddir/build/BUILD/shim-16.1/Cryptlib/OpenSSL -I/builddir/build/BUILD/shim-16.1/Cryptlib -I/builddir/build/BUILD/shim-16.1/Cryptlib/OpenSSL/Include/ -I/builddir/build/BUILD/shim-16.1/Cryptlib/OpenSSL/crypto -I/builddir/build/BUILD/shim-16.1/Cryptlib/Include -I/builddir/build/BUILD/shim-16.1/gnu-efi/inc -I/builddir/build/BUILD/shim-16.1/gnu-efi/inc/aarch64 -I/builddir/build/BUILD/shim-16.1/gnu-efi/inc/protocol -I/builddir/build/BUILD/shim-16.1/Cryptlib/OpenSSL/crypto/asn1 -I/builddir/build/BUILD/shim-16.1/Cryptlib/OpenSSL/crypto/evp -I/builddir/build/BUILD/shim-16.1/Cryptlib/OpenSSL/crypto/modes -I/builddir/build/BUILD/shim-16.1/Cryptlib/OpenSSL/crypto/include -isystem /builddir/build/BUILD/shim-16.1/include/system -isystem /usr/lib/gcc/aarch64-redhat-linux/11/include -DL_ENDIAN -D_CRT_SECURE_NO_DEPRECATE -D_CRT_NONSTDC_NO_DEPRECATE -DOPENSSL_SMALL_FOOTPRINT -DPEDANTIC -DMDE_CPU_AARCH64   -c -o crypto/aes/aes_ofb.o /builddir/build/BUILD/shim-16.1/Cryptlib/OpenSSL/crypto/aes/aes_ofb.c
DEBUG util.py:461:  gcc -std=gnu11 -ggdb -gdwarf-4 -gstrict-dwarf -ffreestanding -fmacro-prefix-map=/builddir/build/BUILD/shim-16.1/= -fno-stack-protector -fno-strict-aliasing -fpic -fshort-wchar -nostdinc -Os -Wall -Wextra -Wno-missing-field-initializers -Wno-empty-body -Wno-implicit-fallthrough -Wno-old-style-declaration -Wno-unused-but-set-variable -Wno-unused-parameter -Werror -Wno-error=unused-but-set-variable -Wno-error=unused-parameter -I/builddir/build/BUILD/shim-16.1/Cryptlib/OpenSSL -I/builddir/build/BUILD/shim-16.1/Cryptlib -I/builddir/build/BUILD/shim-16.1/Cryptlib/OpenSSL/Include/ -I/builddir/build/BUILD/shim-16.1/Cryptlib/OpenSSL/crypto -I/builddir/build/BUILD/shim-16.1/Cryptlib/Include -I/builddir/build/BUILD/shim-16.1/gnu-efi/inc -I/builddir/build/BUILD/shim-16.1/gnu-efi/inc/aarch64 -I/builddir/build/BUILD/shim-16.1/gnu-efi/inc/protocol -I/builddir/build/BUILD/shim-16.1/Cryptlib/OpenSSL/crypto/asn1 -I/builddir/build/BUILD/shim-16.1/Cryptlib/OpenSSL/crypto/evp -I/builddir/build/BUILD/shim-16.1/Cryptlib/OpenSSL/crypto/modes -I/builddir/build/BUILD/shim-16.1/Cryptlib/OpenSSL/crypto/include -isystem /builddir/build/BUILD/shim-16.1/include/system -isystem /usr/lib/gcc/aarch64-redhat-linux/11/include -DL_ENDIAN -D_CRT_SECURE_NO_DEPRECATE -D_CRT_NONSTDC_NO_DEPRECATE -DOPENSSL_SMALL_FOOTPRINT -DPEDANTIC -DMDE_CPU_AARCH64   -c -o crypto/aes/aes_ctr.o /builddir/build/BUILD/shim-16.1/Cryptlib/OpenSSL/crypto/aes/aes_ctr.c
DEBUG util.py:461:  gcc -std=gnu11 -ggdb -gdwarf-4 -gstrict-dwarf -ffreestanding -fmacro-prefix-map=/builddir/build/BUILD/shim-16.1/= -fno-stack-protector -fno-strict-aliasing -fpic -fshort-wchar -nostdinc -Os -Wall -Wextra -Wno-missing-field-initializers -Wno-empty-body -Wno-implicit-fallthrough -Wno-old-style-declaration -Wno-unused-but-set-variable -Wno-unused-parameter -Werror -Wno-error=unused-but-set-variable -Wno-error=unused-parameter -I/builddir/build/BUILD/shim-16.1/Cryptlib/OpenSSL -I/builddir/build/BUILD/shim-16.1/Cryptlib -I/builddir/build/BUILD/shim-16.1/Cryptlib/OpenSSL/Include/ -I/builddir/build/BUILD/shim-16.1/Cryptlib/OpenSSL/crypto -I/builddir/build/BUILD/shim-16.1/Cryptlib/Include -I/builddir/build/BUILD/shim-16.1/gnu-efi/inc -I/builddir/build/BUILD/shim-16.1/gnu-efi/inc/aarch64 -I/builddir/build/BUILD/shim-16.1/gnu-efi/inc/protocol -I/builddir/build/BUILD/shim-16.1/Cryptlib/OpenSSL/crypto/asn1 -I/builddir/build/BUILD/shim-16.1/Cryptlib/OpenSSL/crypto/evp -I/builddir/build/BUILD/shim-16.1/Cryptlib/OpenSSL/crypto/modes -I/builddir/build/BUILD/shim-16.1/Cryptlib/OpenSSL/crypto/include -isystem /builddir/build/BUILD/shim-16.1/include/system -isystem /usr/lib/gcc/aarch64-redhat-linux/11/include -DL_ENDIAN -D_CRT_SECURE_NO_DEPRECATE -D_CRT_NONSTDC_NO_DEPRECATE -DOPENSSL_SMALL_FOOTPRINT -DPEDANTIC -DMDE_CPU_AARCH64   -c -o crypto/aes/aes_ige.o /builddir/build/BUILD/shim-16.1/Cryptlib/OpenSSL/crypto/aes/aes_ige.c
DEBUG util.py:461:  gcc -std=gnu11 -ggdb -gdwarf-4 -gstrict-dwarf -ffreestanding -fmacro-prefix-map=/builddir/build/BUILD/shim-16.1/= -fno-stack-protector -fno-strict-aliasing -fpic -fshort-wchar -nostdinc -Os -Wall -Wextra -Wno-missing-field-initializers -Wno-empty-body -Wno-implicit-fallthrough -Wno-old-style-declaration -Wno-unused-but-set-variable -Wno-unused-parameter -Werror -Wno-error=unused-but-set-variable -Wno-error=unused-parameter -I/builddir/build/BUILD/shim-16.1/Cryptlib/OpenSSL -I/builddir/build/BUILD/shim-16.1/Cryptlib -I/builddir/build/BUILD/shim-16.1/Cryptlib/OpenSSL/Include/ -I/builddir/build/BUILD/shim-16.1/Cryptlib/OpenSSL/crypto -I/builddir/build/BUILD/shim-16.1/Cryptlib/Include -I/builddir/build/BUILD/shim-16.1/gnu-efi/inc -I/builddir/build/BUILD/shim-16.1/gnu-efi/inc/aarch64 -I/builddir/build/BUILD/shim-16.1/gnu-efi/inc/protocol -I/builddir/build/BUILD/shim-16.1/Cryptlib/OpenSSL/crypto/asn1 -I/builddir/build/BUILD/shim-16.1/Cryptlib/OpenSSL/crypto/evp -I/builddir/build/BUILD/shim-16.1/Cryptlib/OpenSSL/crypto/modes -I/builddir/build/BUILD/shim-16.1/Cryptlib/OpenSSL/crypto/include -isystem /builddir/build/BUILD/shim-16.1/include/system -isystem /usr/lib/gcc/aarch64-redhat-linux/11/include -DL_ENDIAN -D_CRT_SECURE_NO_DEPRECATE -D_CRT_NONSTDC_NO_DEPRECATE -DOPENSSL_SMALL_FOOTPRINT -DPEDANTIC -DMDE_CPU_AARCH64   -c -o crypto/aes/aes_wrap.o /builddir/build/BUILD/shim-16.1/Cryptlib/OpenSSL/crypto/aes/aes_wrap.c
DEBUG util.py:461:  gcc -std=gnu11 -ggdb -gdwarf-4 -gstrict-dwarf -ffreestanding -fmacro-prefix-map=/builddir/build/BUILD/shim-16.1/= -fno-stack-protector -fno-strict-aliasing -fpic -fshort-wchar -nostdinc -Os -Wall -Wextra -Wno-missing-field-initializers -Wno-empty-body -Wno-implicit-fallthrough -Wno-old-style-declaration -Wno-unused-but-set-variable -Wno-unused-parameter -Werror -Wno-error=unused-but-set-variable -Wno-error=unused-parameter -I/builddir/build/BUILD/shim-16.1/Cryptlib/OpenSSL -I/builddir/build/BUILD/shim-16.1/Cryptlib -I/builddir/build/BUILD/shim-16.1/Cryptlib/OpenSSL/Include/ -I/builddir/build/BUILD/shim-16.1/Cryptlib/OpenSSL/crypto -I/builddir/build/BUILD/shim-16.1/Cryptlib/Include -I/builddir/build/BUILD/shim-16.1/gnu-efi/inc -I/builddir/build/BUILD/shim-16.1/gnu-efi/inc/aarch64 -I/builddir/build/BUILD/shim-16.1/gnu-efi/inc/protocol -I/builddir/build/BUILD/shim-16.1/Cryptlib/OpenSSL/crypto/asn1 -I/builddir/build/BUILD/shim-16.1/Cryptlib/OpenSSL/crypto/evp -I/builddir/build/BUILD/shim-16.1/Cryptlib/OpenSSL/crypto/modes -I/builddir/build/BUILD/shim-16.1/Cryptlib/OpenSSL/crypto/include -isystem /builddir/build/BUILD/shim-16.1/include/system -isystem /usr/lib/gcc/aarch64-redhat-linux/11/include -DL_ENDIAN -D_CRT_SECURE_NO_DEPRECATE -D_CRT_NONSTDC_NO_DEPRECATE -DOPENSSL_SMALL_FOOTPRINT -DPEDANTIC -DMDE_CPU_AARCH64   -c -o crypto/aes/aes_core.o /builddir/build/BUILD/shim-16.1/Cryptlib/OpenSSL/crypto/aes/aes_core.c
DEBUG util.py:461:  gcc -std=gnu11 -ggdb -gdwarf-4 -gstrict-dwarf -ffreestanding -fmacro-prefix-map=/builddir/build/BUILD/shim-16.1/= -fno-stack-protector -fno-strict-aliasing -fpic -fshort-wchar -nostdinc -Os -Wall -Wextra -Wno-missing-field-initializers -Wno-empty-body -Wno-implicit-fallthrough -Wno-old-style-declaration -Wno-unused-but-set-variable -Wno-unused-parameter -Werror -Wno-error=unused-but-set-variable -Wno-error=unused-parameter -I/builddir/build/BUILD/shim-16.1/Cryptlib/OpenSSL -I/builddir/build/BUILD/shim-16.1/Cryptlib -I/builddir/build/BUILD/shim-16.1/Cryptlib/OpenSSL/Include/ -I/builddir/build/BUILD/shim-16.1/Cryptlib/OpenSSL/crypto -I/builddir/build/BUILD/shim-16.1/Cryptlib/Include -I/builddir/build/BUILD/shim-16.1/gnu-efi/inc -I/builddir/build/BUILD/shim-16.1/gnu-efi/inc/aarch64 -I/builddir/build/BUILD/shim-16.1/gnu-efi/inc/protocol -I/builddir/build/BUILD/shim-16.1/Cryptlib/OpenSSL/crypto/asn1 -I/builddir/build/BUILD/shim-16.1/Cryptlib/OpenSSL/crypto/evp -I/builddir/build/BUILD/shim-16.1/Cryptlib/OpenSSL/crypto/modes -I/builddir/build/BUILD/shim-16.1/Cryptlib/OpenSSL/crypto/include -isystem /builddir/build/BUILD/shim-16.1/include/system -isystem /usr/lib/gcc/aarch64-redhat-linux/11/include -DL_ENDIAN -D_CRT_SECURE_NO_DEPRECATE -D_CRT_NONSTDC_NO_DEPRECATE -DOPENSSL_SMALL_FOOTPRINT -DPEDANTIC -DMDE_CPU_AARCH64   -c -o crypto/aes/aes_cbc.o /builddir/build/BUILD/shim-16.1/Cryptlib/OpenSSL/crypto/aes/aes_cbc.c
DEBUG util.py:461:  gcc -std=gnu11 -ggdb -gdwarf-4 -gstrict-dwarf -ffreestanding -fmacro-prefix-map=/builddir/build/BUILD/shim-16.1/= -fno-stack-protector -fno-strict-aliasing -fpic -fshort-wchar -nostdinc -Os -Wall -Wextra -Wno-missing-field-initializers -Wno-empty-body -Wno-implicit-fallthrough -Wno-old-style-declaration -Wno-unused-but-set-variable -Wno-unused-parameter -Werror -Wno-error=unused-but-set-variable -Wno-error=unused-parameter -I/builddir/build/BUILD/shim-16.1/Cryptlib/OpenSSL -I/builddir/build/BUILD/shim-16.1/Cryptlib -I/builddir/build/BUILD/shim-16.1/Cryptlib/OpenSSL/Include/ -I/builddir/build/BUILD/shim-16.1/Cryptlib/OpenSSL/crypto -I/builddir/build/BUILD/shim-16.1/Cryptlib/Include -I/builddir/build/BUILD/shim-16.1/gnu-efi/inc -I/builddir/build/BUILD/shim-16.1/gnu-efi/inc/aarch64 -I/builddir/build/BUILD/shim-16.1/gnu-efi/inc/protocol -I/builddir/build/BUILD/shim-16.1/Cryptlib/OpenSSL/crypto/asn1 -I/builddir/build/BUILD/shim-16.1/Cryptlib/OpenSSL/crypto/evp -I/builddir/build/BUILD/shim-16.1/Cryptlib/OpenSSL/crypto/modes -I/builddir/build/BUILD/shim-16.1/Cryptlib/OpenSSL/crypto/include -isystem /builddir/build/BUILD/shim-16.1/include/system -isystem /usr/lib/gcc/aarch64-redhat-linux/11/include -DL_ENDIAN -D_CRT_SECURE_NO_DEPRECATE -D_CRT_NONSTDC_NO_DEPRECATE -DOPENSSL_SMALL_FOOTPRINT -DPEDANTIC -DMDE_CPU_AARCH64   -c -o crypto/modes/cbc128.o /builddir/build/BUILD/shim-16.1/Cryptlib/OpenSSL/crypto/modes/cbc128.c
DEBUG util.py:461:  gcc -std=gnu11 -ggdb -gdwarf-4 -gstrict-dwarf -ffreestanding -fmacro-prefix-map=/builddir/build/BUILD/shim-16.1/= -fno-stack-protector -fno-strict-aliasing -fpic -fshort-wchar -nostdinc -Os -Wall -Wextra -Wno-missing-field-initializers -Wno-empty-body -Wno-implicit-fallthrough -Wno-old-style-declaration -Wno-unused-but-set-variable -Wno-unused-parameter -Werror -Wno-error=unused-but-set-variable -Wno-error=unused-parameter -I/builddir/build/BUILD/shim-16.1/Cryptlib/OpenSSL -I/builddir/build/BUILD/shim-16.1/Cryptlib -I/builddir/build/BUILD/shim-16.1/Cryptlib/OpenSSL/Include/ -I/builddir/build/BUILD/shim-16.1/Cryptlib/OpenSSL/crypto -I/builddir/build/BUILD/shim-16.1/Cryptlib/Include -I/builddir/build/BUILD/shim-16.1/gnu-efi/inc -I/builddir/build/BUILD/shim-16.1/gnu-efi/inc/aarch64 -I/builddir/build/BUILD/shim-16.1/gnu-efi/inc/protocol -I/builddir/build/BUILD/shim-16.1/Cryptlib/OpenSSL/crypto/asn1 -I/builddir/build/BUILD/shim-16.1/Cryptlib/OpenSSL/crypto/evp -I/builddir/build/BUILD/shim-16.1/Cryptlib/OpenSSL/crypto/modes -I/builddir/build/BUILD/shim-16.1/Cryptlib/OpenSSL/crypto/include -isystem /builddir/build/BUILD/shim-16.1/include/system -isystem /usr/lib/gcc/aarch64-redhat-linux/11/include -DL_ENDIAN -D_CRT_SECURE_NO_DEPRECATE -D_CRT_NONSTDC_NO_DEPRECATE -DOPENSSL_SMALL_FOOTPRINT -DPEDANTIC -DMDE_CPU_AARCH64   -c -o crypto/modes/ctr128.o /builddir/build/BUILD/shim-16.1/Cryptlib/OpenSSL/crypto/modes/ctr128.c
DEBUG util.py:461:  gcc -std=gnu11 -ggdb -gdwarf-4 -gstrict-dwarf -ffreestanding -fmacro-prefix-map=/builddir/build/BUILD/shim-16.1/= -fno-stack-protector -fno-strict-aliasing -fpic -fshort-wchar -nostdinc -Os -Wall -Wextra -Wno-missing-field-initializers -Wno-empty-body -Wno-implicit-fallthrough -Wno-old-style-declaration -Wno-unused-but-set-variable -Wno-unused-parameter -Werror -Wno-error=unused-but-set-variable -Wno-error=unused-parameter -I/builddir/build/BUILD/shim-16.1/Cryptlib/OpenSSL -I/builddir/build/BUILD/shim-16.1/Cryptlib -I/builddir/build/BUILD/shim-16.1/Cryptlib/OpenSSL/Include/ -I/builddir/build/BUILD/shim-16.1/Cryptlib/OpenSSL/crypto -I/builddir/build/BUILD/shim-16.1/Cryptlib/Include -I/builddir/build/BUILD/shim-16.1/gnu-efi/inc -I/builddir/build/BUILD/shim-16.1/gnu-efi/inc/aarch64 -I/builddir/build/BUILD/shim-16.1/gnu-efi/inc/protocol -I/builddir/build/BUILD/shim-16.1/Cryptlib/OpenSSL/crypto/asn1 -I/builddir/build/BUILD/shim-16.1/Cryptlib/OpenSSL/crypto/evp -I/builddir/build/BUILD/shim-16.1/Cryptlib/OpenSSL/crypto/modes -I/builddir/build/BUILD/shim-16.1/Cryptlib/OpenSSL/crypto/include -isystem /builddir/build/BUILD/shim-16.1/include/system -isystem /usr/lib/gcc/aarch64-redhat-linux/11/include -DL_ENDIAN -D_CRT_SECURE_NO_DEPRECATE -D_CRT_NONSTDC_NO_DEPRECATE -DOPENSSL_SMALL_FOOTPRINT -DPEDANTIC -DMDE_CPU_AARCH64   -c -o crypto/modes/cts128.o /builddir/build/BUILD/shim-16.1/Cryptlib/OpenSSL/crypto/modes/cts128.c
DEBUG util.py:461:  gcc -std=gnu11 -ggdb -gdwarf-4 -gstrict-dwarf -ffreestanding -fmacro-prefix-map=/builddir/build/BUILD/shim-16.1/= -fno-stack-protector -fno-strict-aliasing -fpic -fshort-wchar -nostdinc -Os -Wall -Wextra -Wno-missing-field-initializers -Wno-empty-body -Wno-implicit-fallthrough -Wno-old-style-declaration -Wno-unused-but-set-variable -Wno-unused-parameter -Werror -Wno-error=unused-but-set-variable -Wno-error=unused-parameter -I/builddir/build/BUILD/shim-16.1/Cryptlib/OpenSSL -I/builddir/build/BUILD/shim-16.1/Cryptlib -I/builddir/build/BUILD/shim-16.1/Cryptlib/OpenSSL/Include/ -I/builddir/build/BUILD/shim-16.1/Cryptlib/OpenSSL/crypto -I/builddir/build/BUILD/shim-16.1/Cryptlib/Include -I/builddir/build/BUILD/shim-16.1/gnu-efi/inc -I/builddir/build/BUILD/shim-16.1/gnu-efi/inc/aarch64 -I/builddir/build/BUILD/shim-16.1/gnu-efi/inc/protocol -I/builddir/build/BUILD/shim-16.1/Cryptlib/OpenSSL/crypto/asn1 -I/builddir/build/BUILD/shim-16.1/Cryptlib/OpenSSL/crypto/evp -I/builddir/build/BUILD/shim-16.1/Cryptlib/OpenSSL/crypto/modes -I/builddir/build/BUILD/shim-16.1/Cryptlib/OpenSSL/crypto/include -isystem /builddir/build/BUILD/shim-16.1/include/system -isystem /usr/lib/gcc/aarch64-redhat-linux/11/include -DL_ENDIAN -D_CRT_SECURE_NO_DEPRECATE -D_CRT_NONSTDC_NO_DEPRECATE -DOPENSSL_SMALL_FOOTPRINT -DPEDANTIC -DMDE_CPU_AARCH64   -c -o crypto/modes/cfb128.o /builddir/build/BUILD/shim-16.1/Cryptlib/OpenSSL/crypto/modes/cfb128.c
DEBUG util.py:461:  gcc -std=gnu11 -ggdb -gdwarf-4 -gstrict-dwarf -ffreestanding -fmacro-prefix-map=/builddir/build/BUILD/shim-16.1/= -fno-stack-protector -fno-strict-aliasing -fpic -fshort-wchar -nostdinc -Os -Wall -Wextra -Wno-missing-field-initializers -Wno-empty-body -Wno-implicit-fallthrough -Wno-old-style-declaration -Wno-unused-but-set-variable -Wno-unused-parameter -Werror -Wno-error=unused-but-set-variable -Wno-error=unused-parameter -I/builddir/build/BUILD/shim-16.1/Cryptlib/OpenSSL -I/builddir/build/BUILD/shim-16.1/Cryptlib -I/builddir/build/BUILD/shim-16.1/Cryptlib/OpenSSL/Include/ -I/builddir/build/BUILD/shim-16.1/Cryptlib/OpenSSL/crypto -I/builddir/build/BUILD/shim-16.1/Cryptlib/Include -I/builddir/build/BUILD/shim-16.1/gnu-efi/inc -I/builddir/build/BUILD/shim-16.1/gnu-efi/inc/aarch64 -I/builddir/build/BUILD/shim-16.1/gnu-efi/inc/protocol -I/builddir/build/BUILD/shim-16.1/Cryptlib/OpenSSL/crypto/asn1 -I/builddir/build/BUILD/shim-16.1/Cryptlib/OpenSSL/crypto/evp -I/builddir/build/BUILD/shim-16.1/Cryptlib/OpenSSL/crypto/modes -I/builddir/build/BUILD/shim-16.1/Cryptlib/OpenSSL/crypto/include -isystem /builddir/build/BUILD/shim-16.1/include/system -isystem /usr/lib/gcc/aarch64-redhat-linux/11/include -DL_ENDIAN -D_CRT_SECURE_NO_DEPRECATE -D_CRT_NONSTDC_NO_DEPRECATE -DOPENSSL_SMALL_FOOTPRINT -DPEDANTIC -DMDE_CPU_AARCH64   -c -o crypto/modes/ofb128.o /builddir/build/BUILD/shim-16.1/Cryptlib/OpenSSL/crypto/modes/ofb128.c
DEBUG util.py:461:  gcc -std=gnu11 -ggdb -gdwarf-4 -gstrict-dwarf -ffreestanding -fmacro-prefix-map=/builddir/build/BUILD/shim-16.1/= -fno-stack-protector -fno-strict-aliasing -fpic -fshort-wchar -nostdinc -Os -Wall -Wextra -Wno-missing-field-initializers -Wno-empty-body -Wno-implicit-fallthrough -Wno-old-style-declaration -Wno-unused-but-set-variable -Wno-unused-parameter -Werror -Wno-error=unused-but-set-variable -Wno-error=unused-parameter -I/builddir/build/BUILD/shim-16.1/Cryptlib/OpenSSL -I/builddir/build/BUILD/shim-16.1/Cryptlib -I/builddir/build/BUILD/shim-16.1/Cryptlib/OpenSSL/Include/ -I/builddir/build/BUILD/shim-16.1/Cryptlib/OpenSSL/crypto -I/builddir/build/BUILD/shim-16.1/Cryptlib/Include -I/builddir/build/BUILD/shim-16.1/gnu-efi/inc -I/builddir/build/BUILD/shim-16.1/gnu-efi/inc/aarch64 -I/builddir/build/BUILD/shim-16.1/gnu-efi/inc/protocol -I/builddir/build/BUILD/shim-16.1/Cryptlib/OpenSSL/crypto/asn1 -I/builddir/build/BUILD/shim-16.1/Cryptlib/OpenSSL/crypto/evp -I/builddir/build/BUILD/shim-16.1/Cryptlib/OpenSSL/crypto/modes -I/builddir/build/BUILD/shim-16.1/Cryptlib/OpenSSL/crypto/include -isystem /builddir/build/BUILD/shim-16.1/include/system -isystem /usr/lib/gcc/aarch64-redhat-linux/11/include -DL_ENDIAN -D_CRT_SECURE_NO_DEPRECATE -D_CRT_NONSTDC_NO_DEPRECATE -DOPENSSL_SMALL_FOOTPRINT -DPEDANTIC -DMDE_CPU_AARCH64   -c -o crypto/modes/gcm128.o /builddir/build/BUILD/shim-16.1/Cryptlib/OpenSSL/crypto/modes/gcm128.c
DEBUG util.py:461:  gcc -std=gnu11 -ggdb -gdwarf-4 -gstrict-dwarf -ffreestanding -fmacro-prefix-map=/builddir/build/BUILD/shim-16.1/= -fno-stack-protector -fno-strict-aliasing -fpic -fshort-wchar -nostdinc -Os -Wall -Wextra -Wno-missing-field-initializers -Wno-empty-body -Wno-implicit-fallthrough -Wno-old-style-declaration -Wno-unused-but-set-variable -Wno-unused-parameter -Werror -Wno-error=unused-but-set-variable -Wno-error=unused-parameter -I/builddir/build/BUILD/shim-16.1/Cryptlib/OpenSSL -I/builddir/build/BUILD/shim-16.1/Cryptlib -I/builddir/build/BUILD/shim-16.1/Cryptlib/OpenSSL/Include/ -I/builddir/build/BUILD/shim-16.1/Cryptlib/OpenSSL/crypto -I/builddir/build/BUILD/shim-16.1/Cryptlib/Include -I/builddir/build/BUILD/shim-16.1/gnu-efi/inc -I/builddir/build/BUILD/shim-16.1/gnu-efi/inc/aarch64 -I/builddir/build/BUILD/shim-16.1/gnu-efi/inc/protocol -I/builddir/build/BUILD/shim-16.1/Cryptlib/OpenSSL/crypto/asn1 -I/builddir/build/BUILD/shim-16.1/Cryptlib/OpenSSL/crypto/evp -I/builddir/build/BUILD/shim-16.1/Cryptlib/OpenSSL/crypto/modes -I/builddir/build/BUILD/shim-16.1/Cryptlib/OpenSSL/crypto/include -isystem /builddir/build/BUILD/shim-16.1/include/system -isystem /usr/lib/gcc/aarch64-redhat-linux/11/include -DL_ENDIAN -D_CRT_SECURE_NO_DEPRECATE -D_CRT_NONSTDC_NO_DEPRECATE -DOPENSSL_SMALL_FOOTPRINT -DPEDANTIC -DMDE_CPU_AARCH64   -c -o crypto/modes/ccm128.o /builddir/build/BUILD/shim-16.1/Cryptlib/OpenSSL/crypto/modes/ccm128.c
DEBUG util.py:461:  gcc -std=gnu11 -ggdb -gdwarf-4 -gstrict-dwarf -ffreestanding -fmacro-prefix-map=/builddir/build/BUILD/shim-16.1/= -fno-stack-protector -fno-strict-aliasing -fpic -fshort-wchar -nostdinc -Os -Wall -Wextra -Wno-missing-field-initializers -Wno-empty-body -Wno-implicit-fallthrough -Wno-old-style-declaration -Wno-unused-but-set-variable -Wno-unused-parameter -Werror -Wno-error=unused-but-set-variable -Wno-error=unused-parameter -I/builddir/build/BUILD/shim-16.1/Cryptlib/OpenSSL -I/builddir/build/BUILD/shim-16.1/Cryptlib -I/builddir/build/BUILD/shim-16.1/Cryptlib/OpenSSL/Include/ -I/builddir/build/BUILD/shim-16.1/Cryptlib/OpenSSL/crypto -I/builddir/build/BUILD/shim-16.1/Cryptlib/Include -I/builddir/build/BUILD/shim-16.1/gnu-efi/inc -I/builddir/build/BUILD/shim-16.1/gnu-efi/inc/aarch64 -I/builddir/build/BUILD/shim-16.1/gnu-efi/inc/protocol -I/builddir/build/BUILD/shim-16.1/Cryptlib/OpenSSL/crypto/asn1 -I/builddir/build/BUILD/shim-16.1/Cryptlib/OpenSSL/crypto/evp -I/builddir/build/BUILD/shim-16.1/Cryptlib/OpenSSL/crypto/modes -I/builddir/build/BUILD/shim-16.1/Cryptlib/OpenSSL/crypto/include -isystem /builddir/build/BUILD/shim-16.1/include/system -isystem /usr/lib/gcc/aarch64-redhat-linux/11/include -DL_ENDIAN -D_CRT_SECURE_NO_DEPRECATE -D_CRT_NONSTDC_NO_DEPRECATE -DOPENSSL_SMALL_FOOTPRINT -DPEDANTIC -DMDE_CPU_AARCH64   -c -o crypto/modes/xts128.o /builddir/build/BUILD/shim-16.1/Cryptlib/OpenSSL/crypto/modes/xts128.c
DEBUG util.py:461:  gcc -std=gnu11 -ggdb -gdwarf-4 -gstrict-dwarf -ffreestanding -fmacro-prefix-map=/builddir/build/BUILD/shim-16.1/= -fno-stack-protector -fno-strict-aliasing -fpic -fshort-wchar -nostdinc -Os -Wall -Wextra -Wno-missing-field-initializers -Wno-empty-body -Wno-implicit-fallthrough -Wno-old-style-declaration -Wno-unused-but-set-variable -Wno-unused-parameter -Werror -Wno-error=unused-but-set-variable -Wno-error=unused-parameter -I/builddir/build/BUILD/shim-16.1/Cryptlib/OpenSSL -I/builddir/build/BUILD/shim-16.1/Cryptlib -I/builddir/build/BUILD/shim-16.1/Cryptlib/OpenSSL/Include/ -I/builddir/build/BUILD/shim-16.1/Cryptlib/OpenSSL/crypto -I/builddir/build/BUILD/shim-16.1/Cryptlib/Include -I/builddir/build/BUILD/shim-16.1/gnu-efi/inc -I/builddir/build/BUILD/shim-16.1/gnu-efi/inc/aarch64 -I/builddir/build/BUILD/shim-16.1/gnu-efi/inc/protocol -I/builddir/build/BUILD/shim-16.1/Cryptlib/OpenSSL/crypto/asn1 -I/builddir/build/BUILD/shim-16.1/Cryptlib/OpenSSL/crypto/evp -I/builddir/build/BUILD/shim-16.1/Cryptlib/OpenSSL/crypto/modes -I/builddir/build/BUILD/shim-16.1/Cryptlib/OpenSSL/crypto/include -isystem /builddir/build/BUILD/shim-16.1/include/system -isystem /usr/lib/gcc/aarch64-redhat-linux/11/include -DL_ENDIAN -D_CRT_SECURE_NO_DEPRECATE -D_CRT_NONSTDC_NO_DEPRECATE -DOPENSSL_SMALL_FOOTPRINT -DPEDANTIC -DMDE_CPU_AARCH64   -c -o crypto/modes/wrap128.o /builddir/build/BUILD/shim-16.1/Cryptlib/OpenSSL/crypto/modes/wrap128.c
DEBUG util.py:461:  gcc -std=gnu11 -ggdb -gdwarf-4 -gstrict-dwarf -ffreestanding -fmacro-prefix-map=/builddir/build/BUILD/shim-16.1/= -fno-stack-protector -fno-strict-aliasing -fpic -fshort-wchar -nostdinc -Os -Wall -Wextra -Wno-missing-field-initializers -Wno-empty-body -Wno-implicit-fallthrough -Wno-old-style-declaration -Wno-unused-but-set-variable -Wno-unused-parameter -Werror -Wno-error=unused-but-set-variable -Wno-error=unused-parameter -I/builddir/build/BUILD/shim-16.1/Cryptlib/OpenSSL -I/builddir/build/BUILD/shim-16.1/Cryptlib -I/builddir/build/BUILD/shim-16.1/Cryptlib/OpenSSL/Include/ -I/builddir/build/BUILD/shim-16.1/Cryptlib/OpenSSL/crypto -I/builddir/build/BUILD/shim-16.1/Cryptlib/Include -I/builddir/build/BUILD/shim-16.1/gnu-efi/inc -I/builddir/build/BUILD/shim-16.1/gnu-efi/inc/aarch64 -I/builddir/build/BUILD/shim-16.1/gnu-efi/inc/protocol -I/builddir/build/BUILD/shim-16.1/Cryptlib/OpenSSL/crypto/asn1 -I/builddir/build/BUILD/shim-16.1/Cryptlib/OpenSSL/crypto/evp -I/builddir/build/BUILD/shim-16.1/Cryptlib/OpenSSL/crypto/modes -I/builddir/build/BUILD/shim-16.1/Cryptlib/OpenSSL/crypto/include -isystem /builddir/build/BUILD/shim-16.1/include/system -isystem /usr/lib/gcc/aarch64-redhat-linux/11/include -DL_ENDIAN -D_CRT_SECURE_NO_DEPRECATE -D_CRT_NONSTDC_NO_DEPRECATE -DOPENSSL_SMALL_FOOTPRINT -DPEDANTIC -DMDE_CPU_AARCH64   -c -o crypto/bn/bn_add.o /builddir/build/BUILD/shim-16.1/Cryptlib/OpenSSL/crypto/bn/bn_add.c
DEBUG util.py:461:  gcc -std=gnu11 -ggdb -gdwarf-4 -gstrict-dwarf -ffreestanding -fmacro-prefix-map=/builddir/build/BUILD/shim-16.1/= -fno-stack-protector -fno-strict-aliasing -fpic -fshort-wchar -nostdinc -Os -Wall -Wextra -Wno-missing-field-initializers -Wno-empty-body -Wno-implicit-fallthrough -Wno-old-style-declaration -Wno-unused-but-set-variable -Wno-unused-parameter -Werror -Wno-error=unused-but-set-variable -Wno-error=unused-parameter -I/builddir/build/BUILD/shim-16.1/Cryptlib/OpenSSL -I/builddir/build/BUILD/shim-16.1/Cryptlib -I/builddir/build/BUILD/shim-16.1/Cryptlib/OpenSSL/Include/ -I/builddir/build/BUILD/shim-16.1/Cryptlib/OpenSSL/crypto -I/builddir/build/BUILD/shim-16.1/Cryptlib/Include -I/builddir/build/BUILD/shim-16.1/gnu-efi/inc -I/builddir/build/BUILD/shim-16.1/gnu-efi/inc/aarch64 -I/builddir/build/BUILD/shim-16.1/gnu-efi/inc/protocol -I/builddir/build/BUILD/shim-16.1/Cryptlib/OpenSSL/crypto/asn1 -I/builddir/build/BUILD/shim-16.1/Cryptlib/OpenSSL/crypto/evp -I/builddir/build/BUILD/shim-16.1/Cryptlib/OpenSSL/crypto/modes -I/builddir/build/BUILD/shim-16.1/Cryptlib/OpenSSL/crypto/include -isystem /builddir/build/BUILD/shim-16.1/include/system -isystem /usr/lib/gcc/aarch64-redhat-linux/11/include -DL_ENDIAN -D_CRT_SECURE_NO_DEPRECATE -D_CRT_NONSTDC_NO_DEPRECATE -DOPENSSL_SMALL_FOOTPRINT -DPEDANTIC -DMDE_CPU_AARCH64   -c -o crypto/bn/bn_div.o /builddir/build/BUILD/shim-16.1/Cryptlib/OpenSSL/crypto/bn/bn_div.c
DEBUG util.py:461:  gcc -std=gnu11 -ggdb -gdwarf-4 -gstrict-dwarf -ffreestanding -fmacro-prefix-map=/builddir/build/BUILD/shim-16.1/= -fno-stack-protector -fno-strict-aliasing -fpic -fshort-wchar -nostdinc -Os -Wall -Wextra -Wno-missing-field-initializers -Wno-empty-body -Wno-implicit-fallthrough -Wno-old-style-declaration -Wno-unused-but-set-variable -Wno-unused-parameter -Werror -Wno-error=unused-but-set-variable -Wno-error=unused-parameter -I/builddir/build/BUILD/shim-16.1/Cryptlib/OpenSSL -I/builddir/build/BUILD/shim-16.1/Cryptlib -I/builddir/build/BUILD/shim-16.1/Cryptlib/OpenSSL/Include/ -I/builddir/build/BUILD/shim-16.1/Cryptlib/OpenSSL/crypto -I/builddir/build/BUILD/shim-16.1/Cryptlib/Include -I/builddir/build/BUILD/shim-16.1/gnu-efi/inc -I/builddir/build/BUILD/shim-16.1/gnu-efi/inc/aarch64 -I/builddir/build/BUILD/shim-16.1/gnu-efi/inc/protocol -I/builddir/build/BUILD/shim-16.1/Cryptlib/OpenSSL/crypto/asn1 -I/builddir/build/BUILD/shim-16.1/Cryptlib/OpenSSL/crypto/evp -I/builddir/build/BUILD/shim-16.1/Cryptlib/OpenSSL/crypto/modes -I/builddir/build/BUILD/shim-16.1/Cryptlib/OpenSSL/crypto/include -isystem /builddir/build/BUILD/shim-16.1/include/system -isystem /usr/lib/gcc/aarch64-redhat-linux/11/include -DL_ENDIAN -D_CRT_SECURE_NO_DEPRECATE -D_CRT_NONSTDC_NO_DEPRECATE -DOPENSSL_SMALL_FOOTPRINT -DPEDANTIC -DMDE_CPU_AARCH64   -c -o crypto/bn/bn_exp.o /builddir/build/BUILD/shim-16.1/Cryptlib/OpenSSL/crypto/bn/bn_exp.c
DEBUG util.py:461:  gcc -std=gnu11 -ggdb -gdwarf-4 -gstrict-dwarf -ffreestanding -fmacro-prefix-map=/builddir/build/BUILD/shim-16.1/= -fno-stack-protector -fno-strict-aliasing -fpic -fshort-wchar -nostdinc -Os -Wall -Wextra -Wno-missing-field-initializers -Wno-empty-body -Wno-implicit-fallthrough -Wno-old-style-declaration -Wno-unused-but-set-variable -Wno-unused-parameter -Werror -Wno-error=unused-but-set-variable -Wno-error=unused-parameter -I/builddir/build/BUILD/shim-16.1/Cryptlib/OpenSSL -I/builddir/build/BUILD/shim-16.1/Cryptlib -I/builddir/build/BUILD/shim-16.1/Cryptlib/OpenSSL/Include/ -I/builddir/build/BUILD/shim-16.1/Cryptlib/OpenSSL/crypto -I/builddir/build/BUILD/shim-16.1/Cryptlib/Include -I/builddir/build/BUILD/shim-16.1/gnu-efi/inc -I/builddir/build/BUILD/shim-16.1/gnu-efi/inc/aarch64 -I/builddir/build/BUILD/shim-16.1/gnu-efi/inc/protocol -I/builddir/build/BUILD/shim-16.1/Cryptlib/OpenSSL/crypto/asn1 -I/builddir/build/BUILD/shim-16.1/Cryptlib/OpenSSL/crypto/evp -I/builddir/build/BUILD/shim-16.1/Cryptlib/OpenSSL/crypto/modes -I/builddir/build/BUILD/shim-16.1/Cryptlib/OpenSSL/crypto/include -isystem /builddir/build/BUILD/shim-16.1/include/system -isystem /usr/lib/gcc/aarch64-redhat-linux/11/include -DL_ENDIAN -D_CRT_SECURE_NO_DEPRECATE -D_CRT_NONSTDC_NO_DEPRECATE -DOPENSSL_SMALL_FOOTPRINT -DPEDANTIC -DMDE_CPU_AARCH64   -c -o crypto/bn/bn_lib.o /builddir/build/BUILD/shim-16.1/Cryptlib/OpenSSL/crypto/bn/bn_lib.c
DEBUG util.py:461:  gcc -std=gnu11 -ggdb -gdwarf-4 -gstrict-dwarf -ffreestanding -fmacro-prefix-map=/builddir/build/BUILD/shim-16.1/= -fno-stack-protector -fno-strict-aliasing -fpic -fshort-wchar -nostdinc -Os -Wall -Wextra -Wno-missing-field-initializers -Wno-empty-body -Wno-implicit-fallthrough -Wno-old-style-declaration -Wno-unused-but-set-variable -Wno-unused-parameter -Werror -Wno-error=unused-but-set-variable -Wno-error=unused-parameter -I/builddir/build/BUILD/shim-16.1/Cryptlib/OpenSSL -I/builddir/build/BUILD/shim-16.1/Cryptlib -I/builddir/build/BUILD/shim-16.1/Cryptlib/OpenSSL/Include/ -I/builddir/build/BUILD/shim-16.1/Cryptlib/OpenSSL/crypto -I/builddir/build/BUILD/shim-16.1/Cryptlib/Include -I/builddir/build/BUILD/shim-16.1/gnu-efi/inc -I/builddir/build/BUILD/shim-16.1/gnu-efi/inc/aarch64 -I/builddir/build/BUILD/shim-16.1/gnu-efi/inc/protocol -I/builddir/build/BUILD/shim-16.1/Cryptlib/OpenSSL/crypto/asn1 -I/builddir/build/BUILD/shim-16.1/Cryptlib/OpenSSL/crypto/evp -I/builddir/build/BUILD/shim-16.1/Cryptlib/OpenSSL/crypto/modes -I/builddir/build/BUILD/shim-16.1/Cryptlib/OpenSSL/crypto/include -isystem /builddir/build/BUILD/shim-16.1/include/system -isystem /usr/lib/gcc/aarch64-redhat-linux/11/include -DL_ENDIAN -D_CRT_SECURE_NO_DEPRECATE -D_CRT_NONSTDC_NO_DEPRECATE -DOPENSSL_SMALL_FOOTPRINT -DPEDANTIC -DMDE_CPU_AARCH64   -c -o crypto/bn/bn_ctx.o /builddir/build/BUILD/shim-16.1/Cryptlib/OpenSSL/crypto/bn/bn_ctx.c
DEBUG util.py:461:  gcc -std=gnu11 -ggdb -gdwarf-4 -gstrict-dwarf -ffreestanding -fmacro-prefix-map=/builddir/build/BUILD/shim-16.1/= -fno-stack-protector -fno-strict-aliasing -fpic -fshort-wchar -nostdinc -Os -Wall -Wextra -Wno-missing-field-initializers -Wno-empty-body -Wno-implicit-fallthrough -Wno-old-style-declaration -Wno-unused-but-set-variable -Wno-unused-parameter -Werror -Wno-error=unused-but-set-variable -Wno-error=unused-parameter -I/builddir/build/BUILD/shim-16.1/Cryptlib/OpenSSL -I/builddir/build/BUILD/shim-16.1/Cryptlib -I/builddir/build/BUILD/shim-16.1/Cryptlib/OpenSSL/Include/ -I/builddir/build/BUILD/shim-16.1/Cryptlib/OpenSSL/crypto -I/builddir/build/BUILD/shim-16.1/Cryptlib/Include -I/builddir/build/BUILD/shim-16.1/gnu-efi/inc -I/builddir/build/BUILD/shim-16.1/gnu-efi/inc/aarch64 -I/builddir/build/BUILD/shim-16.1/gnu-efi/inc/protocol -I/builddir/build/BUILD/shim-16.1/Cryptlib/OpenSSL/crypto/asn1 -I/builddir/build/BUILD/shim-16.1/Cryptlib/OpenSSL/crypto/evp -I/builddir/build/BUILD/shim-16.1/Cryptlib/OpenSSL/crypto/modes -I/builddir/build/BUILD/shim-16.1/Cryptlib/OpenSSL/crypto/include -isystem /builddir/build/BUILD/shim-16.1/include/system -isystem /usr/lib/gcc/aarch64-redhat-linux/11/include -DL_ENDIAN -D_CRT_SECURE_NO_DEPRECATE -D_CRT_NONSTDC_NO_DEPRECATE -DOPENSSL_SMALL_FOOTPRINT -DPEDANTIC -DMDE_CPU_AARCH64   -c -o crypto/bn/bn_mul.o /builddir/build/BUILD/shim-16.1/Cryptlib/OpenSSL/crypto/bn/bn_mul.c
DEBUG util.py:461:  gcc -std=gnu11 -ggdb -gdwarf-4 -gstrict-dwarf -ffreestanding -fmacro-prefix-map=/builddir/build/BUILD/shim-16.1/= -fno-stack-protector -fno-strict-aliasing -fpic -fshort-wchar -nostdinc -Os -Wall -Wextra -Wno-missing-field-initializers -Wno-empty-body -Wno-implicit-fallthrough -Wno-old-style-declaration -Wno-unused-but-set-variable -Wno-unused-parameter -Werror -Wno-error=unused-but-set-variable -Wno-error=unused-parameter -I/builddir/build/BUILD/shim-16.1/Cryptlib/OpenSSL -I/builddir/build/BUILD/shim-16.1/Cryptlib -I/builddir/build/BUILD/shim-16.1/Cryptlib/OpenSSL/Include/ -I/builddir/build/BUILD/shim-16.1/Cryptlib/OpenSSL/crypto -I/builddir/build/BUILD/shim-16.1/Cryptlib/Include -I/builddir/build/BUILD/shim-16.1/gnu-efi/inc -I/builddir/build/BUILD/shim-16.1/gnu-efi/inc/aarch64 -I/builddir/build/BUILD/shim-16.1/gnu-efi/inc/protocol -I/builddir/build/BUILD/shim-16.1/Cryptlib/OpenSSL/crypto/asn1 -I/builddir/build/BUILD/shim-16.1/Cryptlib/OpenSSL/crypto/evp -I/builddir/build/BUILD/shim-16.1/Cryptlib/OpenSSL/crypto/modes -I/builddir/build/BUILD/shim-16.1/Cryptlib/OpenSSL/crypto/include -isystem /builddir/build/BUILD/shim-16.1/include/system -isystem /usr/lib/gcc/aarch64-redhat-linux/11/include -DL_ENDIAN -D_CRT_SECURE_NO_DEPRECATE -D_CRT_NONSTDC_NO_DEPRECATE -DOPENSSL_SMALL_FOOTPRINT -DPEDANTIC -DMDE_CPU_AARCH64   -c -o crypto/bn/bn_mod.o /builddir/build/BUILD/shim-16.1/Cryptlib/OpenSSL/crypto/bn/bn_mod.c
DEBUG util.py:461:  gcc -std=gnu11 -ggdb -gdwarf-4 -gstrict-dwarf -ffreestanding -fmacro-prefix-map=/builddir/build/BUILD/shim-16.1/= -fno-stack-protector -fno-strict-aliasing -fpic -fshort-wchar -nostdinc -Os -Wall -Wextra -Wno-missing-field-initializers -Wno-empty-body -Wno-implicit-fallthrough -Wno-old-style-declaration -Wno-unused-but-set-variable -Wno-unused-parameter -Werror -Wno-error=unused-but-set-variable -Wno-error=unused-parameter -I/builddir/build/BUILD/shim-16.1/Cryptlib/OpenSSL -I/builddir/build/BUILD/shim-16.1/Cryptlib -I/builddir/build/BUILD/shim-16.1/Cryptlib/OpenSSL/Include/ -I/builddir/build/BUILD/shim-16.1/Cryptlib/OpenSSL/crypto -I/builddir/build/BUILD/shim-16.1/Cryptlib/Include -I/builddir/build/BUILD/shim-16.1/gnu-efi/inc -I/builddir/build/BUILD/shim-16.1/gnu-efi/inc/aarch64 -I/builddir/build/BUILD/shim-16.1/gnu-efi/inc/protocol -I/builddir/build/BUILD/shim-16.1/Cryptlib/OpenSSL/crypto/asn1 -I/builddir/build/BUILD/shim-16.1/Cryptlib/OpenSSL/crypto/evp -I/builddir/build/BUILD/shim-16.1/Cryptlib/OpenSSL/crypto/modes -I/builddir/build/BUILD/shim-16.1/Cryptlib/OpenSSL/crypto/include -isystem /builddir/build/BUILD/shim-16.1/include/system -isystem /usr/lib/gcc/aarch64-redhat-linux/11/include -DL_ENDIAN -D_CRT_SECURE_NO_DEPRECATE -D_CRT_NONSTDC_NO_DEPRECATE -DOPENSSL_SMALL_FOOTPRINT -DPEDANTIC -DMDE_CPU_AARCH64   -c -o crypto/bn/bn_print.o /builddir/build/BUILD/shim-16.1/Cryptlib/OpenSSL/crypto/bn/bn_print.c
DEBUG util.py:461:  gcc -std=gnu11 -ggdb -gdwarf-4 -gstrict-dwarf -ffreestanding -fmacro-prefix-map=/builddir/build/BUILD/shim-16.1/= -fno-stack-protector -fno-strict-aliasing -fpic -fshort-wchar -nostdinc -Os -Wall -Wextra -Wno-missing-field-initializers -Wno-empty-body -Wno-implicit-fallthrough -Wno-old-style-declaration -Wno-unused-but-set-variable -Wno-unused-parameter -Werror -Wno-error=unused-but-set-variable -Wno-error=unused-parameter -I/builddir/build/BUILD/shim-16.1/Cryptlib/OpenSSL -I/builddir/build/BUILD/shim-16.1/Cryptlib -I/builddir/build/BUILD/shim-16.1/Cryptlib/OpenSSL/Include/ -I/builddir/build/BUILD/shim-16.1/Cryptlib/OpenSSL/crypto -I/builddir/build/BUILD/shim-16.1/Cryptlib/Include -I/builddir/build/BUILD/shim-16.1/gnu-efi/inc -I/builddir/build/BUILD/shim-16.1/gnu-efi/inc/aarch64 -I/builddir/build/BUILD/shim-16.1/gnu-efi/inc/protocol -I/builddir/build/BUILD/shim-16.1/Cryptlib/OpenSSL/crypto/asn1 -I/builddir/build/BUILD/shim-16.1/Cryptlib/OpenSSL/crypto/evp -I/builddir/build/BUILD/shim-16.1/Cryptlib/OpenSSL/crypto/modes -I/builddir/build/BUILD/shim-16.1/Cryptlib/OpenSSL/crypto/include -isystem /builddir/build/BUILD/shim-16.1/include/system -isystem /usr/lib/gcc/aarch64-redhat-linux/11/include -DL_ENDIAN -D_CRT_SECURE_NO_DEPRECATE -D_CRT_NONSTDC_NO_DEPRECATE -DOPENSSL_SMALL_FOOTPRINT -DPEDANTIC -DMDE_CPU_AARCH64   -c -o crypto/bn/bn_rand.o /builddir/build/BUILD/shim-16.1/Cryptlib/OpenSSL/crypto/bn/bn_rand.c
DEBUG util.py:461:  gcc -std=gnu11 -ggdb -gdwarf-4 -gstrict-dwarf -ffreestanding -fmacro-prefix-map=/builddir/build/BUILD/shim-16.1/= -fno-stack-protector -fno-strict-aliasing -fpic -fshort-wchar -nostdinc -Os -Wall -Wextra -Wno-missing-field-initializers -Wno-empty-body -Wno-implicit-fallthrough -Wno-old-style-declaration -Wno-unused-but-set-variable -Wno-unused-parameter -Werror -Wno-error=unused-but-set-variable -Wno-error=unused-parameter -I/builddir/build/BUILD/shim-16.1/Cryptlib/OpenSSL -I/builddir/build/BUILD/shim-16.1/Cryptlib -I/builddir/build/BUILD/shim-16.1/Cryptlib/OpenSSL/Include/ -I/builddir/build/BUILD/shim-16.1/Cryptlib/OpenSSL/crypto -I/builddir/build/BUILD/shim-16.1/Cryptlib/Include -I/builddir/build/BUILD/shim-16.1/gnu-efi/inc -I/builddir/build/BUILD/shim-16.1/gnu-efi/inc/aarch64 -I/builddir/build/BUILD/shim-16.1/gnu-efi/inc/protocol -I/builddir/build/BUILD/shim-16.1/Cryptlib/OpenSSL/crypto/asn1 -I/builddir/build/BUILD/shim-16.1/Cryptlib/OpenSSL/crypto/evp -I/builddir/build/BUILD/shim-16.1/Cryptlib/OpenSSL/crypto/modes -I/builddir/build/BUILD/shim-16.1/Cryptlib/OpenSSL/crypto/include -isystem /builddir/build/BUILD/shim-16.1/include/system -isystem /usr/lib/gcc/aarch64-redhat-linux/11/include -DL_ENDIAN -D_CRT_SECURE_NO_DEPRECATE -D_CRT_NONSTDC_NO_DEPRECATE -DOPENSSL_SMALL_FOOTPRINT -DPEDANTIC -DMDE_CPU_AARCH64   -c -o crypto/bn/bn_shift.o /builddir/build/BUILD/shim-16.1/Cryptlib/OpenSSL/crypto/bn/bn_shift.c
DEBUG util.py:461:  gcc -std=gnu11 -ggdb -gdwarf-4 -gstrict-dwarf -ffreestanding -fmacro-prefix-map=/builddir/build/BUILD/shim-16.1/= -fno-stack-protector -fno-strict-aliasing -fpic -fshort-wchar -nostdinc -Os -Wall -Wextra -Wno-missing-field-initializers -Wno-empty-body -Wno-implicit-fallthrough -Wno-old-style-declaration -Wno-unused-but-set-variable -Wno-unused-parameter -Werror -Wno-error=unused-but-set-variable -Wno-error=unused-parameter -I/builddir/build/BUILD/shim-16.1/Cryptlib/OpenSSL -I/builddir/build/BUILD/shim-16.1/Cryptlib -I/builddir/build/BUILD/shim-16.1/Cryptlib/OpenSSL/Include/ -I/builddir/build/BUILD/shim-16.1/Cryptlib/OpenSSL/crypto -I/builddir/build/BUILD/shim-16.1/Cryptlib/Include -I/builddir/build/BUILD/shim-16.1/gnu-efi/inc -I/builddir/build/BUILD/shim-16.1/gnu-efi/inc/aarch64 -I/builddir/build/BUILD/shim-16.1/gnu-efi/inc/protocol -I/builddir/build/BUILD/shim-16.1/Cryptlib/OpenSSL/crypto/asn1 -I/builddir/build/BUILD/shim-16.1/Cryptlib/OpenSSL/crypto/evp -I/builddir/build/BUILD/shim-16.1/Cryptlib/OpenSSL/crypto/modes -I/builddir/build/BUILD/shim-16.1/Cryptlib/OpenSSL/crypto/include -isystem /builddir/build/BUILD/shim-16.1/include/system -isystem /usr/lib/gcc/aarch64-redhat-linux/11/include -DL_ENDIAN -D_CRT_SECURE_NO_DEPRECATE -D_CRT_NONSTDC_NO_DEPRECATE -DOPENSSL_SMALL_FOOTPRINT -DPEDANTIC -DMDE_CPU_AARCH64   -c -o crypto/bn/bn_word.o /builddir/build/BUILD/shim-16.1/Cryptlib/OpenSSL/crypto/bn/bn_word.c
DEBUG util.py:461:  gcc -std=gnu11 -ggdb -gdwarf-4 -gstrict-dwarf -ffreestanding -fmacro-prefix-map=/builddir/build/BUILD/shim-16.1/= -fno-stack-protector -fno-strict-aliasing -fpic -fshort-wchar -nostdinc -Os -Wall -Wextra -Wno-missing-field-initializers -Wno-empty-body -Wno-implicit-fallthrough -Wno-old-style-declaration -Wno-unused-but-set-variable -Wno-unused-parameter -Werror -Wno-error=unused-but-set-variable -Wno-error=unused-parameter -I/builddir/build/BUILD/shim-16.1/Cryptlib/OpenSSL -I/builddir/build/BUILD/shim-16.1/Cryptlib -I/builddir/build/BUILD/shim-16.1/Cryptlib/OpenSSL/Include/ -I/builddir/build/BUILD/shim-16.1/Cryptlib/OpenSSL/crypto -I/builddir/build/BUILD/shim-16.1/Cryptlib/Include -I/builddir/build/BUILD/shim-16.1/gnu-efi/inc -I/builddir/build/BUILD/shim-16.1/gnu-efi/inc/aarch64 -I/builddir/build/BUILD/shim-16.1/gnu-efi/inc/protocol -I/builddir/build/BUILD/shim-16.1/Cryptlib/OpenSSL/crypto/asn1 -I/builddir/build/BUILD/shim-16.1/Cryptlib/OpenSSL/crypto/evp -I/builddir/build/BUILD/shim-16.1/Cryptlib/OpenSSL/crypto/modes -I/builddir/build/BUILD/shim-16.1/Cryptlib/OpenSSL/crypto/include -isystem /builddir/build/BUILD/shim-16.1/include/system -isystem /usr/lib/gcc/aarch64-redhat-linux/11/include -DL_ENDIAN -D_CRT_SECURE_NO_DEPRECATE -D_CRT_NONSTDC_NO_DEPRECATE -DOPENSSL_SMALL_FOOTPRINT -DPEDANTIC -DMDE_CPU_AARCH64   -c -o crypto/bn/bn_blind.o /builddir/build/BUILD/shim-16.1/Cryptlib/OpenSSL/crypto/bn/bn_blind.c
DEBUG util.py:461:  gcc -std=gnu11 -ggdb -gdwarf-4 -gstrict-dwarf -ffreestanding -fmacro-prefix-map=/builddir/build/BUILD/shim-16.1/= -fno-stack-protector -fno-strict-aliasing -fpic -fshort-wchar -nostdinc -Os -Wall -Wextra -Wno-missing-field-initializers -Wno-empty-body -Wno-implicit-fallthrough -Wno-old-style-declaration -Wno-unused-but-set-variable -Wno-unused-parameter -Werror -Wno-error=unused-but-set-variable -Wno-error=unused-parameter -I/builddir/build/BUILD/shim-16.1/Cryptlib/OpenSSL -I/builddir/build/BUILD/shim-16.1/Cryptlib -I/builddir/build/BUILD/shim-16.1/Cryptlib/OpenSSL/Include/ -I/builddir/build/BUILD/shim-16.1/Cryptlib/OpenSSL/crypto -I/builddir/build/BUILD/shim-16.1/Cryptlib/Include -I/builddir/build/BUILD/shim-16.1/gnu-efi/inc -I/builddir/build/BUILD/shim-16.1/gnu-efi/inc/aarch64 -I/builddir/build/BUILD/shim-16.1/gnu-efi/inc/protocol -I/builddir/build/BUILD/shim-16.1/Cryptlib/OpenSSL/crypto/asn1 -I/builddir/build/BUILD/shim-16.1/Cryptlib/OpenSSL/crypto/evp -I/builddir/build/BUILD/shim-16.1/Cryptlib/OpenSSL/crypto/modes -I/builddir/build/BUILD/shim-16.1/Cryptlib/OpenSSL/crypto/include -isystem /builddir/build/BUILD/shim-16.1/include/system -isystem /usr/lib/gcc/aarch64-redhat-linux/11/include -DL_ENDIAN -D_CRT_SECURE_NO_DEPRECATE -D_CRT_NONSTDC_NO_DEPRECATE -DOPENSSL_SMALL_FOOTPRINT -DPEDANTIC -DMDE_CPU_AARCH64   -c -o crypto/bn/bn_kron.o /builddir/build/BUILD/shim-16.1/Cryptlib/OpenSSL/crypto/bn/bn_kron.c
DEBUG util.py:461:  gcc -std=gnu11 -ggdb -gdwarf-4 -gstrict-dwarf -ffreestanding -fmacro-prefix-map=/builddir/build/BUILD/shim-16.1/= -fno-stack-protector -fno-strict-aliasing -fpic -fshort-wchar -nostdinc -Os -Wall -Wextra -Wno-missing-field-initializers -Wno-empty-body -Wno-implicit-fallthrough -Wno-old-style-declaration -Wno-unused-but-set-variable -Wno-unused-parameter -Werror -Wno-error=unused-but-set-variable -Wno-error=unused-parameter -I/builddir/build/BUILD/shim-16.1/Cryptlib/OpenSSL -I/builddir/build/BUILD/shim-16.1/Cryptlib -I/builddir/build/BUILD/shim-16.1/Cryptlib/OpenSSL/Include/ -I/builddir/build/BUILD/shim-16.1/Cryptlib/OpenSSL/crypto -I/builddir/build/BUILD/shim-16.1/Cryptlib/Include -I/builddir/build/BUILD/shim-16.1/gnu-efi/inc -I/builddir/build/BUILD/shim-16.1/gnu-efi/inc/aarch64 -I/builddir/build/BUILD/shim-16.1/gnu-efi/inc/protocol -I/builddir/build/BUILD/shim-16.1/Cryptlib/OpenSSL/crypto/asn1 -I/builddir/build/BUILD/shim-16.1/Cryptlib/OpenSSL/crypto/evp -I/builddir/build/BUILD/shim-16.1/Cryptlib/OpenSSL/crypto/modes -I/builddir/build/BUILD/shim-16.1/Cryptlib/OpenSSL/crypto/include -isystem /builddir/build/BUILD/shim-16.1/include/system -isystem /usr/lib/gcc/aarch64-redhat-linux/11/include -DL_ENDIAN -D_CRT_SECURE_NO_DEPRECATE -D_CRT_NONSTDC_NO_DEPRECATE -DOPENSSL_SMALL_FOOTPRINT -DPEDANTIC -DMDE_CPU_AARCH64   -c -o crypto/bn/bn_sqrt.o /builddir/build/BUILD/shim-16.1/Cryptlib/OpenSSL/crypto/bn/bn_sqrt.c
DEBUG util.py:461:  gcc -std=gnu11 -ggdb -gdwarf-4 -gstrict-dwarf -ffreestanding -fmacro-prefix-map=/builddir/build/BUILD/shim-16.1/= -fno-stack-protector -fno-strict-aliasing -fpic -fshort-wchar -nostdinc -Os -Wall -Wextra -Wno-missing-field-initializers -Wno-empty-body -Wno-implicit-fallthrough -Wno-old-style-declaration -Wno-unused-but-set-variable -Wno-unused-parameter -Werror -Wno-error=unused-but-set-variable -Wno-error=unused-parameter -I/builddir/build/BUILD/shim-16.1/Cryptlib/OpenSSL -I/builddir/build/BUILD/shim-16.1/Cryptlib -I/builddir/build/BUILD/shim-16.1/Cryptlib/OpenSSL/Include/ -I/builddir/build/BUILD/shim-16.1/Cryptlib/OpenSSL/crypto -I/builddir/build/BUILD/shim-16.1/Cryptlib/Include -I/builddir/build/BUILD/shim-16.1/gnu-efi/inc -I/builddir/build/BUILD/shim-16.1/gnu-efi/inc/aarch64 -I/builddir/build/BUILD/shim-16.1/gnu-efi/inc/protocol -I/builddir/build/BUILD/shim-16.1/Cryptlib/OpenSSL/crypto/asn1 -I/builddir/build/BUILD/shim-16.1/Cryptlib/OpenSSL/crypto/evp -I/builddir/build/BUILD/shim-16.1/Cryptlib/OpenSSL/crypto/modes -I/builddir/build/BUILD/shim-16.1/Cryptlib/OpenSSL/crypto/include -isystem /builddir/build/BUILD/shim-16.1/include/system -isystem /usr/lib/gcc/aarch64-redhat-linux/11/include -DL_ENDIAN -D_CRT_SECURE_NO_DEPRECATE -D_CRT_NONSTDC_NO_DEPRECATE -DOPENSSL_SMALL_FOOTPRINT -DPEDANTIC -DMDE_CPU_AARCH64   -c -o crypto/bn/bn_gcd.o /builddir/build/BUILD/shim-16.1/Cryptlib/OpenSSL/crypto/bn/bn_gcd.c
DEBUG util.py:461:  gcc -std=gnu11 -ggdb -gdwarf-4 -gstrict-dwarf -ffreestanding -fmacro-prefix-map=/builddir/build/BUILD/shim-16.1/= -fno-stack-protector -fno-strict-aliasing -fpic -fshort-wchar -nostdinc -Os -Wall -Wextra -Wno-missing-field-initializers -Wno-empty-body -Wno-implicit-fallthrough -Wno-old-style-declaration -Wno-unused-but-set-variable -Wno-unused-parameter -Werror -Wno-error=unused-but-set-variable -Wno-error=unused-parameter -I/builddir/build/BUILD/shim-16.1/Cryptlib/OpenSSL -I/builddir/build/BUILD/shim-16.1/Cryptlib -I/builddir/build/BUILD/shim-16.1/Cryptlib/OpenSSL/Include/ -I/builddir/build/BUILD/shim-16.1/Cryptlib/OpenSSL/crypto -I/builddir/build/BUILD/shim-16.1/Cryptlib/Include -I/builddir/build/BUILD/shim-16.1/gnu-efi/inc -I/builddir/build/BUILD/shim-16.1/gnu-efi/inc/aarch64 -I/builddir/build/BUILD/shim-16.1/gnu-efi/inc/protocol -I/builddir/build/BUILD/shim-16.1/Cryptlib/OpenSSL/crypto/asn1 -I/builddir/build/BUILD/shim-16.1/Cryptlib/OpenSSL/crypto/evp -I/builddir/build/BUILD/shim-16.1/Cryptlib/OpenSSL/crypto/modes -I/builddir/build/BUILD/shim-16.1/Cryptlib/OpenSSL/crypto/include -isystem /builddir/build/BUILD/shim-16.1/include/system -isystem /usr/lib/gcc/aarch64-redhat-linux/11/include -DL_ENDIAN -D_CRT_SECURE_NO_DEPRECATE -D_CRT_NONSTDC_NO_DEPRECATE -DOPENSSL_SMALL_FOOTPRINT -DPEDANTIC -DMDE_CPU_AARCH64   -c -o crypto/bn/bn_prime.o /builddir/build/BUILD/shim-16.1/Cryptlib/OpenSSL/crypto/bn/bn_prime.c
DEBUG util.py:461:  gcc -std=gnu11 -ggdb -gdwarf-4 -gstrict-dwarf -ffreestanding -fmacro-prefix-map=/builddir/build/BUILD/shim-16.1/= -fno-stack-protector -fno-strict-aliasing -fpic -fshort-wchar -nostdinc -Os -Wall -Wextra -Wno-missing-field-initializers -Wno-empty-body -Wno-implicit-fallthrough -Wno-old-style-declaration -Wno-unused-but-set-variable -Wno-unused-parameter -Werror -Wno-error=unused-but-set-variable -Wno-error=unused-parameter -I/builddir/build/BUILD/shim-16.1/Cryptlib/OpenSSL -I/builddir/build/BUILD/shim-16.1/Cryptlib -I/builddir/build/BUILD/shim-16.1/Cryptlib/OpenSSL/Include/ -I/builddir/build/BUILD/shim-16.1/Cryptlib/OpenSSL/crypto -I/builddir/build/BUILD/shim-16.1/Cryptlib/Include -I/builddir/build/BUILD/shim-16.1/gnu-efi/inc -I/builddir/build/BUILD/shim-16.1/gnu-efi/inc/aarch64 -I/builddir/build/BUILD/shim-16.1/gnu-efi/inc/protocol -I/builddir/build/BUILD/shim-16.1/Cryptlib/OpenSSL/crypto/asn1 -I/builddir/build/BUILD/shim-16.1/Cryptlib/OpenSSL/crypto/evp -I/builddir/build/BUILD/shim-16.1/Cryptlib/OpenSSL/crypto/modes -I/builddir/build/BUILD/shim-16.1/Cryptlib/OpenSSL/crypto/include -isystem /builddir/build/BUILD/shim-16.1/include/system -isystem /usr/lib/gcc/aarch64-redhat-linux/11/include -DL_ENDIAN -D_CRT_SECURE_NO_DEPRECATE -D_CRT_NONSTDC_NO_DEPRECATE -DOPENSSL_SMALL_FOOTPRINT -DPEDANTIC -DMDE_CPU_AARCH64   -c -o crypto/bn/bn_err.o /builddir/build/BUILD/shim-16.1/Cryptlib/OpenSSL/crypto/bn/bn_err.c
DEBUG util.py:461:  gcc -std=gnu11 -ggdb -gdwarf-4 -gstrict-dwarf -ffreestanding -fmacro-prefix-map=/builddir/build/BUILD/shim-16.1/= -fno-stack-protector -fno-strict-aliasing -fpic -fshort-wchar -nostdinc -Os -Wall -Wextra -Wno-missing-field-initializers -Wno-empty-body -Wno-implicit-fallthrough -Wno-old-style-declaration -Wno-unused-but-set-variable -Wno-unused-parameter -Werror -Wno-error=unused-but-set-variable -Wno-error=unused-parameter -I/builddir/build/BUILD/shim-16.1/Cryptlib/OpenSSL -I/builddir/build/BUILD/shim-16.1/Cryptlib -I/builddir/build/BUILD/shim-16.1/Cryptlib/OpenSSL/Include/ -I/builddir/build/BUILD/shim-16.1/Cryptlib/OpenSSL/crypto -I/builddir/build/BUILD/shim-16.1/Cryptlib/Include -I/builddir/build/BUILD/shim-16.1/gnu-efi/inc -I/builddir/build/BUILD/shim-16.1/gnu-efi/inc/aarch64 -I/builddir/build/BUILD/shim-16.1/gnu-efi/inc/protocol -I/builddir/build/BUILD/shim-16.1/Cryptlib/OpenSSL/crypto/asn1 -I/builddir/build/BUILD/shim-16.1/Cryptlib/OpenSSL/crypto/evp -I/builddir/build/BUILD/shim-16.1/Cryptlib/OpenSSL/crypto/modes -I/builddir/build/BUILD/shim-16.1/Cryptlib/OpenSSL/crypto/include -isystem /builddir/build/BUILD/shim-16.1/include/system -isystem /usr/lib/gcc/aarch64-redhat-linux/11/include -DL_ENDIAN -D_CRT_SECURE_NO_DEPRECATE -D_CRT_NONSTDC_NO_DEPRECATE -DOPENSSL_SMALL_FOOTPRINT -DPEDANTIC -DMDE_CPU_AARCH64   -c -o crypto/bn/bn_sqr.o /builddir/build/BUILD/shim-16.1/Cryptlib/OpenSSL/crypto/bn/bn_sqr.c
DEBUG util.py:461:  gcc -std=gnu11 -ggdb -gdwarf-4 -gstrict-dwarf -ffreestanding -fmacro-prefix-map=/builddir/build/BUILD/shim-16.1/= -fno-stack-protector -fno-strict-aliasing -fpic -fshort-wchar -nostdinc -Os -Wall -Wextra -Wno-missing-field-initializers -Wno-empty-body -Wno-implicit-fallthrough -Wno-old-style-declaration -Wno-unused-but-set-variable -Wno-unused-parameter -Werror -Wno-error=unused-but-set-variable -Wno-error=unused-parameter -I/builddir/build/BUILD/shim-16.1/Cryptlib/OpenSSL -I/builddir/build/BUILD/shim-16.1/Cryptlib -I/builddir/build/BUILD/shim-16.1/Cryptlib/OpenSSL/Include/ -I/builddir/build/BUILD/shim-16.1/Cryptlib/OpenSSL/crypto -I/builddir/build/BUILD/shim-16.1/Cryptlib/Include -I/builddir/build/BUILD/shim-16.1/gnu-efi/inc -I/builddir/build/BUILD/shim-16.1/gnu-efi/inc/aarch64 -I/builddir/build/BUILD/shim-16.1/gnu-efi/inc/protocol -I/builddir/build/BUILD/shim-16.1/Cryptlib/OpenSSL/crypto/asn1 -I/builddir/build/BUILD/shim-16.1/Cryptlib/OpenSSL/crypto/evp -I/builddir/build/BUILD/shim-16.1/Cryptlib/OpenSSL/crypto/modes -I/builddir/build/BUILD/shim-16.1/Cryptlib/OpenSSL/crypto/include -isystem /builddir/build/BUILD/shim-16.1/include/system -isystem /usr/lib/gcc/aarch64-redhat-linux/11/include -DL_ENDIAN -D_CRT_SECURE_NO_DEPRECATE -D_CRT_NONSTDC_NO_DEPRECATE -DOPENSSL_SMALL_FOOTPRINT -DPEDANTIC -DMDE_CPU_AARCH64   -c -o crypto/bn/bn_asm.o /builddir/build/BUILD/shim-16.1/Cryptlib/OpenSSL/crypto/bn/bn_asm.c
DEBUG util.py:461:  gcc -std=gnu11 -ggdb -gdwarf-4 -gstrict-dwarf -ffreestanding -fmacro-prefix-map=/builddir/build/BUILD/shim-16.1/= -fno-stack-protector -fno-strict-aliasing -fpic -fshort-wchar -nostdinc -Os -Wall -Wextra -Wno-missing-field-initializers -Wno-empty-body -Wno-implicit-fallthrough -Wno-old-style-declaration -Wno-unused-but-set-variable -Wno-unused-parameter -Werror -Wno-error=unused-but-set-variable -Wno-error=unused-parameter -I/builddir/build/BUILD/shim-16.1/Cryptlib/OpenSSL -I/builddir/build/BUILD/shim-16.1/Cryptlib -I/builddir/build/BUILD/shim-16.1/Cryptlib/OpenSSL/Include/ -I/builddir/build/BUILD/shim-16.1/Cryptlib/OpenSSL/crypto -I/builddir/build/BUILD/shim-16.1/Cryptlib/Include -I/builddir/build/BUILD/shim-16.1/gnu-efi/inc -I/builddir/build/BUILD/shim-16.1/gnu-efi/inc/aarch64 -I/builddir/build/BUILD/shim-16.1/gnu-efi/inc/protocol -I/builddir/build/BUILD/shim-16.1/Cryptlib/OpenSSL/crypto/asn1 -I/builddir/build/BUILD/shim-16.1/Cryptlib/OpenSSL/crypto/evp -I/builddir/build/BUILD/shim-16.1/Cryptlib/OpenSSL/crypto/modes -I/builddir/build/BUILD/shim-16.1/Cryptlib/OpenSSL/crypto/include -isystem /builddir/build/BUILD/shim-16.1/include/system -isystem /usr/lib/gcc/aarch64-redhat-linux/11/include -DL_ENDIAN -D_CRT_SECURE_NO_DEPRECATE -D_CRT_NONSTDC_NO_DEPRECATE -DOPENSSL_SMALL_FOOTPRINT -DPEDANTIC -DMDE_CPU_AARCH64   -c -o crypto/bn/bn_recp.o /builddir/build/BUILD/shim-16.1/Cryptlib/OpenSSL/crypto/bn/bn_recp.c
DEBUG util.py:461:  gcc -std=gnu11 -ggdb -gdwarf-4 -gstrict-dwarf -ffreestanding -fmacro-prefix-map=/builddir/build/BUILD/shim-16.1/= -fno-stack-protector -fno-strict-aliasing -fpic -fshort-wchar -nostdinc -Os -Wall -Wextra -Wno-missing-field-initializers -Wno-empty-body -Wno-implicit-fallthrough -Wno-old-style-declaration -Wno-unused-but-set-variable -Wno-unused-parameter -Werror -Wno-error=unused-but-set-variable -Wno-error=unused-parameter -I/builddir/build/BUILD/shim-16.1/Cryptlib/OpenSSL -I/builddir/build/BUILD/shim-16.1/Cryptlib -I/builddir/build/BUILD/shim-16.1/Cryptlib/OpenSSL/Include/ -I/builddir/build/BUILD/shim-16.1/Cryptlib/OpenSSL/crypto -I/builddir/build/BUILD/shim-16.1/Cryptlib/Include -I/builddir/build/BUILD/shim-16.1/gnu-efi/inc -I/builddir/build/BUILD/shim-16.1/gnu-efi/inc/aarch64 -I/builddir/build/BUILD/shim-16.1/gnu-efi/inc/protocol -I/builddir/build/BUILD/shim-16.1/Cryptlib/OpenSSL/crypto/asn1 -I/builddir/build/BUILD/shim-16.1/Cryptlib/OpenSSL/crypto/evp -I/builddir/build/BUILD/shim-16.1/Cryptlib/OpenSSL/crypto/modes -I/builddir/build/BUILD/shim-16.1/Cryptlib/OpenSSL/crypto/include -isystem /builddir/build/BUILD/shim-16.1/include/system -isystem /usr/lib/gcc/aarch64-redhat-linux/11/include -DL_ENDIAN -D_CRT_SECURE_NO_DEPRECATE -D_CRT_NONSTDC_NO_DEPRECATE -DOPENSSL_SMALL_FOOTPRINT -DPEDANTIC -DMDE_CPU_AARCH64   -c -o crypto/bn/bn_mont.o /builddir/build/BUILD/shim-16.1/Cryptlib/OpenSSL/crypto/bn/bn_mont.c
DEBUG util.py:461:  gcc -std=gnu11 -ggdb -gdwarf-4 -gstrict-dwarf -ffreestanding -fmacro-prefix-map=/builddir/build/BUILD/shim-16.1/= -fno-stack-protector -fno-strict-aliasing -fpic -fshort-wchar -nostdinc -Os -Wall -Wextra -Wno-missing-field-initializers -Wno-empty-body -Wno-implicit-fallthrough -Wno-old-style-declaration -Wno-unused-but-set-variable -Wno-unused-parameter -Werror -Wno-error=unused-but-set-variable -Wno-error=unused-parameter -I/builddir/build/BUILD/shim-16.1/Cryptlib/OpenSSL -I/builddir/build/BUILD/shim-16.1/Cryptlib -I/builddir/build/BUILD/shim-16.1/Cryptlib/OpenSSL/Include/ -I/builddir/build/BUILD/shim-16.1/Cryptlib/OpenSSL/crypto -I/builddir/build/BUILD/shim-16.1/Cryptlib/Include -I/builddir/build/BUILD/shim-16.1/gnu-efi/inc -I/builddir/build/BUILD/shim-16.1/gnu-efi/inc/aarch64 -I/builddir/build/BUILD/shim-16.1/gnu-efi/inc/protocol -I/builddir/build/BUILD/shim-16.1/Cryptlib/OpenSSL/crypto/asn1 -I/builddir/build/BUILD/shim-16.1/Cryptlib/OpenSSL/crypto/evp -I/builddir/build/BUILD/shim-16.1/Cryptlib/OpenSSL/crypto/modes -I/builddir/build/BUILD/shim-16.1/Cryptlib/OpenSSL/crypto/include -isystem /builddir/build/BUILD/shim-16.1/include/system -isystem /usr/lib/gcc/aarch64-redhat-linux/11/include -DL_ENDIAN -D_CRT_SECURE_NO_DEPRECATE -D_CRT_NONSTDC_NO_DEPRECATE -DOPENSSL_SMALL_FOOTPRINT -DPEDANTIC -DMDE_CPU_AARCH64   -c -o crypto/bn/bn_mpi.o /builddir/build/BUILD/shim-16.1/Cryptlib/OpenSSL/crypto/bn/bn_mpi.c
DEBUG util.py:461:  gcc -std=gnu11 -ggdb -gdwarf-4 -gstrict-dwarf -ffreestanding -fmacro-prefix-map=/builddir/build/BUILD/shim-16.1/= -fno-stack-protector -fno-strict-aliasing -fpic -fshort-wchar -nostdinc -Os -Wall -Wextra -Wno-missing-field-initializers -Wno-empty-body -Wno-implicit-fallthrough -Wno-old-style-declaration -Wno-unused-but-set-variable -Wno-unused-parameter -Werror -Wno-error=unused-but-set-variable -Wno-error=unused-parameter -I/builddir/build/BUILD/shim-16.1/Cryptlib/OpenSSL -I/builddir/build/BUILD/shim-16.1/Cryptlib -I/builddir/build/BUILD/shim-16.1/Cryptlib/OpenSSL/Include/ -I/builddir/build/BUILD/shim-16.1/Cryptlib/OpenSSL/crypto -I/builddir/build/BUILD/shim-16.1/Cryptlib/Include -I/builddir/build/BUILD/shim-16.1/gnu-efi/inc -I/builddir/build/BUILD/shim-16.1/gnu-efi/inc/aarch64 -I/builddir/build/BUILD/shim-16.1/gnu-efi/inc/protocol -I/builddir/build/BUILD/shim-16.1/Cryptlib/OpenSSL/crypto/asn1 -I/builddir/build/BUILD/shim-16.1/Cryptlib/OpenSSL/crypto/evp -I/builddir/build/BUILD/shim-16.1/Cryptlib/OpenSSL/crypto/modes -I/builddir/build/BUILD/shim-16.1/Cryptlib/OpenSSL/crypto/include -isystem /builddir/build/BUILD/shim-16.1/include/system -isystem /usr/lib/gcc/aarch64-redhat-linux/11/include -DL_ENDIAN -D_CRT_SECURE_NO_DEPRECATE -D_CRT_NONSTDC_NO_DEPRECATE -DOPENSSL_SMALL_FOOTPRINT -DPEDANTIC -DMDE_CPU_AARCH64   -c -o crypto/bn/bn_exp2.o /builddir/build/BUILD/shim-16.1/Cryptlib/OpenSSL/crypto/bn/bn_exp2.c
DEBUG util.py:461:  gcc -std=gnu11 -ggdb -gdwarf-4 -gstrict-dwarf -ffreestanding -fmacro-prefix-map=/builddir/build/BUILD/shim-16.1/= -fno-stack-protector -fno-strict-aliasing -fpic -fshort-wchar -nostdinc -Os -Wall -Wextra -Wno-missing-field-initializers -Wno-empty-body -Wno-implicit-fallthrough -Wno-old-style-declaration -Wno-unused-but-set-variable -Wno-unused-parameter -Werror -Wno-error=unused-but-set-variable -Wno-error=unused-parameter -I/builddir/build/BUILD/shim-16.1/Cryptlib/OpenSSL -I/builddir/build/BUILD/shim-16.1/Cryptlib -I/builddir/build/BUILD/shim-16.1/Cryptlib/OpenSSL/Include/ -I/builddir/build/BUILD/shim-16.1/Cryptlib/OpenSSL/crypto -I/builddir/build/BUILD/shim-16.1/Cryptlib/Include -I/builddir/build/BUILD/shim-16.1/gnu-efi/inc -I/builddir/build/BUILD/shim-16.1/gnu-efi/inc/aarch64 -I/builddir/build/BUILD/shim-16.1/gnu-efi/inc/protocol -I/builddir/build/BUILD/shim-16.1/Cryptlib/OpenSSL/crypto/asn1 -I/builddir/build/BUILD/shim-16.1/Cryptlib/OpenSSL/crypto/evp -I/builddir/build/BUILD/shim-16.1/Cryptlib/OpenSSL/crypto/modes -I/builddir/build/BUILD/shim-16.1/Cryptlib/OpenSSL/crypto/include -isystem /builddir/build/BUILD/shim-16.1/include/system -isystem /usr/lib/gcc/aarch64-redhat-linux/11/include -DL_ENDIAN -D_CRT_SECURE_NO_DEPRECATE -D_CRT_NONSTDC_NO_DEPRECATE -DOPENSSL_SMALL_FOOTPRINT -DPEDANTIC -DMDE_CPU_AARCH64   -c -o crypto/bn/bn_gf2m.o /builddir/build/BUILD/shim-16.1/Cryptlib/OpenSSL/crypto/bn/bn_gf2m.c
DEBUG util.py:461:  gcc -std=gnu11 -ggdb -gdwarf-4 -gstrict-dwarf -ffreestanding -fmacro-prefix-map=/builddir/build/BUILD/shim-16.1/= -fno-stack-protector -fno-strict-aliasing -fpic -fshort-wchar -nostdinc -Os -Wall -Wextra -Wno-missing-field-initializers -Wno-empty-body -Wno-implicit-fallthrough -Wno-old-style-declaration -Wno-unused-but-set-variable -Wno-unused-parameter -Werror -Wno-error=unused-but-set-variable -Wno-error=unused-parameter -I/builddir/build/BUILD/shim-16.1/Cryptlib/OpenSSL -I/builddir/build/BUILD/shim-16.1/Cryptlib -I/builddir/build/BUILD/shim-16.1/Cryptlib/OpenSSL/Include/ -I/builddir/build/BUILD/shim-16.1/Cryptlib/OpenSSL/crypto -I/builddir/build/BUILD/shim-16.1/Cryptlib/Include -I/builddir/build/BUILD/shim-16.1/gnu-efi/inc -I/builddir/build/BUILD/shim-16.1/gnu-efi/inc/aarch64 -I/builddir/build/BUILD/shim-16.1/gnu-efi/inc/protocol -I/builddir/build/BUILD/shim-16.1/Cryptlib/OpenSSL/crypto/asn1 -I/builddir/build/BUILD/shim-16.1/Cryptlib/OpenSSL/crypto/evp -I/builddir/build/BUILD/shim-16.1/Cryptlib/OpenSSL/crypto/modes -I/builddir/build/BUILD/shim-16.1/Cryptlib/OpenSSL/crypto/include -isystem /builddir/build/BUILD/shim-16.1/include/system -isystem /usr/lib/gcc/aarch64-redhat-linux/11/include -DL_ENDIAN -D_CRT_SECURE_NO_DEPRECATE -D_CRT_NONSTDC_NO_DEPRECATE -DOPENSSL_SMALL_FOOTPRINT -DPEDANTIC -DMDE_CPU_AARCH64   -c -o crypto/bn/bn_nist.o /builddir/build/BUILD/shim-16.1/Cryptlib/OpenSSL/crypto/bn/bn_nist.c
DEBUG util.py:461:  gcc -std=gnu11 -ggdb -gdwarf-4 -gstrict-dwarf -ffreestanding -fmacro-prefix-map=/builddir/build/BUILD/shim-16.1/= -fno-stack-protector -fno-strict-aliasing -fpic -fshort-wchar -nostdinc -Os -Wall -Wextra -Wno-missing-field-initializers -Wno-empty-body -Wno-implicit-fallthrough -Wno-old-style-declaration -Wno-unused-but-set-variable -Wno-unused-parameter -Werror -Wno-error=unused-but-set-variable -Wno-error=unused-parameter -I/builddir/build/BUILD/shim-16.1/Cryptlib/OpenSSL -I/builddir/build/BUILD/shim-16.1/Cryptlib -I/builddir/build/BUILD/shim-16.1/Cryptlib/OpenSSL/Include/ -I/builddir/build/BUILD/shim-16.1/Cryptlib/OpenSSL/crypto -I/builddir/build/BUILD/shim-16.1/Cryptlib/Include -I/builddir/build/BUILD/shim-16.1/gnu-efi/inc -I/builddir/build/BUILD/shim-16.1/gnu-efi/inc/aarch64 -I/builddir/build/BUILD/shim-16.1/gnu-efi/inc/protocol -I/builddir/build/BUILD/shim-16.1/Cryptlib/OpenSSL/crypto/asn1 -I/builddir/build/BUILD/shim-16.1/Cryptlib/OpenSSL/crypto/evp -I/builddir/build/BUILD/shim-16.1/Cryptlib/OpenSSL/crypto/modes -I/builddir/build/BUILD/shim-16.1/Cryptlib/OpenSSL/crypto/include -isystem /builddir/build/BUILD/shim-16.1/include/system -isystem /usr/lib/gcc/aarch64-redhat-linux/11/include -DL_ENDIAN -D_CRT_SECURE_NO_DEPRECATE -D_CRT_NONSTDC_NO_DEPRECATE -DOPENSSL_SMALL_FOOTPRINT -DPEDANTIC -DMDE_CPU_AARCH64   -c -o crypto/bn/bn_depr.o /builddir/build/BUILD/shim-16.1/Cryptlib/OpenSSL/crypto/bn/bn_depr.c
DEBUG util.py:461:  gcc -std=gnu11 -ggdb -gdwarf-4 -gstrict-dwarf -ffreestanding -fmacro-prefix-map=/builddir/build/BUILD/shim-16.1/= -fno-stack-protector -fno-strict-aliasing -fpic -fshort-wchar -nostdinc -Os -Wall -Wextra -Wno-missing-field-initializers -Wno-empty-body -Wno-implicit-fallthrough -Wno-old-style-declaration -Wno-unused-but-set-variable -Wno-unused-parameter -Werror -Wno-error=unused-but-set-variable -Wno-error=unused-parameter -I/builddir/build/BUILD/shim-16.1/Cryptlib/OpenSSL -I/builddir/build/BUILD/shim-16.1/Cryptlib -I/builddir/build/BUILD/shim-16.1/Cryptlib/OpenSSL/Include/ -I/builddir/build/BUILD/shim-16.1/Cryptlib/OpenSSL/crypto -I/builddir/build/BUILD/shim-16.1/Cryptlib/Include -I/builddir/build/BUILD/shim-16.1/gnu-efi/inc -I/builddir/build/BUILD/shim-16.1/gnu-efi/inc/aarch64 -I/builddir/build/BUILD/shim-16.1/gnu-efi/inc/protocol -I/builddir/build/BUILD/shim-16.1/Cryptlib/OpenSSL/crypto/asn1 -I/builddir/build/BUILD/shim-16.1/Cryptlib/OpenSSL/crypto/evp -I/builddir/build/BUILD/shim-16.1/Cryptlib/OpenSSL/crypto/modes -I/builddir/build/BUILD/shim-16.1/Cryptlib/OpenSSL/crypto/include -isystem /builddir/build/BUILD/shim-16.1/include/system -isystem /usr/lib/gcc/aarch64-redhat-linux/11/include -DL_ENDIAN -D_CRT_SECURE_NO_DEPRECATE -D_CRT_NONSTDC_NO_DEPRECATE -DOPENSSL_SMALL_FOOTPRINT -DPEDANTIC -DMDE_CPU_AARCH64   -c -o crypto/bn/bn_x931p.o /builddir/build/BUILD/shim-16.1/Cryptlib/OpenSSL/crypto/bn/bn_x931p.c
DEBUG util.py:461:  gcc -std=gnu11 -ggdb -gdwarf-4 -gstrict-dwarf -ffreestanding -fmacro-prefix-map=/builddir/build/BUILD/shim-16.1/= -fno-stack-protector -fno-strict-aliasing -fpic -fshort-wchar -nostdinc -Os -Wall -Wextra -Wno-missing-field-initializers -Wno-empty-body -Wno-implicit-fallthrough -Wno-old-style-declaration -Wno-unused-but-set-variable -Wno-unused-parameter -Werror -Wno-error=unused-but-set-variable -Wno-error=unused-parameter -I/builddir/build/BUILD/shim-16.1/Cryptlib/OpenSSL -I/builddir/build/BUILD/shim-16.1/Cryptlib -I/builddir/build/BUILD/shim-16.1/Cryptlib/OpenSSL/Include/ -I/builddir/build/BUILD/shim-16.1/Cryptlib/OpenSSL/crypto -I/builddir/build/BUILD/shim-16.1/Cryptlib/Include -I/builddir/build/BUILD/shim-16.1/gnu-efi/inc -I/builddir/build/BUILD/shim-16.1/gnu-efi/inc/aarch64 -I/builddir/build/BUILD/shim-16.1/gnu-efi/inc/protocol -I/builddir/build/BUILD/shim-16.1/Cryptlib/OpenSSL/crypto/asn1 -I/builddir/build/BUILD/shim-16.1/Cryptlib/OpenSSL/crypto/evp -I/builddir/build/BUILD/shim-16.1/Cryptlib/OpenSSL/crypto/modes -I/builddir/build/BUILD/shim-16.1/Cryptlib/OpenSSL/crypto/include -isystem /builddir/build/BUILD/shim-16.1/include/system -isystem /usr/lib/gcc/aarch64-redhat-linux/11/include -DL_ENDIAN -D_CRT_SECURE_NO_DEPRECATE -D_CRT_NONSTDC_NO_DEPRECATE -DOPENSSL_SMALL_FOOTPRINT -DPEDANTIC -DMDE_CPU_AARCH64   -c -o crypto/bn/bn_const.o /builddir/build/BUILD/shim-16.1/Cryptlib/OpenSSL/crypto/bn/bn_const.c
DEBUG util.py:461:  gcc -std=gnu11 -ggdb -gdwarf-4 -gstrict-dwarf -ffreestanding -fmacro-prefix-map=/builddir/build/BUILD/shim-16.1/= -fno-stack-protector -fno-strict-aliasing -fpic -fshort-wchar -nostdinc -Os -Wall -Wextra -Wno-missing-field-initializers -Wno-empty-body -Wno-implicit-fallthrough -Wno-old-style-declaration -Wno-unused-but-set-variable -Wno-unused-parameter -Werror -Wno-error=unused-but-set-variable -Wno-error=unused-parameter -I/builddir/build/BUILD/shim-16.1/Cryptlib/OpenSSL -I/builddir/build/BUILD/shim-16.1/Cryptlib -I/builddir/build/BUILD/shim-16.1/Cryptlib/OpenSSL/Include/ -I/builddir/build/BUILD/shim-16.1/Cryptlib/OpenSSL/crypto -I/builddir/build/BUILD/shim-16.1/Cryptlib/Include -I/builddir/build/BUILD/shim-16.1/gnu-efi/inc -I/builddir/build/BUILD/shim-16.1/gnu-efi/inc/aarch64 -I/builddir/build/BUILD/shim-16.1/gnu-efi/inc/protocol -I/builddir/build/BUILD/shim-16.1/Cryptlib/OpenSSL/crypto/asn1 -I/builddir/build/BUILD/shim-16.1/Cryptlib/OpenSSL/crypto/evp -I/builddir/build/BUILD/shim-16.1/Cryptlib/OpenSSL/crypto/modes -I/builddir/build/BUILD/shim-16.1/Cryptlib/OpenSSL/crypto/include -isystem /builddir/build/BUILD/shim-16.1/include/system -isystem /usr/lib/gcc/aarch64-redhat-linux/11/include -DL_ENDIAN -D_CRT_SECURE_NO_DEPRECATE -D_CRT_NONSTDC_NO_DEPRECATE -DOPENSSL_SMALL_FOOTPRINT -DPEDANTIC -DMDE_CPU_AARCH64   -c -o crypto/rsa/rsa_eay.o /builddir/build/BUILD/shim-16.1/Cryptlib/OpenSSL/crypto/rsa/rsa_eay.c
DEBUG util.py:461:  gcc -std=gnu11 -ggdb -gdwarf-4 -gstrict-dwarf -ffreestanding -fmacro-prefix-map=/builddir/build/BUILD/shim-16.1/= -fno-stack-protector -fno-strict-aliasing -fpic -fshort-wchar -nostdinc -Os -Wall -Wextra -Wno-missing-field-initializers -Wno-empty-body -Wno-implicit-fallthrough -Wno-old-style-declaration -Wno-unused-but-set-variable -Wno-unused-parameter -Werror -Wno-error=unused-but-set-variable -Wno-error=unused-parameter -I/builddir/build/BUILD/shim-16.1/Cryptlib/OpenSSL -I/builddir/build/BUILD/shim-16.1/Cryptlib -I/builddir/build/BUILD/shim-16.1/Cryptlib/OpenSSL/Include/ -I/builddir/build/BUILD/shim-16.1/Cryptlib/OpenSSL/crypto -I/builddir/build/BUILD/shim-16.1/Cryptlib/Include -I/builddir/build/BUILD/shim-16.1/gnu-efi/inc -I/builddir/build/BUILD/shim-16.1/gnu-efi/inc/aarch64 -I/builddir/build/BUILD/shim-16.1/gnu-efi/inc/protocol -I/builddir/build/BUILD/shim-16.1/Cryptlib/OpenSSL/crypto/asn1 -I/builddir/build/BUILD/shim-16.1/Cryptlib/OpenSSL/crypto/evp -I/builddir/build/BUILD/shim-16.1/Cryptlib/OpenSSL/crypto/modes -I/builddir/build/BUILD/shim-16.1/Cryptlib/OpenSSL/crypto/include -isystem /builddir/build/BUILD/shim-16.1/include/system -isystem /usr/lib/gcc/aarch64-redhat-linux/11/include -DL_ENDIAN -D_CRT_SECURE_NO_DEPRECATE -D_CRT_NONSTDC_NO_DEPRECATE -DOPENSSL_SMALL_FOOTPRINT -DPEDANTIC -DMDE_CPU_AARCH64   -c -o crypto/rsa/rsa_gen.o /builddir/build/BUILD/shim-16.1/Cryptlib/OpenSSL/crypto/rsa/rsa_gen.c
DEBUG util.py:461:  gcc -std=gnu11 -ggdb -gdwarf-4 -gstrict-dwarf -ffreestanding -fmacro-prefix-map=/builddir/build/BUILD/shim-16.1/= -fno-stack-protector -fno-strict-aliasing -fpic -fshort-wchar -nostdinc -Os -Wall -Wextra -Wno-missing-field-initializers -Wno-empty-body -Wno-implicit-fallthrough -Wno-old-style-declaration -Wno-unused-but-set-variable -Wno-unused-parameter -Werror -Wno-error=unused-but-set-variable -Wno-error=unused-parameter -I/builddir/build/BUILD/shim-16.1/Cryptlib/OpenSSL -I/builddir/build/BUILD/shim-16.1/Cryptlib -I/builddir/build/BUILD/shim-16.1/Cryptlib/OpenSSL/Include/ -I/builddir/build/BUILD/shim-16.1/Cryptlib/OpenSSL/crypto -I/builddir/build/BUILD/shim-16.1/Cryptlib/Include -I/builddir/build/BUILD/shim-16.1/gnu-efi/inc -I/builddir/build/BUILD/shim-16.1/gnu-efi/inc/aarch64 -I/builddir/build/BUILD/shim-16.1/gnu-efi/inc/protocol -I/builddir/build/BUILD/shim-16.1/Cryptlib/OpenSSL/crypto/asn1 -I/builddir/build/BUILD/shim-16.1/Cryptlib/OpenSSL/crypto/evp -I/builddir/build/BUILD/shim-16.1/Cryptlib/OpenSSL/crypto/modes -I/builddir/build/BUILD/shim-16.1/Cryptlib/OpenSSL/crypto/include -isystem /builddir/build/BUILD/shim-16.1/include/system -isystem /usr/lib/gcc/aarch64-redhat-linux/11/include -DL_ENDIAN -D_CRT_SECURE_NO_DEPRECATE -D_CRT_NONSTDC_NO_DEPRECATE -DOPENSSL_SMALL_FOOTPRINT -DPEDANTIC -DMDE_CPU_AARCH64   -c -o crypto/rsa/rsa_lib.o /builddir/build/BUILD/shim-16.1/Cryptlib/OpenSSL/crypto/rsa/rsa_lib.c
DEBUG util.py:461:  gcc -std=gnu11 -ggdb -gdwarf-4 -gstrict-dwarf -ffreestanding -fmacro-prefix-map=/builddir/build/BUILD/shim-16.1/= -fno-stack-protector -fno-strict-aliasing -fpic -fshort-wchar -nostdinc -Os -Wall -Wextra -Wno-missing-field-initializers -Wno-empty-body -Wno-implicit-fallthrough -Wno-old-style-declaration -Wno-unused-but-set-variable -Wno-unused-parameter -Werror -Wno-error=unused-but-set-variable -Wno-error=unused-parameter -I/builddir/build/BUILD/shim-16.1/Cryptlib/OpenSSL -I/builddir/build/BUILD/shim-16.1/Cryptlib -I/builddir/build/BUILD/shim-16.1/Cryptlib/OpenSSL/Include/ -I/builddir/build/BUILD/shim-16.1/Cryptlib/OpenSSL/crypto -I/builddir/build/BUILD/shim-16.1/Cryptlib/Include -I/builddir/build/BUILD/shim-16.1/gnu-efi/inc -I/builddir/build/BUILD/shim-16.1/gnu-efi/inc/aarch64 -I/builddir/build/BUILD/shim-16.1/gnu-efi/inc/protocol -I/builddir/build/BUILD/shim-16.1/Cryptlib/OpenSSL/crypto/asn1 -I/builddir/build/BUILD/shim-16.1/Cryptlib/OpenSSL/crypto/evp -I/builddir/build/BUILD/shim-16.1/Cryptlib/OpenSSL/crypto/modes -I/builddir/build/BUILD/shim-16.1/Cryptlib/OpenSSL/crypto/include -isystem /builddir/build/BUILD/shim-16.1/include/system -isystem /usr/lib/gcc/aarch64-redhat-linux/11/include -DL_ENDIAN -D_CRT_SECURE_NO_DEPRECATE -D_CRT_NONSTDC_NO_DEPRECATE -DOPENSSL_SMALL_FOOTPRINT -DPEDANTIC -DMDE_CPU_AARCH64   -c -o crypto/rsa/rsa_sign.o /builddir/build/BUILD/shim-16.1/Cryptlib/OpenSSL/crypto/rsa/rsa_sign.c
DEBUG util.py:461:  gcc -std=gnu11 -ggdb -gdwarf-4 -gstrict-dwarf -ffreestanding -fmacro-prefix-map=/builddir/build/BUILD/shim-16.1/= -fno-stack-protector -fno-strict-aliasing -fpic -fshort-wchar -nostdinc -Os -Wall -Wextra -Wno-missing-field-initializers -Wno-empty-body -Wno-implicit-fallthrough -Wno-old-style-declaration -Wno-unused-but-set-variable -Wno-unused-parameter -Werror -Wno-error=unused-but-set-variable -Wno-error=unused-parameter -I/builddir/build/BUILD/shim-16.1/Cryptlib/OpenSSL -I/builddir/build/BUILD/shim-16.1/Cryptlib -I/builddir/build/BUILD/shim-16.1/Cryptlib/OpenSSL/Include/ -I/builddir/build/BUILD/shim-16.1/Cryptlib/OpenSSL/crypto -I/builddir/build/BUILD/shim-16.1/Cryptlib/Include -I/builddir/build/BUILD/shim-16.1/gnu-efi/inc -I/builddir/build/BUILD/shim-16.1/gnu-efi/inc/aarch64 -I/builddir/build/BUILD/shim-16.1/gnu-efi/inc/protocol -I/builddir/build/BUILD/shim-16.1/Cryptlib/OpenSSL/crypto/asn1 -I/builddir/build/BUILD/shim-16.1/Cryptlib/OpenSSL/crypto/evp -I/builddir/build/BUILD/shim-16.1/Cryptlib/OpenSSL/crypto/modes -I/builddir/build/BUILD/shim-16.1/Cryptlib/OpenSSL/crypto/include -isystem /builddir/build/BUILD/shim-16.1/include/system -isystem /usr/lib/gcc/aarch64-redhat-linux/11/include -DL_ENDIAN -D_CRT_SECURE_NO_DEPRECATE -D_CRT_NONSTDC_NO_DEPRECATE -DOPENSSL_SMALL_FOOTPRINT -DPEDANTIC -DMDE_CPU_AARCH64   -c -o crypto/rsa/rsa_saos.o /builddir/build/BUILD/shim-16.1/Cryptlib/OpenSSL/crypto/rsa/rsa_saos.c
DEBUG util.py:461:  gcc -std=gnu11 -ggdb -gdwarf-4 -gstrict-dwarf -ffreestanding -fmacro-prefix-map=/builddir/build/BUILD/shim-16.1/= -fno-stack-protector -fno-strict-aliasing -fpic -fshort-wchar -nostdinc -Os -Wall -Wextra -Wno-missing-field-initializers -Wno-empty-body -Wno-implicit-fallthrough -Wno-old-style-declaration -Wno-unused-but-set-variable -Wno-unused-parameter -Werror -Wno-error=unused-but-set-variable -Wno-error=unused-parameter -I/builddir/build/BUILD/shim-16.1/Cryptlib/OpenSSL -I/builddir/build/BUILD/shim-16.1/Cryptlib -I/builddir/build/BUILD/shim-16.1/Cryptlib/OpenSSL/Include/ -I/builddir/build/BUILD/shim-16.1/Cryptlib/OpenSSL/crypto -I/builddir/build/BUILD/shim-16.1/Cryptlib/Include -I/builddir/build/BUILD/shim-16.1/gnu-efi/inc -I/builddir/build/BUILD/shim-16.1/gnu-efi/inc/aarch64 -I/builddir/build/BUILD/shim-16.1/gnu-efi/inc/protocol -I/builddir/build/BUILD/shim-16.1/Cryptlib/OpenSSL/crypto/asn1 -I/builddir/build/BUILD/shim-16.1/Cryptlib/OpenSSL/crypto/evp -I/builddir/build/BUILD/shim-16.1/Cryptlib/OpenSSL/crypto/modes -I/builddir/build/BUILD/shim-16.1/Cryptlib/OpenSSL/crypto/include -isystem /builddir/build/BUILD/shim-16.1/include/system -isystem /usr/lib/gcc/aarch64-redhat-linux/11/include -DL_ENDIAN -D_CRT_SECURE_NO_DEPRECATE -D_CRT_NONSTDC_NO_DEPRECATE -DOPENSSL_SMALL_FOOTPRINT -DPEDANTIC -DMDE_CPU_AARCH64   -c -o crypto/rsa/rsa_err.o /builddir/build/BUILD/shim-16.1/Cryptlib/OpenSSL/crypto/rsa/rsa_err.c
DEBUG util.py:461:  gcc -std=gnu11 -ggdb -gdwarf-4 -gstrict-dwarf -ffreestanding -fmacro-prefix-map=/builddir/build/BUILD/shim-16.1/= -fno-stack-protector -fno-strict-aliasing -fpic -fshort-wchar -nostdinc -Os -Wall -Wextra -Wno-missing-field-initializers -Wno-empty-body -Wno-implicit-fallthrough -Wno-old-style-declaration -Wno-unused-but-set-variable -Wno-unused-parameter -Werror -Wno-error=unused-but-set-variable -Wno-error=unused-parameter -I/builddir/build/BUILD/shim-16.1/Cryptlib/OpenSSL -I/builddir/build/BUILD/shim-16.1/Cryptlib -I/builddir/build/BUILD/shim-16.1/Cryptlib/OpenSSL/Include/ -I/builddir/build/BUILD/shim-16.1/Cryptlib/OpenSSL/crypto -I/builddir/build/BUILD/shim-16.1/Cryptlib/Include -I/builddir/build/BUILD/shim-16.1/gnu-efi/inc -I/builddir/build/BUILD/shim-16.1/gnu-efi/inc/aarch64 -I/builddir/build/BUILD/shim-16.1/gnu-efi/inc/protocol -I/builddir/build/BUILD/shim-16.1/Cryptlib/OpenSSL/crypto/asn1 -I/builddir/build/BUILD/shim-16.1/Cryptlib/OpenSSL/crypto/evp -I/builddir/build/BUILD/shim-16.1/Cryptlib/OpenSSL/crypto/modes -I/builddir/build/BUILD/shim-16.1/Cryptlib/OpenSSL/crypto/include -isystem /builddir/build/BUILD/shim-16.1/include/system -isystem /usr/lib/gcc/aarch64-redhat-linux/11/include -DL_ENDIAN -D_CRT_SECURE_NO_DEPRECATE -D_CRT_NONSTDC_NO_DEPRECATE -DOPENSSL_SMALL_FOOTPRINT -DPEDANTIC -DMDE_CPU_AARCH64   -c -o crypto/rsa/rsa_pk1.o /builddir/build/BUILD/shim-16.1/Cryptlib/OpenSSL/crypto/rsa/rsa_pk1.c
DEBUG util.py:461:  gcc -std=gnu11 -ggdb -gdwarf-4 -gstrict-dwarf -ffreestanding -fmacro-prefix-map=/builddir/build/BUILD/shim-16.1/= -fno-stack-protector -fno-strict-aliasing -fpic -fshort-wchar -nostdinc -Os -Wall -Wextra -Wno-missing-field-initializers -Wno-empty-body -Wno-implicit-fallthrough -Wno-old-style-declaration -Wno-unused-but-set-variable -Wno-unused-parameter -Werror -Wno-error=unused-but-set-variable -Wno-error=unused-parameter -I/builddir/build/BUILD/shim-16.1/Cryptlib/OpenSSL -I/builddir/build/BUILD/shim-16.1/Cryptlib -I/builddir/build/BUILD/shim-16.1/Cryptlib/OpenSSL/Include/ -I/builddir/build/BUILD/shim-16.1/Cryptlib/OpenSSL/crypto -I/builddir/build/BUILD/shim-16.1/Cryptlib/Include -I/builddir/build/BUILD/shim-16.1/gnu-efi/inc -I/builddir/build/BUILD/shim-16.1/gnu-efi/inc/aarch64 -I/builddir/build/BUILD/shim-16.1/gnu-efi/inc/protocol -I/builddir/build/BUILD/shim-16.1/Cryptlib/OpenSSL/crypto/asn1 -I/builddir/build/BUILD/shim-16.1/Cryptlib/OpenSSL/crypto/evp -I/builddir/build/BUILD/shim-16.1/Cryptlib/OpenSSL/crypto/modes -I/builddir/build/BUILD/shim-16.1/Cryptlib/OpenSSL/crypto/include -isystem /builddir/build/BUILD/shim-16.1/include/system -isystem /usr/lib/gcc/aarch64-redhat-linux/11/include -DL_ENDIAN -D_CRT_SECURE_NO_DEPRECATE -D_CRT_NONSTDC_NO_DEPRECATE -DOPENSSL_SMALL_FOOTPRINT -DPEDANTIC -DMDE_CPU_AARCH64   -c -o crypto/rsa/rsa_ssl.o /builddir/build/BUILD/shim-16.1/Cryptlib/OpenSSL/crypto/rsa/rsa_ssl.c
DEBUG util.py:461:  gcc -std=gnu11 -ggdb -gdwarf-4 -gstrict-dwarf -ffreestanding -fmacro-prefix-map=/builddir/build/BUILD/shim-16.1/= -fno-stack-protector -fno-strict-aliasing -fpic -fshort-wchar -nostdinc -Os -Wall -Wextra -Wno-missing-field-initializers -Wno-empty-body -Wno-implicit-fallthrough -Wno-old-style-declaration -Wno-unused-but-set-variable -Wno-unused-parameter -Werror -Wno-error=unused-but-set-variable -Wno-error=unused-parameter -I/builddir/build/BUILD/shim-16.1/Cryptlib/OpenSSL -I/builddir/build/BUILD/shim-16.1/Cryptlib -I/builddir/build/BUILD/shim-16.1/Cryptlib/OpenSSL/Include/ -I/builddir/build/BUILD/shim-16.1/Cryptlib/OpenSSL/crypto -I/builddir/build/BUILD/shim-16.1/Cryptlib/Include -I/builddir/build/BUILD/shim-16.1/gnu-efi/inc -I/builddir/build/BUILD/shim-16.1/gnu-efi/inc/aarch64 -I/builddir/build/BUILD/shim-16.1/gnu-efi/inc/protocol -I/builddir/build/BUILD/shim-16.1/Cryptlib/OpenSSL/crypto/asn1 -I/builddir/build/BUILD/shim-16.1/Cryptlib/OpenSSL/crypto/evp -I/builddir/build/BUILD/shim-16.1/Cryptlib/OpenSSL/crypto/modes -I/builddir/build/BUILD/shim-16.1/Cryptlib/OpenSSL/crypto/include -isystem /builddir/build/BUILD/shim-16.1/include/system -isystem /usr/lib/gcc/aarch64-redhat-linux/11/include -DL_ENDIAN -D_CRT_SECURE_NO_DEPRECATE -D_CRT_NONSTDC_NO_DEPRECATE -DOPENSSL_SMALL_FOOTPRINT -DPEDANTIC -DMDE_CPU_AARCH64   -c -o crypto/rsa/rsa_none.o /builddir/build/BUILD/shim-16.1/Cryptlib/OpenSSL/crypto/rsa/rsa_none.c
DEBUG util.py:461:  gcc -std=gnu11 -ggdb -gdwarf-4 -gstrict-dwarf -ffreestanding -fmacro-prefix-map=/builddir/build/BUILD/shim-16.1/= -fno-stack-protector -fno-strict-aliasing -fpic -fshort-wchar -nostdinc -Os -Wall -Wextra -Wno-missing-field-initializers -Wno-empty-body -Wno-implicit-fallthrough -Wno-old-style-declaration -Wno-unused-but-set-variable -Wno-unused-parameter -Werror -Wno-error=unused-but-set-variable -Wno-error=unused-parameter -I/builddir/build/BUILD/shim-16.1/Cryptlib/OpenSSL -I/builddir/build/BUILD/shim-16.1/Cryptlib -I/builddir/build/BUILD/shim-16.1/Cryptlib/OpenSSL/Include/ -I/builddir/build/BUILD/shim-16.1/Cryptlib/OpenSSL/crypto -I/builddir/build/BUILD/shim-16.1/Cryptlib/Include -I/builddir/build/BUILD/shim-16.1/gnu-efi/inc -I/builddir/build/BUILD/shim-16.1/gnu-efi/inc/aarch64 -I/builddir/build/BUILD/shim-16.1/gnu-efi/inc/protocol -I/builddir/build/BUILD/shim-16.1/Cryptlib/OpenSSL/crypto/asn1 -I/builddir/build/BUILD/shim-16.1/Cryptlib/OpenSSL/crypto/evp -I/builddir/build/BUILD/shim-16.1/Cryptlib/OpenSSL/crypto/modes -I/builddir/build/BUILD/shim-16.1/Cryptlib/OpenSSL/crypto/include -isystem /builddir/build/BUILD/shim-16.1/include/system -isystem /usr/lib/gcc/aarch64-redhat-linux/11/include -DL_ENDIAN -D_CRT_SECURE_NO_DEPRECATE -D_CRT_NONSTDC_NO_DEPRECATE -DOPENSSL_SMALL_FOOTPRINT -DPEDANTIC -DMDE_CPU_AARCH64   -c -o crypto/rsa/rsa_oaep.o /builddir/build/BUILD/shim-16.1/Cryptlib/OpenSSL/crypto/rsa/rsa_oaep.c
DEBUG util.py:461:  gcc -std=gnu11 -ggdb -gdwarf-4 -gstrict-dwarf -ffreestanding -fmacro-prefix-map=/builddir/build/BUILD/shim-16.1/= -fno-stack-protector -fno-strict-aliasing -fpic -fshort-wchar -nostdinc -Os -Wall -Wextra -Wno-missing-field-initializers -Wno-empty-body -Wno-implicit-fallthrough -Wno-old-style-declaration -Wno-unused-but-set-variable -Wno-unused-parameter -Werror -Wno-error=unused-but-set-variable -Wno-error=unused-parameter -I/builddir/build/BUILD/shim-16.1/Cryptlib/OpenSSL -I/builddir/build/BUILD/shim-16.1/Cryptlib -I/builddir/build/BUILD/shim-16.1/Cryptlib/OpenSSL/Include/ -I/builddir/build/BUILD/shim-16.1/Cryptlib/OpenSSL/crypto -I/builddir/build/BUILD/shim-16.1/Cryptlib/Include -I/builddir/build/BUILD/shim-16.1/gnu-efi/inc -I/builddir/build/BUILD/shim-16.1/gnu-efi/inc/aarch64 -I/builddir/build/BUILD/shim-16.1/gnu-efi/inc/protocol -I/builddir/build/BUILD/shim-16.1/Cryptlib/OpenSSL/crypto/asn1 -I/builddir/build/BUILD/shim-16.1/Cryptlib/OpenSSL/crypto/evp -I/builddir/build/BUILD/shim-16.1/Cryptlib/OpenSSL/crypto/modes -I/builddir/build/BUILD/shim-16.1/Cryptlib/OpenSSL/crypto/include -isystem /builddir/build/BUILD/shim-16.1/include/system -isystem /usr/lib/gcc/aarch64-redhat-linux/11/include -DL_ENDIAN -D_CRT_SECURE_NO_DEPRECATE -D_CRT_NONSTDC_NO_DEPRECATE -DOPENSSL_SMALL_FOOTPRINT -DPEDANTIC -DMDE_CPU_AARCH64   -c -o crypto/rsa/rsa_chk.o /builddir/build/BUILD/shim-16.1/Cryptlib/OpenSSL/crypto/rsa/rsa_chk.c
DEBUG util.py:461:  gcc -std=gnu11 -ggdb -gdwarf-4 -gstrict-dwarf -ffreestanding -fmacro-prefix-map=/builddir/build/BUILD/shim-16.1/= -fno-stack-protector -fno-strict-aliasing -fpic -fshort-wchar -nostdinc -Os -Wall -Wextra -Wno-missing-field-initializers -Wno-empty-body -Wno-implicit-fallthrough -Wno-old-style-declaration -Wno-unused-but-set-variable -Wno-unused-parameter -Werror -Wno-error=unused-but-set-variable -Wno-error=unused-parameter -I/builddir/build/BUILD/shim-16.1/Cryptlib/OpenSSL -I/builddir/build/BUILD/shim-16.1/Cryptlib -I/builddir/build/BUILD/shim-16.1/Cryptlib/OpenSSL/Include/ -I/builddir/build/BUILD/shim-16.1/Cryptlib/OpenSSL/crypto -I/builddir/build/BUILD/shim-16.1/Cryptlib/Include -I/builddir/build/BUILD/shim-16.1/gnu-efi/inc -I/builddir/build/BUILD/shim-16.1/gnu-efi/inc/aarch64 -I/builddir/build/BUILD/shim-16.1/gnu-efi/inc/protocol -I/builddir/build/BUILD/shim-16.1/Cryptlib/OpenSSL/crypto/asn1 -I/builddir/build/BUILD/shim-16.1/Cryptlib/OpenSSL/crypto/evp -I/builddir/build/BUILD/shim-16.1/Cryptlib/OpenSSL/crypto/modes -I/builddir/build/BUILD/shim-16.1/Cryptlib/OpenSSL/crypto/include -isystem /builddir/build/BUILD/shim-16.1/include/system -isystem /usr/lib/gcc/aarch64-redhat-linux/11/include -DL_ENDIAN -D_CRT_SECURE_NO_DEPRECATE -D_CRT_NONSTDC_NO_DEPRECATE -DOPENSSL_SMALL_FOOTPRINT -DPEDANTIC -DMDE_CPU_AARCH64   -c -o crypto/rsa/rsa_null.o /builddir/build/BUILD/shim-16.1/Cryptlib/OpenSSL/crypto/rsa/rsa_null.c
DEBUG util.py:461:  gcc -std=gnu11 -ggdb -gdwarf-4 -gstrict-dwarf -ffreestanding -fmacro-prefix-map=/builddir/build/BUILD/shim-16.1/= -fno-stack-protector -fno-strict-aliasing -fpic -fshort-wchar -nostdinc -Os -Wall -Wextra -Wno-missing-field-initializers -Wno-empty-body -Wno-implicit-fallthrough -Wno-old-style-declaration -Wno-unused-but-set-variable -Wno-unused-parameter -Werror -Wno-error=unused-but-set-variable -Wno-error=unused-parameter -I/builddir/build/BUILD/shim-16.1/Cryptlib/OpenSSL -I/builddir/build/BUILD/shim-16.1/Cryptlib -I/builddir/build/BUILD/shim-16.1/Cryptlib/OpenSSL/Include/ -I/builddir/build/BUILD/shim-16.1/Cryptlib/OpenSSL/crypto -I/builddir/build/BUILD/shim-16.1/Cryptlib/Include -I/builddir/build/BUILD/shim-16.1/gnu-efi/inc -I/builddir/build/BUILD/shim-16.1/gnu-efi/inc/aarch64 -I/builddir/build/BUILD/shim-16.1/gnu-efi/inc/protocol -I/builddir/build/BUILD/shim-16.1/Cryptlib/OpenSSL/crypto/asn1 -I/builddir/build/BUILD/shim-16.1/Cryptlib/OpenSSL/crypto/evp -I/builddir/build/BUILD/shim-16.1/Cryptlib/OpenSSL/crypto/modes -I/builddir/build/BUILD/shim-16.1/Cryptlib/OpenSSL/crypto/include -isystem /builddir/build/BUILD/shim-16.1/include/system -isystem /usr/lib/gcc/aarch64-redhat-linux/11/include -DL_ENDIAN -D_CRT_SECURE_NO_DEPRECATE -D_CRT_NONSTDC_NO_DEPRECATE -DOPENSSL_SMALL_FOOTPRINT -DPEDANTIC -DMDE_CPU_AARCH64   -c -o crypto/rsa/rsa_pss.o /builddir/build/BUILD/shim-16.1/Cryptlib/OpenSSL/crypto/rsa/rsa_pss.c
DEBUG util.py:461:  gcc -std=gnu11 -ggdb -gdwarf-4 -gstrict-dwarf -ffreestanding -fmacro-prefix-map=/builddir/build/BUILD/shim-16.1/= -fno-stack-protector -fno-strict-aliasing -fpic -fshort-wchar -nostdinc -Os -Wall -Wextra -Wno-missing-field-initializers -Wno-empty-body -Wno-implicit-fallthrough -Wno-old-style-declaration -Wno-unused-but-set-variable -Wno-unused-parameter -Werror -Wno-error=unused-but-set-variable -Wno-error=unused-parameter -I/builddir/build/BUILD/shim-16.1/Cryptlib/OpenSSL -I/builddir/build/BUILD/shim-16.1/Cryptlib -I/builddir/build/BUILD/shim-16.1/Cryptlib/OpenSSL/Include/ -I/builddir/build/BUILD/shim-16.1/Cryptlib/OpenSSL/crypto -I/builddir/build/BUILD/shim-16.1/Cryptlib/Include -I/builddir/build/BUILD/shim-16.1/gnu-efi/inc -I/builddir/build/BUILD/shim-16.1/gnu-efi/inc/aarch64 -I/builddir/build/BUILD/shim-16.1/gnu-efi/inc/protocol -I/builddir/build/BUILD/shim-16.1/Cryptlib/OpenSSL/crypto/asn1 -I/builddir/build/BUILD/shim-16.1/Cryptlib/OpenSSL/crypto/evp -I/builddir/build/BUILD/shim-16.1/Cryptlib/OpenSSL/crypto/modes -I/builddir/build/BUILD/shim-16.1/Cryptlib/OpenSSL/crypto/include -isystem /builddir/build/BUILD/shim-16.1/include/system -isystem /usr/lib/gcc/aarch64-redhat-linux/11/include -DL_ENDIAN -D_CRT_SECURE_NO_DEPRECATE -D_CRT_NONSTDC_NO_DEPRECATE -DOPENSSL_SMALL_FOOTPRINT -DPEDANTIC -DMDE_CPU_AARCH64   -c -o crypto/rsa/rsa_x931.o /builddir/build/BUILD/shim-16.1/Cryptlib/OpenSSL/crypto/rsa/rsa_x931.c
DEBUG util.py:461:  gcc -std=gnu11 -ggdb -gdwarf-4 -gstrict-dwarf -ffreestanding -fmacro-prefix-map=/builddir/build/BUILD/shim-16.1/= -fno-stack-protector -fno-strict-aliasing -fpic -fshort-wchar -nostdinc -Os -Wall -Wextra -Wno-missing-field-initializers -Wno-empty-body -Wno-implicit-fallthrough -Wno-old-style-declaration -Wno-unused-but-set-variable -Wno-unused-parameter -Werror -Wno-error=unused-but-set-variable -Wno-error=unused-parameter -I/builddir/build/BUILD/shim-16.1/Cryptlib/OpenSSL -I/builddir/build/BUILD/shim-16.1/Cryptlib -I/builddir/build/BUILD/shim-16.1/Cryptlib/OpenSSL/Include/ -I/builddir/build/BUILD/shim-16.1/Cryptlib/OpenSSL/crypto -I/builddir/build/BUILD/shim-16.1/Cryptlib/Include -I/builddir/build/BUILD/shim-16.1/gnu-efi/inc -I/builddir/build/BUILD/shim-16.1/gnu-efi/inc/aarch64 -I/builddir/build/BUILD/shim-16.1/gnu-efi/inc/protocol -I/builddir/build/BUILD/shim-16.1/Cryptlib/OpenSSL/crypto/asn1 -I/builddir/build/BUILD/shim-16.1/Cryptlib/OpenSSL/crypto/evp -I/builddir/build/BUILD/shim-16.1/Cryptlib/OpenSSL/crypto/modes -I/builddir/build/BUILD/shim-16.1/Cryptlib/OpenSSL/crypto/include -isystem /builddir/build/BUILD/shim-16.1/include/system -isystem /usr/lib/gcc/aarch64-redhat-linux/11/include -DL_ENDIAN -D_CRT_SECURE_NO_DEPRECATE -D_CRT_NONSTDC_NO_DEPRECATE -DOPENSSL_SMALL_FOOTPRINT -DPEDANTIC -DMDE_CPU_AARCH64   -c -o crypto/rsa/rsa_asn1.o /builddir/build/BUILD/shim-16.1/Cryptlib/OpenSSL/crypto/rsa/rsa_asn1.c
DEBUG util.py:461:  gcc -std=gnu11 -ggdb -gdwarf-4 -gstrict-dwarf -ffreestanding -fmacro-prefix-map=/builddir/build/BUILD/shim-16.1/= -fno-stack-protector -fno-strict-aliasing -fpic -fshort-wchar -nostdinc -Os -Wall -Wextra -Wno-missing-field-initializers -Wno-empty-body -Wno-implicit-fallthrough -Wno-old-style-declaration -Wno-unused-but-set-variable -Wno-unused-parameter -Werror -Wno-error=unused-but-set-variable -Wno-error=unused-parameter -I/builddir/build/BUILD/shim-16.1/Cryptlib/OpenSSL -I/builddir/build/BUILD/shim-16.1/Cryptlib -I/builddir/build/BUILD/shim-16.1/Cryptlib/OpenSSL/Include/ -I/builddir/build/BUILD/shim-16.1/Cryptlib/OpenSSL/crypto -I/builddir/build/BUILD/shim-16.1/Cryptlib/Include -I/builddir/build/BUILD/shim-16.1/gnu-efi/inc -I/builddir/build/BUILD/shim-16.1/gnu-efi/inc/aarch64 -I/builddir/build/BUILD/shim-16.1/gnu-efi/inc/protocol -I/builddir/build/BUILD/shim-16.1/Cryptlib/OpenSSL/crypto/asn1 -I/builddir/build/BUILD/shim-16.1/Cryptlib/OpenSSL/crypto/evp -I/builddir/build/BUILD/shim-16.1/Cryptlib/OpenSSL/crypto/modes -I/builddir/build/BUILD/shim-16.1/Cryptlib/OpenSSL/crypto/include -isystem /builddir/build/BUILD/shim-16.1/include/system -isystem /usr/lib/gcc/aarch64-redhat-linux/11/include -DL_ENDIAN -D_CRT_SECURE_NO_DEPRECATE -D_CRT_NONSTDC_NO_DEPRECATE -DOPENSSL_SMALL_FOOTPRINT -DPEDANTIC -DMDE_CPU_AARCH64   -c -o crypto/rsa/rsa_depr.o /builddir/build/BUILD/shim-16.1/Cryptlib/OpenSSL/crypto/rsa/rsa_depr.c
DEBUG util.py:461:  gcc -std=gnu11 -ggdb -gdwarf-4 -gstrict-dwarf -ffreestanding -fmacro-prefix-map=/builddir/build/BUILD/shim-16.1/= -fno-stack-protector -fno-strict-aliasing -fpic -fshort-wchar -nostdinc -Os -Wall -Wextra -Wno-missing-field-initializers -Wno-empty-body -Wno-implicit-fallthrough -Wno-old-style-declaration -Wno-unused-but-set-variable -Wno-unused-parameter -Werror -Wno-error=unused-but-set-variable -Wno-error=unused-parameter -I/builddir/build/BUILD/shim-16.1/Cryptlib/OpenSSL -I/builddir/build/BUILD/shim-16.1/Cryptlib -I/builddir/build/BUILD/shim-16.1/Cryptlib/OpenSSL/Include/ -I/builddir/build/BUILD/shim-16.1/Cryptlib/OpenSSL/crypto -I/builddir/build/BUILD/shim-16.1/Cryptlib/Include -I/builddir/build/BUILD/shim-16.1/gnu-efi/inc -I/builddir/build/BUILD/shim-16.1/gnu-efi/inc/aarch64 -I/builddir/build/BUILD/shim-16.1/gnu-efi/inc/protocol -I/builddir/build/BUILD/shim-16.1/Cryptlib/OpenSSL/crypto/asn1 -I/builddir/build/BUILD/shim-16.1/Cryptlib/OpenSSL/crypto/evp -I/builddir/build/BUILD/shim-16.1/Cryptlib/OpenSSL/crypto/modes -I/builddir/build/BUILD/shim-16.1/Cryptlib/OpenSSL/crypto/include -isystem /builddir/build/BUILD/shim-16.1/include/system -isystem /usr/lib/gcc/aarch64-redhat-linux/11/include -DL_ENDIAN -D_CRT_SECURE_NO_DEPRECATE -D_CRT_NONSTDC_NO_DEPRECATE -DOPENSSL_SMALL_FOOTPRINT -DPEDANTIC -DMDE_CPU_AARCH64   -c -o crypto/rsa/rsa_ameth.o /builddir/build/BUILD/shim-16.1/Cryptlib/OpenSSL/crypto/rsa/rsa_ameth.c
DEBUG util.py:461:  gcc -std=gnu11 -ggdb -gdwarf-4 -gstrict-dwarf -ffreestanding -fmacro-prefix-map=/builddir/build/BUILD/shim-16.1/= -fno-stack-protector -fno-strict-aliasing -fpic -fshort-wchar -nostdinc -Os -Wall -Wextra -Wno-missing-field-initializers -Wno-empty-body -Wno-implicit-fallthrough -Wno-old-style-declaration -Wno-unused-but-set-variable -Wno-unused-parameter -Werror -Wno-error=unused-but-set-variable -Wno-error=unused-parameter -I/builddir/build/BUILD/shim-16.1/Cryptlib/OpenSSL -I/builddir/build/BUILD/shim-16.1/Cryptlib -I/builddir/build/BUILD/shim-16.1/Cryptlib/OpenSSL/Include/ -I/builddir/build/BUILD/shim-16.1/Cryptlib/OpenSSL/crypto -I/builddir/build/BUILD/shim-16.1/Cryptlib/Include -I/builddir/build/BUILD/shim-16.1/gnu-efi/inc -I/builddir/build/BUILD/shim-16.1/gnu-efi/inc/aarch64 -I/builddir/build/BUILD/shim-16.1/gnu-efi/inc/protocol -I/builddir/build/BUILD/shim-16.1/Cryptlib/OpenSSL/crypto/asn1 -I/builddir/build/BUILD/shim-16.1/Cryptlib/OpenSSL/crypto/evp -I/builddir/build/BUILD/shim-16.1/Cryptlib/OpenSSL/crypto/modes -I/builddir/build/BUILD/shim-16.1/Cryptlib/OpenSSL/crypto/include -isystem /builddir/build/BUILD/shim-16.1/include/system -isystem /usr/lib/gcc/aarch64-redhat-linux/11/include -DL_ENDIAN -D_CRT_SECURE_NO_DEPRECATE -D_CRT_NONSTDC_NO_DEPRECATE -DOPENSSL_SMALL_FOOTPRINT -DPEDANTIC -DMDE_CPU_AARCH64   -c -o crypto/rsa/rsa_prn.o /builddir/build/BUILD/shim-16.1/Cryptlib/OpenSSL/crypto/rsa/rsa_prn.c
DEBUG util.py:461:  gcc -std=gnu11 -ggdb -gdwarf-4 -gstrict-dwarf -ffreestanding -fmacro-prefix-map=/builddir/build/BUILD/shim-16.1/= -fno-stack-protector -fno-strict-aliasing -fpic -fshort-wchar -nostdinc -Os -Wall -Wextra -Wno-missing-field-initializers -Wno-empty-body -Wno-implicit-fallthrough -Wno-old-style-declaration -Wno-unused-but-set-variable -Wno-unused-parameter -Werror -Wno-error=unused-but-set-variable -Wno-error=unused-parameter -I/builddir/build/BUILD/shim-16.1/Cryptlib/OpenSSL -I/builddir/build/BUILD/shim-16.1/Cryptlib -I/builddir/build/BUILD/shim-16.1/Cryptlib/OpenSSL/Include/ -I/builddir/build/BUILD/shim-16.1/Cryptlib/OpenSSL/crypto -I/builddir/build/BUILD/shim-16.1/Cryptlib/Include -I/builddir/build/BUILD/shim-16.1/gnu-efi/inc -I/builddir/build/BUILD/shim-16.1/gnu-efi/inc/aarch64 -I/builddir/build/BUILD/shim-16.1/gnu-efi/inc/protocol -I/builddir/build/BUILD/shim-16.1/Cryptlib/OpenSSL/crypto/asn1 -I/builddir/build/BUILD/shim-16.1/Cryptlib/OpenSSL/crypto/evp -I/builddir/build/BUILD/shim-16.1/Cryptlib/OpenSSL/crypto/modes -I/builddir/build/BUILD/shim-16.1/Cryptlib/OpenSSL/crypto/include -isystem /builddir/build/BUILD/shim-16.1/include/system -isystem /usr/lib/gcc/aarch64-redhat-linux/11/include -DL_ENDIAN -D_CRT_SECURE_NO_DEPRECATE -D_CRT_NONSTDC_NO_DEPRECATE -DOPENSSL_SMALL_FOOTPRINT -DPEDANTIC -DMDE_CPU_AARCH64   -c -o crypto/rsa/rsa_pmeth.o /builddir/build/BUILD/shim-16.1/Cryptlib/OpenSSL/crypto/rsa/rsa_pmeth.c
DEBUG util.py:461:  gcc -std=gnu11 -ggdb -gdwarf-4 -gstrict-dwarf -ffreestanding -fmacro-prefix-map=/builddir/build/BUILD/shim-16.1/= -fno-stack-protector -fno-strict-aliasing -fpic -fshort-wchar -nostdinc -Os -Wall -Wextra -Wno-missing-field-initializers -Wno-empty-body -Wno-implicit-fallthrough -Wno-old-style-declaration -Wno-unused-but-set-variable -Wno-unused-parameter -Werror -Wno-error=unused-but-set-variable -Wno-error=unused-parameter -I/builddir/build/BUILD/shim-16.1/Cryptlib/OpenSSL -I/builddir/build/BUILD/shim-16.1/Cryptlib -I/builddir/build/BUILD/shim-16.1/Cryptlib/OpenSSL/Include/ -I/builddir/build/BUILD/shim-16.1/Cryptlib/OpenSSL/crypto -I/builddir/build/BUILD/shim-16.1/Cryptlib/Include -I/builddir/build/BUILD/shim-16.1/gnu-efi/inc -I/builddir/build/BUILD/shim-16.1/gnu-efi/inc/aarch64 -I/builddir/build/BUILD/shim-16.1/gnu-efi/inc/protocol -I/builddir/build/BUILD/shim-16.1/Cryptlib/OpenSSL/crypto/asn1 -I/builddir/build/BUILD/shim-16.1/Cryptlib/OpenSSL/crypto/evp -I/builddir/build/BUILD/shim-16.1/Cryptlib/OpenSSL/crypto/modes -I/builddir/build/BUILD/shim-16.1/Cryptlib/OpenSSL/crypto/include -isystem /builddir/build/BUILD/shim-16.1/include/system -isystem /usr/lib/gcc/aarch64-redhat-linux/11/include -DL_ENDIAN -D_CRT_SECURE_NO_DEPRECATE -D_CRT_NONSTDC_NO_DEPRECATE -DOPENSSL_SMALL_FOOTPRINT -DPEDANTIC -DMDE_CPU_AARCH64   -c -o crypto/rsa/rsa_crpt.o /builddir/build/BUILD/shim-16.1/Cryptlib/OpenSSL/crypto/rsa/rsa_crpt.c
DEBUG util.py:461:  gcc -std=gnu11 -ggdb -gdwarf-4 -gstrict-dwarf -ffreestanding -fmacro-prefix-map=/builddir/build/BUILD/shim-16.1/= -fno-stack-protector -fno-strict-aliasing -fpic -fshort-wchar -nostdinc -Os -Wall -Wextra -Wno-missing-field-initializers -Wno-empty-body -Wno-implicit-fallthrough -Wno-old-style-declaration -Wno-unused-but-set-variable -Wno-unused-parameter -Werror -Wno-error=unused-but-set-variable -Wno-error=unused-parameter -I/builddir/build/BUILD/shim-16.1/Cryptlib/OpenSSL -I/builddir/build/BUILD/shim-16.1/Cryptlib -I/builddir/build/BUILD/shim-16.1/Cryptlib/OpenSSL/Include/ -I/builddir/build/BUILD/shim-16.1/Cryptlib/OpenSSL/crypto -I/builddir/build/BUILD/shim-16.1/Cryptlib/Include -I/builddir/build/BUILD/shim-16.1/gnu-efi/inc -I/builddir/build/BUILD/shim-16.1/gnu-efi/inc/aarch64 -I/builddir/build/BUILD/shim-16.1/gnu-efi/inc/protocol -I/builddir/build/BUILD/shim-16.1/Cryptlib/OpenSSL/crypto/asn1 -I/builddir/build/BUILD/shim-16.1/Cryptlib/OpenSSL/crypto/evp -I/builddir/build/BUILD/shim-16.1/Cryptlib/OpenSSL/crypto/modes -I/builddir/build/BUILD/shim-16.1/Cryptlib/OpenSSL/crypto/include -isystem /builddir/build/BUILD/shim-16.1/include/system -isystem /usr/lib/gcc/aarch64-redhat-linux/11/include -DL_ENDIAN -D_CRT_SECURE_NO_DEPRECATE -D_CRT_NONSTDC_NO_DEPRECATE -DOPENSSL_SMALL_FOOTPRINT -DPEDANTIC -DMDE_CPU_AARCH64   -c -o crypto/dso/dso_dl.o /builddir/build/BUILD/shim-16.1/Cryptlib/OpenSSL/crypto/dso/dso_dl.c
DEBUG util.py:461:  gcc -std=gnu11 -ggdb -gdwarf-4 -gstrict-dwarf -ffreestanding -fmacro-prefix-map=/builddir/build/BUILD/shim-16.1/= -fno-stack-protector -fno-strict-aliasing -fpic -fshort-wchar -nostdinc -Os -Wall -Wextra -Wno-missing-field-initializers -Wno-empty-body -Wno-implicit-fallthrough -Wno-old-style-declaration -Wno-unused-but-set-variable -Wno-unused-parameter -Werror -Wno-error=unused-but-set-variable -Wno-error=unused-parameter -I/builddir/build/BUILD/shim-16.1/Cryptlib/OpenSSL -I/builddir/build/BUILD/shim-16.1/Cryptlib -I/builddir/build/BUILD/shim-16.1/Cryptlib/OpenSSL/Include/ -I/builddir/build/BUILD/shim-16.1/Cryptlib/OpenSSL/crypto -I/builddir/build/BUILD/shim-16.1/Cryptlib/Include -I/builddir/build/BUILD/shim-16.1/gnu-efi/inc -I/builddir/build/BUILD/shim-16.1/gnu-efi/inc/aarch64 -I/builddir/build/BUILD/shim-16.1/gnu-efi/inc/protocol -I/builddir/build/BUILD/shim-16.1/Cryptlib/OpenSSL/crypto/asn1 -I/builddir/build/BUILD/shim-16.1/Cryptlib/OpenSSL/crypto/evp -I/builddir/build/BUILD/shim-16.1/Cryptlib/OpenSSL/crypto/modes -I/builddir/build/BUILD/shim-16.1/Cryptlib/OpenSSL/crypto/include -isystem /builddir/build/BUILD/shim-16.1/include/system -isystem /usr/lib/gcc/aarch64-redhat-linux/11/include -DL_ENDIAN -D_CRT_SECURE_NO_DEPRECATE -D_CRT_NONSTDC_NO_DEPRECATE -DOPENSSL_SMALL_FOOTPRINT -DPEDANTIC -DMDE_CPU_AARCH64   -c -o crypto/dso/dso_dlfcn.o /builddir/build/BUILD/shim-16.1/Cryptlib/OpenSSL/crypto/dso/dso_dlfcn.c
DEBUG util.py:461:  gcc -std=gnu11 -ggdb -gdwarf-4 -gstrict-dwarf -ffreestanding -fmacro-prefix-map=/builddir/build/BUILD/shim-16.1/= -fno-stack-protector -fno-strict-aliasing -fpic -fshort-wchar -nostdinc -Os -Wall -Wextra -Wno-missing-field-initializers -Wno-empty-body -Wno-implicit-fallthrough -Wno-old-style-declaration -Wno-unused-but-set-variable -Wno-unused-parameter -Werror -Wno-error=unused-but-set-variable -Wno-error=unused-parameter -I/builddir/build/BUILD/shim-16.1/Cryptlib/OpenSSL -I/builddir/build/BUILD/shim-16.1/Cryptlib -I/builddir/build/BUILD/shim-16.1/Cryptlib/OpenSSL/Include/ -I/builddir/build/BUILD/shim-16.1/Cryptlib/OpenSSL/crypto -I/builddir/build/BUILD/shim-16.1/Cryptlib/Include -I/builddir/build/BUILD/shim-16.1/gnu-efi/inc -I/builddir/build/BUILD/shim-16.1/gnu-efi/inc/aarch64 -I/builddir/build/BUILD/shim-16.1/gnu-efi/inc/protocol -I/builddir/build/BUILD/shim-16.1/Cryptlib/OpenSSL/crypto/asn1 -I/builddir/build/BUILD/shim-16.1/Cryptlib/OpenSSL/crypto/evp -I/builddir/build/BUILD/shim-16.1/Cryptlib/OpenSSL/crypto/modes -I/builddir/build/BUILD/shim-16.1/Cryptlib/OpenSSL/crypto/include -isystem /builddir/build/BUILD/shim-16.1/include/system -isystem /usr/lib/gcc/aarch64-redhat-linux/11/include -DL_ENDIAN -D_CRT_SECURE_NO_DEPRECATE -D_CRT_NONSTDC_NO_DEPRECATE -DOPENSSL_SMALL_FOOTPRINT -DPEDANTIC -DMDE_CPU_AARCH64   -c -o crypto/dso/dso_err.o /builddir/build/BUILD/shim-16.1/Cryptlib/OpenSSL/crypto/dso/dso_err.c
DEBUG util.py:461:  gcc -std=gnu11 -ggdb -gdwarf-4 -gstrict-dwarf -ffreestanding -fmacro-prefix-map=/builddir/build/BUILD/shim-16.1/= -fno-stack-protector -fno-strict-aliasing -fpic -fshort-wchar -nostdinc -Os -Wall -Wextra -Wno-missing-field-initializers -Wno-empty-body -Wno-implicit-fallthrough -Wno-old-style-declaration -Wno-unused-but-set-variable -Wno-unused-parameter -Werror -Wno-error=unused-but-set-variable -Wno-error=unused-parameter -I/builddir/build/BUILD/shim-16.1/Cryptlib/OpenSSL -I/builddir/build/BUILD/shim-16.1/Cryptlib -I/builddir/build/BUILD/shim-16.1/Cryptlib/OpenSSL/Include/ -I/builddir/build/BUILD/shim-16.1/Cryptlib/OpenSSL/crypto -I/builddir/build/BUILD/shim-16.1/Cryptlib/Include -I/builddir/build/BUILD/shim-16.1/gnu-efi/inc -I/builddir/build/BUILD/shim-16.1/gnu-efi/inc/aarch64 -I/builddir/build/BUILD/shim-16.1/gnu-efi/inc/protocol -I/builddir/build/BUILD/shim-16.1/Cryptlib/OpenSSL/crypto/asn1 -I/builddir/build/BUILD/shim-16.1/Cryptlib/OpenSSL/crypto/evp -I/builddir/build/BUILD/shim-16.1/Cryptlib/OpenSSL/crypto/modes -I/builddir/build/BUILD/shim-16.1/Cryptlib/OpenSSL/crypto/include -isystem /builddir/build/BUILD/shim-16.1/include/system -isystem /usr/lib/gcc/aarch64-redhat-linux/11/include -DL_ENDIAN -D_CRT_SECURE_NO_DEPRECATE -D_CRT_NONSTDC_NO_DEPRECATE -DOPENSSL_SMALL_FOOTPRINT -DPEDANTIC -DMDE_CPU_AARCH64   -c -o crypto/dso/dso_lib.o /builddir/build/BUILD/shim-16.1/Cryptlib/OpenSSL/crypto/dso/dso_lib.c
DEBUG util.py:461:  gcc -std=gnu11 -ggdb -gdwarf-4 -gstrict-dwarf -ffreestanding -fmacro-prefix-map=/builddir/build/BUILD/shim-16.1/= -fno-stack-protector -fno-strict-aliasing -fpic -fshort-wchar -nostdinc -Os -Wall -Wextra -Wno-missing-field-initializers -Wno-empty-body -Wno-implicit-fallthrough -Wno-old-style-declaration -Wno-unused-but-set-variable -Wno-unused-parameter -Werror -Wno-error=unused-but-set-variable -Wno-error=unused-parameter -I/builddir/build/BUILD/shim-16.1/Cryptlib/OpenSSL -I/builddir/build/BUILD/shim-16.1/Cryptlib -I/builddir/build/BUILD/shim-16.1/Cryptlib/OpenSSL/Include/ -I/builddir/build/BUILD/shim-16.1/Cryptlib/OpenSSL/crypto -I/builddir/build/BUILD/shim-16.1/Cryptlib/Include -I/builddir/build/BUILD/shim-16.1/gnu-efi/inc -I/builddir/build/BUILD/shim-16.1/gnu-efi/inc/aarch64 -I/builddir/build/BUILD/shim-16.1/gnu-efi/inc/protocol -I/builddir/build/BUILD/shim-16.1/Cryptlib/OpenSSL/crypto/asn1 -I/builddir/build/BUILD/shim-16.1/Cryptlib/OpenSSL/crypto/evp -I/builddir/build/BUILD/shim-16.1/Cryptlib/OpenSSL/crypto/modes -I/builddir/build/BUILD/shim-16.1/Cryptlib/OpenSSL/crypto/include -isystem /builddir/build/BUILD/shim-16.1/include/system -isystem /usr/lib/gcc/aarch64-redhat-linux/11/include -DL_ENDIAN -D_CRT_SECURE_NO_DEPRECATE -D_CRT_NONSTDC_NO_DEPRECATE -DOPENSSL_SMALL_FOOTPRINT -DPEDANTIC -DMDE_CPU_AARCH64   -c -o crypto/dso/dso_null.o /builddir/build/BUILD/shim-16.1/Cryptlib/OpenSSL/crypto/dso/dso_null.c
DEBUG util.py:461:  gcc -std=gnu11 -ggdb -gdwarf-4 -gstrict-dwarf -ffreestanding -fmacro-prefix-map=/builddir/build/BUILD/shim-16.1/= -fno-stack-protector -fno-strict-aliasing -fpic -fshort-wchar -nostdinc -Os -Wall -Wextra -Wno-missing-field-initializers -Wno-empty-body -Wno-implicit-fallthrough -Wno-old-style-declaration -Wno-unused-but-set-variable -Wno-unused-parameter -Werror -Wno-error=unused-but-set-variable -Wno-error=unused-parameter -I/builddir/build/BUILD/shim-16.1/Cryptlib/OpenSSL -I/builddir/build/BUILD/shim-16.1/Cryptlib -I/builddir/build/BUILD/shim-16.1/Cryptlib/OpenSSL/Include/ -I/builddir/build/BUILD/shim-16.1/Cryptlib/OpenSSL/crypto -I/builddir/build/BUILD/shim-16.1/Cryptlib/Include -I/builddir/build/BUILD/shim-16.1/gnu-efi/inc -I/builddir/build/BUILD/shim-16.1/gnu-efi/inc/aarch64 -I/builddir/build/BUILD/shim-16.1/gnu-efi/inc/protocol -I/builddir/build/BUILD/shim-16.1/Cryptlib/OpenSSL/crypto/asn1 -I/builddir/build/BUILD/shim-16.1/Cryptlib/OpenSSL/crypto/evp -I/builddir/build/BUILD/shim-16.1/Cryptlib/OpenSSL/crypto/modes -I/builddir/build/BUILD/shim-16.1/Cryptlib/OpenSSL/crypto/include -isystem /builddir/build/BUILD/shim-16.1/include/system -isystem /usr/lib/gcc/aarch64-redhat-linux/11/include -DL_ENDIAN -D_CRT_SECURE_NO_DEPRECATE -D_CRT_NONSTDC_NO_DEPRECATE -DOPENSSL_SMALL_FOOTPRINT -DPEDANTIC -DMDE_CPU_AARCH64   -c -o crypto/dso/dso_openssl.o /builddir/build/BUILD/shim-16.1/Cryptlib/OpenSSL/crypto/dso/dso_openssl.c
DEBUG util.py:461:  gcc -std=gnu11 -ggdb -gdwarf-4 -gstrict-dwarf -ffreestanding -fmacro-prefix-map=/builddir/build/BUILD/shim-16.1/= -fno-stack-protector -fno-strict-aliasing -fpic -fshort-wchar -nostdinc -Os -Wall -Wextra -Wno-missing-field-initializers -Wno-empty-body -Wno-implicit-fallthrough -Wno-old-style-declaration -Wno-unused-but-set-variable -Wno-unused-parameter -Werror -Wno-error=unused-but-set-variable -Wno-error=unused-parameter -I/builddir/build/BUILD/shim-16.1/Cryptlib/OpenSSL -I/builddir/build/BUILD/shim-16.1/Cryptlib -I/builddir/build/BUILD/shim-16.1/Cryptlib/OpenSSL/Include/ -I/builddir/build/BUILD/shim-16.1/Cryptlib/OpenSSL/crypto -I/builddir/build/BUILD/shim-16.1/Cryptlib/Include -I/builddir/build/BUILD/shim-16.1/gnu-efi/inc -I/builddir/build/BUILD/shim-16.1/gnu-efi/inc/aarch64 -I/builddir/build/BUILD/shim-16.1/gnu-efi/inc/protocol -I/builddir/build/BUILD/shim-16.1/Cryptlib/OpenSSL/crypto/asn1 -I/builddir/build/BUILD/shim-16.1/Cryptlib/OpenSSL/crypto/evp -I/builddir/build/BUILD/shim-16.1/Cryptlib/OpenSSL/crypto/modes -I/builddir/build/BUILD/shim-16.1/Cryptlib/OpenSSL/crypto/include -isystem /builddir/build/BUILD/shim-16.1/include/system -isystem /usr/lib/gcc/aarch64-redhat-linux/11/include -DL_ENDIAN -D_CRT_SECURE_NO_DEPRECATE -D_CRT_NONSTDC_NO_DEPRECATE -DOPENSSL_SMALL_FOOTPRINT -DPEDANTIC -DMDE_CPU_AARCH64   -c -o crypto/dso/dso_win32.o /builddir/build/BUILD/shim-16.1/Cryptlib/OpenSSL/crypto/dso/dso_win32.c
DEBUG util.py:461:  gcc -std=gnu11 -ggdb -gdwarf-4 -gstrict-dwarf -ffreestanding -fmacro-prefix-map=/builddir/build/BUILD/shim-16.1/= -fno-stack-protector -fno-strict-aliasing -fpic -fshort-wchar -nostdinc -Os -Wall -Wextra -Wno-missing-field-initializers -Wno-empty-body -Wno-implicit-fallthrough -Wno-old-style-declaration -Wno-unused-but-set-variable -Wno-unused-parameter -Werror -Wno-error=unused-but-set-variable -Wno-error=unused-parameter -I/builddir/build/BUILD/shim-16.1/Cryptlib/OpenSSL -I/builddir/build/BUILD/shim-16.1/Cryptlib -I/builddir/build/BUILD/shim-16.1/Cryptlib/OpenSSL/Include/ -I/builddir/build/BUILD/shim-16.1/Cryptlib/OpenSSL/crypto -I/builddir/build/BUILD/shim-16.1/Cryptlib/Include -I/builddir/build/BUILD/shim-16.1/gnu-efi/inc -I/builddir/build/BUILD/shim-16.1/gnu-efi/inc/aarch64 -I/builddir/build/BUILD/shim-16.1/gnu-efi/inc/protocol -I/builddir/build/BUILD/shim-16.1/Cryptlib/OpenSSL/crypto/asn1 -I/builddir/build/BUILD/shim-16.1/Cryptlib/OpenSSL/crypto/evp -I/builddir/build/BUILD/shim-16.1/Cryptlib/OpenSSL/crypto/modes -I/builddir/build/BUILD/shim-16.1/Cryptlib/OpenSSL/crypto/include -isystem /builddir/build/BUILD/shim-16.1/include/system -isystem /usr/lib/gcc/aarch64-redhat-linux/11/include -DL_ENDIAN -D_CRT_SECURE_NO_DEPRECATE -D_CRT_NONSTDC_NO_DEPRECATE -DOPENSSL_SMALL_FOOTPRINT -DPEDANTIC -DMDE_CPU_AARCH64   -c -o crypto/dso/dso_vms.o /builddir/build/BUILD/shim-16.1/Cryptlib/OpenSSL/crypto/dso/dso_vms.c
DEBUG util.py:461:  gcc -std=gnu11 -ggdb -gdwarf-4 -gstrict-dwarf -ffreestanding -fmacro-prefix-map=/builddir/build/BUILD/shim-16.1/= -fno-stack-protector -fno-strict-aliasing -fpic -fshort-wchar -nostdinc -Os -Wall -Wextra -Wno-missing-field-initializers -Wno-empty-body -Wno-implicit-fallthrough -Wno-old-style-declaration -Wno-unused-but-set-variable -Wno-unused-parameter -Werror -Wno-error=unused-but-set-variable -Wno-error=unused-parameter -I/builddir/build/BUILD/shim-16.1/Cryptlib/OpenSSL -I/builddir/build/BUILD/shim-16.1/Cryptlib -I/builddir/build/BUILD/shim-16.1/Cryptlib/OpenSSL/Include/ -I/builddir/build/BUILD/shim-16.1/Cryptlib/OpenSSL/crypto -I/builddir/build/BUILD/shim-16.1/Cryptlib/Include -I/builddir/build/BUILD/shim-16.1/gnu-efi/inc -I/builddir/build/BUILD/shim-16.1/gnu-efi/inc/aarch64 -I/builddir/build/BUILD/shim-16.1/gnu-efi/inc/protocol -I/builddir/build/BUILD/shim-16.1/Cryptlib/OpenSSL/crypto/asn1 -I/builddir/build/BUILD/shim-16.1/Cryptlib/OpenSSL/crypto/evp -I/builddir/build/BUILD/shim-16.1/Cryptlib/OpenSSL/crypto/modes -I/builddir/build/BUILD/shim-16.1/Cryptlib/OpenSSL/crypto/include -isystem /builddir/build/BUILD/shim-16.1/include/system -isystem /usr/lib/gcc/aarch64-redhat-linux/11/include -DL_ENDIAN -D_CRT_SECURE_NO_DEPRECATE -D_CRT_NONSTDC_NO_DEPRECATE -DOPENSSL_SMALL_FOOTPRINT -DPEDANTIC -DMDE_CPU_AARCH64   -c -o crypto/dso/dso_beos.o /builddir/build/BUILD/shim-16.1/Cryptlib/OpenSSL/crypto/dso/dso_beos.c
DEBUG util.py:461:  gcc -std=gnu11 -ggdb -gdwarf-4 -gstrict-dwarf -ffreestanding -fmacro-prefix-map=/builddir/build/BUILD/shim-16.1/= -fno-stack-protector -fno-strict-aliasing -fpic -fshort-wchar -nostdinc -Os -Wall -Wextra -Wno-missing-field-initializers -Wno-empty-body -Wno-implicit-fallthrough -Wno-old-style-declaration -Wno-unused-but-set-variable -Wno-unused-parameter -Werror -Wno-error=unused-but-set-variable -Wno-error=unused-parameter -I/builddir/build/BUILD/shim-16.1/Cryptlib/OpenSSL -I/builddir/build/BUILD/shim-16.1/Cryptlib -I/builddir/build/BUILD/shim-16.1/Cryptlib/OpenSSL/Include/ -I/builddir/build/BUILD/shim-16.1/Cryptlib/OpenSSL/crypto -I/builddir/build/BUILD/shim-16.1/Cryptlib/Include -I/builddir/build/BUILD/shim-16.1/gnu-efi/inc -I/builddir/build/BUILD/shim-16.1/gnu-efi/inc/aarch64 -I/builddir/build/BUILD/shim-16.1/gnu-efi/inc/protocol -I/builddir/build/BUILD/shim-16.1/Cryptlib/OpenSSL/crypto/asn1 -I/builddir/build/BUILD/shim-16.1/Cryptlib/OpenSSL/crypto/evp -I/builddir/build/BUILD/shim-16.1/Cryptlib/OpenSSL/crypto/modes -I/builddir/build/BUILD/shim-16.1/Cryptlib/OpenSSL/crypto/include -isystem /builddir/build/BUILD/shim-16.1/include/system -isystem /usr/lib/gcc/aarch64-redhat-linux/11/include -DL_ENDIAN -D_CRT_SECURE_NO_DEPRECATE -D_CRT_NONSTDC_NO_DEPRECATE -DOPENSSL_SMALL_FOOTPRINT -DPEDANTIC -DMDE_CPU_AARCH64   -c -o crypto/dh/dh_asn1.o /builddir/build/BUILD/shim-16.1/Cryptlib/OpenSSL/crypto/dh/dh_asn1.c
DEBUG util.py:461:  gcc -std=gnu11 -ggdb -gdwarf-4 -gstrict-dwarf -ffreestanding -fmacro-prefix-map=/builddir/build/BUILD/shim-16.1/= -fno-stack-protector -fno-strict-aliasing -fpic -fshort-wchar -nostdinc -Os -Wall -Wextra -Wno-missing-field-initializers -Wno-empty-body -Wno-implicit-fallthrough -Wno-old-style-declaration -Wno-unused-but-set-variable -Wno-unused-parameter -Werror -Wno-error=unused-but-set-variable -Wno-error=unused-parameter -I/builddir/build/BUILD/shim-16.1/Cryptlib/OpenSSL -I/builddir/build/BUILD/shim-16.1/Cryptlib -I/builddir/build/BUILD/shim-16.1/Cryptlib/OpenSSL/Include/ -I/builddir/build/BUILD/shim-16.1/Cryptlib/OpenSSL/crypto -I/builddir/build/BUILD/shim-16.1/Cryptlib/Include -I/builddir/build/BUILD/shim-16.1/gnu-efi/inc -I/builddir/build/BUILD/shim-16.1/gnu-efi/inc/aarch64 -I/builddir/build/BUILD/shim-16.1/gnu-efi/inc/protocol -I/builddir/build/BUILD/shim-16.1/Cryptlib/OpenSSL/crypto/asn1 -I/builddir/build/BUILD/shim-16.1/Cryptlib/OpenSSL/crypto/evp -I/builddir/build/BUILD/shim-16.1/Cryptlib/OpenSSL/crypto/modes -I/builddir/build/BUILD/shim-16.1/Cryptlib/OpenSSL/crypto/include -isystem /builddir/build/BUILD/shim-16.1/include/system -isystem /usr/lib/gcc/aarch64-redhat-linux/11/include -DL_ENDIAN -D_CRT_SECURE_NO_DEPRECATE -D_CRT_NONSTDC_NO_DEPRECATE -DOPENSSL_SMALL_FOOTPRINT -DPEDANTIC -DMDE_CPU_AARCH64   -c -o crypto/dh/dh_gen.o /builddir/build/BUILD/shim-16.1/Cryptlib/OpenSSL/crypto/dh/dh_gen.c
DEBUG util.py:461:  gcc -std=gnu11 -ggdb -gdwarf-4 -gstrict-dwarf -ffreestanding -fmacro-prefix-map=/builddir/build/BUILD/shim-16.1/= -fno-stack-protector -fno-strict-aliasing -fpic -fshort-wchar -nostdinc -Os -Wall -Wextra -Wno-missing-field-initializers -Wno-empty-body -Wno-implicit-fallthrough -Wno-old-style-declaration -Wno-unused-but-set-variable -Wno-unused-parameter -Werror -Wno-error=unused-but-set-variable -Wno-error=unused-parameter -I/builddir/build/BUILD/shim-16.1/Cryptlib/OpenSSL -I/builddir/build/BUILD/shim-16.1/Cryptlib -I/builddir/build/BUILD/shim-16.1/Cryptlib/OpenSSL/Include/ -I/builddir/build/BUILD/shim-16.1/Cryptlib/OpenSSL/crypto -I/builddir/build/BUILD/shim-16.1/Cryptlib/Include -I/builddir/build/BUILD/shim-16.1/gnu-efi/inc -I/builddir/build/BUILD/shim-16.1/gnu-efi/inc/aarch64 -I/builddir/build/BUILD/shim-16.1/gnu-efi/inc/protocol -I/builddir/build/BUILD/shim-16.1/Cryptlib/OpenSSL/crypto/asn1 -I/builddir/build/BUILD/shim-16.1/Cryptlib/OpenSSL/crypto/evp -I/builddir/build/BUILD/shim-16.1/Cryptlib/OpenSSL/crypto/modes -I/builddir/build/BUILD/shim-16.1/Cryptlib/OpenSSL/crypto/include -isystem /builddir/build/BUILD/shim-16.1/include/system -isystem /usr/lib/gcc/aarch64-redhat-linux/11/include -DL_ENDIAN -D_CRT_SECURE_NO_DEPRECATE -D_CRT_NONSTDC_NO_DEPRECATE -DOPENSSL_SMALL_FOOTPRINT -DPEDANTIC -DMDE_CPU_AARCH64   -c -o crypto/dh/dh_key.o /builddir/build/BUILD/shim-16.1/Cryptlib/OpenSSL/crypto/dh/dh_key.c
DEBUG util.py:461:  gcc -std=gnu11 -ggdb -gdwarf-4 -gstrict-dwarf -ffreestanding -fmacro-prefix-map=/builddir/build/BUILD/shim-16.1/= -fno-stack-protector -fno-strict-aliasing -fpic -fshort-wchar -nostdinc -Os -Wall -Wextra -Wno-missing-field-initializers -Wno-empty-body -Wno-implicit-fallthrough -Wno-old-style-declaration -Wno-unused-but-set-variable -Wno-unused-parameter -Werror -Wno-error=unused-but-set-variable -Wno-error=unused-parameter -I/builddir/build/BUILD/shim-16.1/Cryptlib/OpenSSL -I/builddir/build/BUILD/shim-16.1/Cryptlib -I/builddir/build/BUILD/shim-16.1/Cryptlib/OpenSSL/Include/ -I/builddir/build/BUILD/shim-16.1/Cryptlib/OpenSSL/crypto -I/builddir/build/BUILD/shim-16.1/Cryptlib/Include -I/builddir/build/BUILD/shim-16.1/gnu-efi/inc -I/builddir/build/BUILD/shim-16.1/gnu-efi/inc/aarch64 -I/builddir/build/BUILD/shim-16.1/gnu-efi/inc/protocol -I/builddir/build/BUILD/shim-16.1/Cryptlib/OpenSSL/crypto/asn1 -I/builddir/build/BUILD/shim-16.1/Cryptlib/OpenSSL/crypto/evp -I/builddir/build/BUILD/shim-16.1/Cryptlib/OpenSSL/crypto/modes -I/builddir/build/BUILD/shim-16.1/Cryptlib/OpenSSL/crypto/include -isystem /builddir/build/BUILD/shim-16.1/include/system -isystem /usr/lib/gcc/aarch64-redhat-linux/11/include -DL_ENDIAN -D_CRT_SECURE_NO_DEPRECATE -D_CRT_NONSTDC_NO_DEPRECATE -DOPENSSL_SMALL_FOOTPRINT -DPEDANTIC -DMDE_CPU_AARCH64   -c -o crypto/dh/dh_lib.o /builddir/build/BUILD/shim-16.1/Cryptlib/OpenSSL/crypto/dh/dh_lib.c
DEBUG util.py:461:  gcc -std=gnu11 -ggdb -gdwarf-4 -gstrict-dwarf -ffreestanding -fmacro-prefix-map=/builddir/build/BUILD/shim-16.1/= -fno-stack-protector -fno-strict-aliasing -fpic -fshort-wchar -nostdinc -Os -Wall -Wextra -Wno-missing-field-initializers -Wno-empty-body -Wno-implicit-fallthrough -Wno-old-style-declaration -Wno-unused-but-set-variable -Wno-unused-parameter -Werror -Wno-error=unused-but-set-variable -Wno-error=unused-parameter -I/builddir/build/BUILD/shim-16.1/Cryptlib/OpenSSL -I/builddir/build/BUILD/shim-16.1/Cryptlib -I/builddir/build/BUILD/shim-16.1/Cryptlib/OpenSSL/Include/ -I/builddir/build/BUILD/shim-16.1/Cryptlib/OpenSSL/crypto -I/builddir/build/BUILD/shim-16.1/Cryptlib/Include -I/builddir/build/BUILD/shim-16.1/gnu-efi/inc -I/builddir/build/BUILD/shim-16.1/gnu-efi/inc/aarch64 -I/builddir/build/BUILD/shim-16.1/gnu-efi/inc/protocol -I/builddir/build/BUILD/shim-16.1/Cryptlib/OpenSSL/crypto/asn1 -I/builddir/build/BUILD/shim-16.1/Cryptlib/OpenSSL/crypto/evp -I/builddir/build/BUILD/shim-16.1/Cryptlib/OpenSSL/crypto/modes -I/builddir/build/BUILD/shim-16.1/Cryptlib/OpenSSL/crypto/include -isystem /builddir/build/BUILD/shim-16.1/include/system -isystem /usr/lib/gcc/aarch64-redhat-linux/11/include -DL_ENDIAN -D_CRT_SECURE_NO_DEPRECATE -D_CRT_NONSTDC_NO_DEPRECATE -DOPENSSL_SMALL_FOOTPRINT -DPEDANTIC -DMDE_CPU_AARCH64   -c -o crypto/dh/dh_check.o /builddir/build/BUILD/shim-16.1/Cryptlib/OpenSSL/crypto/dh/dh_check.c
DEBUG util.py:461:  gcc -std=gnu11 -ggdb -gdwarf-4 -gstrict-dwarf -ffreestanding -fmacro-prefix-map=/builddir/build/BUILD/shim-16.1/= -fno-stack-protector -fno-strict-aliasing -fpic -fshort-wchar -nostdinc -Os -Wall -Wextra -Wno-missing-field-initializers -Wno-empty-body -Wno-implicit-fallthrough -Wno-old-style-declaration -Wno-unused-but-set-variable -Wno-unused-parameter -Werror -Wno-error=unused-but-set-variable -Wno-error=unused-parameter -I/builddir/build/BUILD/shim-16.1/Cryptlib/OpenSSL -I/builddir/build/BUILD/shim-16.1/Cryptlib -I/builddir/build/BUILD/shim-16.1/Cryptlib/OpenSSL/Include/ -I/builddir/build/BUILD/shim-16.1/Cryptlib/OpenSSL/crypto -I/builddir/build/BUILD/shim-16.1/Cryptlib/Include -I/builddir/build/BUILD/shim-16.1/gnu-efi/inc -I/builddir/build/BUILD/shim-16.1/gnu-efi/inc/aarch64 -I/builddir/build/BUILD/shim-16.1/gnu-efi/inc/protocol -I/builddir/build/BUILD/shim-16.1/Cryptlib/OpenSSL/crypto/asn1 -I/builddir/build/BUILD/shim-16.1/Cryptlib/OpenSSL/crypto/evp -I/builddir/build/BUILD/shim-16.1/Cryptlib/OpenSSL/crypto/modes -I/builddir/build/BUILD/shim-16.1/Cryptlib/OpenSSL/crypto/include -isystem /builddir/build/BUILD/shim-16.1/include/system -isystem /usr/lib/gcc/aarch64-redhat-linux/11/include -DL_ENDIAN -D_CRT_SECURE_NO_DEPRECATE -D_CRT_NONSTDC_NO_DEPRECATE -DOPENSSL_SMALL_FOOTPRINT -DPEDANTIC -DMDE_CPU_AARCH64   -c -o crypto/dh/dh_err.o /builddir/build/BUILD/shim-16.1/Cryptlib/OpenSSL/crypto/dh/dh_err.c
DEBUG util.py:461:  gcc -std=gnu11 -ggdb -gdwarf-4 -gstrict-dwarf -ffreestanding -fmacro-prefix-map=/builddir/build/BUILD/shim-16.1/= -fno-stack-protector -fno-strict-aliasing -fpic -fshort-wchar -nostdinc -Os -Wall -Wextra -Wno-missing-field-initializers -Wno-empty-body -Wno-implicit-fallthrough -Wno-old-style-declaration -Wno-unused-but-set-variable -Wno-unused-parameter -Werror -Wno-error=unused-but-set-variable -Wno-error=unused-parameter -I/builddir/build/BUILD/shim-16.1/Cryptlib/OpenSSL -I/builddir/build/BUILD/shim-16.1/Cryptlib -I/builddir/build/BUILD/shim-16.1/Cryptlib/OpenSSL/Include/ -I/builddir/build/BUILD/shim-16.1/Cryptlib/OpenSSL/crypto -I/builddir/build/BUILD/shim-16.1/Cryptlib/Include -I/builddir/build/BUILD/shim-16.1/gnu-efi/inc -I/builddir/build/BUILD/shim-16.1/gnu-efi/inc/aarch64 -I/builddir/build/BUILD/shim-16.1/gnu-efi/inc/protocol -I/builddir/build/BUILD/shim-16.1/Cryptlib/OpenSSL/crypto/asn1 -I/builddir/build/BUILD/shim-16.1/Cryptlib/OpenSSL/crypto/evp -I/builddir/build/BUILD/shim-16.1/Cryptlib/OpenSSL/crypto/modes -I/builddir/build/BUILD/shim-16.1/Cryptlib/OpenSSL/crypto/include -isystem /builddir/build/BUILD/shim-16.1/include/system -isystem /usr/lib/gcc/aarch64-redhat-linux/11/include -DL_ENDIAN -D_CRT_SECURE_NO_DEPRECATE -D_CRT_NONSTDC_NO_DEPRECATE -DOPENSSL_SMALL_FOOTPRINT -DPEDANTIC -DMDE_CPU_AARCH64   -c -o crypto/dh/dh_depr.o /builddir/build/BUILD/shim-16.1/Cryptlib/OpenSSL/crypto/dh/dh_depr.c
DEBUG util.py:461:  gcc -std=gnu11 -ggdb -gdwarf-4 -gstrict-dwarf -ffreestanding -fmacro-prefix-map=/builddir/build/BUILD/shim-16.1/= -fno-stack-protector -fno-strict-aliasing -fpic -fshort-wchar -nostdinc -Os -Wall -Wextra -Wno-missing-field-initializers -Wno-empty-body -Wno-implicit-fallthrough -Wno-old-style-declaration -Wno-unused-but-set-variable -Wno-unused-parameter -Werror -Wno-error=unused-but-set-variable -Wno-error=unused-parameter -I/builddir/build/BUILD/shim-16.1/Cryptlib/OpenSSL -I/builddir/build/BUILD/shim-16.1/Cryptlib -I/builddir/build/BUILD/shim-16.1/Cryptlib/OpenSSL/Include/ -I/builddir/build/BUILD/shim-16.1/Cryptlib/OpenSSL/crypto -I/builddir/build/BUILD/shim-16.1/Cryptlib/Include -I/builddir/build/BUILD/shim-16.1/gnu-efi/inc -I/builddir/build/BUILD/shim-16.1/gnu-efi/inc/aarch64 -I/builddir/build/BUILD/shim-16.1/gnu-efi/inc/protocol -I/builddir/build/BUILD/shim-16.1/Cryptlib/OpenSSL/crypto/asn1 -I/builddir/build/BUILD/shim-16.1/Cryptlib/OpenSSL/crypto/evp -I/builddir/build/BUILD/shim-16.1/Cryptlib/OpenSSL/crypto/modes -I/builddir/build/BUILD/shim-16.1/Cryptlib/OpenSSL/crypto/include -isystem /builddir/build/BUILD/shim-16.1/include/system -isystem /usr/lib/gcc/aarch64-redhat-linux/11/include -DL_ENDIAN -D_CRT_SECURE_NO_DEPRECATE -D_CRT_NONSTDC_NO_DEPRECATE -DOPENSSL_SMALL_FOOTPRINT -DPEDANTIC -DMDE_CPU_AARCH64   -c -o crypto/dh/dh_ameth.o /builddir/build/BUILD/shim-16.1/Cryptlib/OpenSSL/crypto/dh/dh_ameth.c
DEBUG util.py:461:  gcc -std=gnu11 -ggdb -gdwarf-4 -gstrict-dwarf -ffreestanding -fmacro-prefix-map=/builddir/build/BUILD/shim-16.1/= -fno-stack-protector -fno-strict-aliasing -fpic -fshort-wchar -nostdinc -Os -Wall -Wextra -Wno-missing-field-initializers -Wno-empty-body -Wno-implicit-fallthrough -Wno-old-style-declaration -Wno-unused-but-set-variable -Wno-unused-parameter -Werror -Wno-error=unused-but-set-variable -Wno-error=unused-parameter -I/builddir/build/BUILD/shim-16.1/Cryptlib/OpenSSL -I/builddir/build/BUILD/shim-16.1/Cryptlib -I/builddir/build/BUILD/shim-16.1/Cryptlib/OpenSSL/Include/ -I/builddir/build/BUILD/shim-16.1/Cryptlib/OpenSSL/crypto -I/builddir/build/BUILD/shim-16.1/Cryptlib/Include -I/builddir/build/BUILD/shim-16.1/gnu-efi/inc -I/builddir/build/BUILD/shim-16.1/gnu-efi/inc/aarch64 -I/builddir/build/BUILD/shim-16.1/gnu-efi/inc/protocol -I/builddir/build/BUILD/shim-16.1/Cryptlib/OpenSSL/crypto/asn1 -I/builddir/build/BUILD/shim-16.1/Cryptlib/OpenSSL/crypto/evp -I/builddir/build/BUILD/shim-16.1/Cryptlib/OpenSSL/crypto/modes -I/builddir/build/BUILD/shim-16.1/Cryptlib/OpenSSL/crypto/include -isystem /builddir/build/BUILD/shim-16.1/include/system -isystem /usr/lib/gcc/aarch64-redhat-linux/11/include -DL_ENDIAN -D_CRT_SECURE_NO_DEPRECATE -D_CRT_NONSTDC_NO_DEPRECATE -DOPENSSL_SMALL_FOOTPRINT -DPEDANTIC -DMDE_CPU_AARCH64   -c -o crypto/dh/dh_pmeth.o /builddir/build/BUILD/shim-16.1/Cryptlib/OpenSSL/crypto/dh/dh_pmeth.c
DEBUG util.py:461:  gcc -std=gnu11 -ggdb -gdwarf-4 -gstrict-dwarf -ffreestanding -fmacro-prefix-map=/builddir/build/BUILD/shim-16.1/= -fno-stack-protector -fno-strict-aliasing -fpic -fshort-wchar -nostdinc -Os -Wall -Wextra -Wno-missing-field-initializers -Wno-empty-body -Wno-implicit-fallthrough -Wno-old-style-declaration -Wno-unused-but-set-variable -Wno-unused-parameter -Werror -Wno-error=unused-but-set-variable -Wno-error=unused-parameter -I/builddir/build/BUILD/shim-16.1/Cryptlib/OpenSSL -I/builddir/build/BUILD/shim-16.1/Cryptlib -I/builddir/build/BUILD/shim-16.1/Cryptlib/OpenSSL/Include/ -I/builddir/build/BUILD/shim-16.1/Cryptlib/OpenSSL/crypto -I/builddir/build/BUILD/shim-16.1/Cryptlib/Include -I/builddir/build/BUILD/shim-16.1/gnu-efi/inc -I/builddir/build/BUILD/shim-16.1/gnu-efi/inc/aarch64 -I/builddir/build/BUILD/shim-16.1/gnu-efi/inc/protocol -I/builddir/build/BUILD/shim-16.1/Cryptlib/OpenSSL/crypto/asn1 -I/builddir/build/BUILD/shim-16.1/Cryptlib/OpenSSL/crypto/evp -I/builddir/build/BUILD/shim-16.1/Cryptlib/OpenSSL/crypto/modes -I/builddir/build/BUILD/shim-16.1/Cryptlib/OpenSSL/crypto/include -isystem /builddir/build/BUILD/shim-16.1/include/system -isystem /usr/lib/gcc/aarch64-redhat-linux/11/include -DL_ENDIAN -D_CRT_SECURE_NO_DEPRECATE -D_CRT_NONSTDC_NO_DEPRECATE -DOPENSSL_SMALL_FOOTPRINT -DPEDANTIC -DMDE_CPU_AARCH64   -c -o crypto/dh/dh_prn.o /builddir/build/BUILD/shim-16.1/Cryptlib/OpenSSL/crypto/dh/dh_prn.c
DEBUG util.py:461:  gcc -std=gnu11 -ggdb -gdwarf-4 -gstrict-dwarf -ffreestanding -fmacro-prefix-map=/builddir/build/BUILD/shim-16.1/= -fno-stack-protector -fno-strict-aliasing -fpic -fshort-wchar -nostdinc -Os -Wall -Wextra -Wno-missing-field-initializers -Wno-empty-body -Wno-implicit-fallthrough -Wno-old-style-declaration -Wno-unused-but-set-variable -Wno-unused-parameter -Werror -Wno-error=unused-but-set-variable -Wno-error=unused-parameter -I/builddir/build/BUILD/shim-16.1/Cryptlib/OpenSSL -I/builddir/build/BUILD/shim-16.1/Cryptlib -I/builddir/build/BUILD/shim-16.1/Cryptlib/OpenSSL/Include/ -I/builddir/build/BUILD/shim-16.1/Cryptlib/OpenSSL/crypto -I/builddir/build/BUILD/shim-16.1/Cryptlib/Include -I/builddir/build/BUILD/shim-16.1/gnu-efi/inc -I/builddir/build/BUILD/shim-16.1/gnu-efi/inc/aarch64 -I/builddir/build/BUILD/shim-16.1/gnu-efi/inc/protocol -I/builddir/build/BUILD/shim-16.1/Cryptlib/OpenSSL/crypto/asn1 -I/builddir/build/BUILD/shim-16.1/Cryptlib/OpenSSL/crypto/evp -I/builddir/build/BUILD/shim-16.1/Cryptlib/OpenSSL/crypto/modes -I/builddir/build/BUILD/shim-16.1/Cryptlib/OpenSSL/crypto/include -isystem /builddir/build/BUILD/shim-16.1/include/system -isystem /usr/lib/gcc/aarch64-redhat-linux/11/include -DL_ENDIAN -D_CRT_SECURE_NO_DEPRECATE -D_CRT_NONSTDC_NO_DEPRECATE -DOPENSSL_SMALL_FOOTPRINT -DPEDANTIC -DMDE_CPU_AARCH64   -c -o crypto/dh/dh_rfc5114.o /builddir/build/BUILD/shim-16.1/Cryptlib/OpenSSL/crypto/dh/dh_rfc5114.c
DEBUG util.py:461:  gcc -std=gnu11 -ggdb -gdwarf-4 -gstrict-dwarf -ffreestanding -fmacro-prefix-map=/builddir/build/BUILD/shim-16.1/= -fno-stack-protector -fno-strict-aliasing -fpic -fshort-wchar -nostdinc -Os -Wall -Wextra -Wno-missing-field-initializers -Wno-empty-body -Wno-implicit-fallthrough -Wno-old-style-declaration -Wno-unused-but-set-variable -Wno-unused-parameter -Werror -Wno-error=unused-but-set-variable -Wno-error=unused-parameter -I/builddir/build/BUILD/shim-16.1/Cryptlib/OpenSSL -I/builddir/build/BUILD/shim-16.1/Cryptlib -I/builddir/build/BUILD/shim-16.1/Cryptlib/OpenSSL/Include/ -I/builddir/build/BUILD/shim-16.1/Cryptlib/OpenSSL/crypto -I/builddir/build/BUILD/shim-16.1/Cryptlib/Include -I/builddir/build/BUILD/shim-16.1/gnu-efi/inc -I/builddir/build/BUILD/shim-16.1/gnu-efi/inc/aarch64 -I/builddir/build/BUILD/shim-16.1/gnu-efi/inc/protocol -I/builddir/build/BUILD/shim-16.1/Cryptlib/OpenSSL/crypto/asn1 -I/builddir/build/BUILD/shim-16.1/Cryptlib/OpenSSL/crypto/evp -I/builddir/build/BUILD/shim-16.1/Cryptlib/OpenSSL/crypto/modes -I/builddir/build/BUILD/shim-16.1/Cryptlib/OpenSSL/crypto/include -isystem /builddir/build/BUILD/shim-16.1/include/system -isystem /usr/lib/gcc/aarch64-redhat-linux/11/include -DL_ENDIAN -D_CRT_SECURE_NO_DEPRECATE -D_CRT_NONSTDC_NO_DEPRECATE -DOPENSSL_SMALL_FOOTPRINT -DPEDANTIC -DMDE_CPU_AARCH64   -c -o crypto/buffer/buffer.o /builddir/build/BUILD/shim-16.1/Cryptlib/OpenSSL/crypto/buffer/buffer.c
DEBUG util.py:461:  gcc -std=gnu11 -ggdb -gdwarf-4 -gstrict-dwarf -ffreestanding -fmacro-prefix-map=/builddir/build/BUILD/shim-16.1/= -fno-stack-protector -fno-strict-aliasing -fpic -fshort-wchar -nostdinc -Os -Wall -Wextra -Wno-missing-field-initializers -Wno-empty-body -Wno-implicit-fallthrough -Wno-old-style-declaration -Wno-unused-but-set-variable -Wno-unused-parameter -Werror -Wno-error=unused-but-set-variable -Wno-error=unused-parameter -I/builddir/build/BUILD/shim-16.1/Cryptlib/OpenSSL -I/builddir/build/BUILD/shim-16.1/Cryptlib -I/builddir/build/BUILD/shim-16.1/Cryptlib/OpenSSL/Include/ -I/builddir/build/BUILD/shim-16.1/Cryptlib/OpenSSL/crypto -I/builddir/build/BUILD/shim-16.1/Cryptlib/Include -I/builddir/build/BUILD/shim-16.1/gnu-efi/inc -I/builddir/build/BUILD/shim-16.1/gnu-efi/inc/aarch64 -I/builddir/build/BUILD/shim-16.1/gnu-efi/inc/protocol -I/builddir/build/BUILD/shim-16.1/Cryptlib/OpenSSL/crypto/asn1 -I/builddir/build/BUILD/shim-16.1/Cryptlib/OpenSSL/crypto/evp -I/builddir/build/BUILD/shim-16.1/Cryptlib/OpenSSL/crypto/modes -I/builddir/build/BUILD/shim-16.1/Cryptlib/OpenSSL/crypto/include -isystem /builddir/build/BUILD/shim-16.1/include/system -isystem /usr/lib/gcc/aarch64-redhat-linux/11/include -DL_ENDIAN -D_CRT_SECURE_NO_DEPRECATE -D_CRT_NONSTDC_NO_DEPRECATE -DOPENSSL_SMALL_FOOTPRINT -DPEDANTIC -DMDE_CPU_AARCH64   -c -o crypto/buffer/buf_str.o /builddir/build/BUILD/shim-16.1/Cryptlib/OpenSSL/crypto/buffer/buf_str.c
DEBUG util.py:461:  gcc -std=gnu11 -ggdb -gdwarf-4 -gstrict-dwarf -ffreestanding -fmacro-prefix-map=/builddir/build/BUILD/shim-16.1/= -fno-stack-protector -fno-strict-aliasing -fpic -fshort-wchar -nostdinc -Os -Wall -Wextra -Wno-missing-field-initializers -Wno-empty-body -Wno-implicit-fallthrough -Wno-old-style-declaration -Wno-unused-but-set-variable -Wno-unused-parameter -Werror -Wno-error=unused-but-set-variable -Wno-error=unused-parameter -I/builddir/build/BUILD/shim-16.1/Cryptlib/OpenSSL -I/builddir/build/BUILD/shim-16.1/Cryptlib -I/builddir/build/BUILD/shim-16.1/Cryptlib/OpenSSL/Include/ -I/builddir/build/BUILD/shim-16.1/Cryptlib/OpenSSL/crypto -I/builddir/build/BUILD/shim-16.1/Cryptlib/Include -I/builddir/build/BUILD/shim-16.1/gnu-efi/inc -I/builddir/build/BUILD/shim-16.1/gnu-efi/inc/aarch64 -I/builddir/build/BUILD/shim-16.1/gnu-efi/inc/protocol -I/builddir/build/BUILD/shim-16.1/Cryptlib/OpenSSL/crypto/asn1 -I/builddir/build/BUILD/shim-16.1/Cryptlib/OpenSSL/crypto/evp -I/builddir/build/BUILD/shim-16.1/Cryptlib/OpenSSL/crypto/modes -I/builddir/build/BUILD/shim-16.1/Cryptlib/OpenSSL/crypto/include -isystem /builddir/build/BUILD/shim-16.1/include/system -isystem /usr/lib/gcc/aarch64-redhat-linux/11/include -DL_ENDIAN -D_CRT_SECURE_NO_DEPRECATE -D_CRT_NONSTDC_NO_DEPRECATE -DOPENSSL_SMALL_FOOTPRINT -DPEDANTIC -DMDE_CPU_AARCH64   -c -o crypto/buffer/buf_err.o /builddir/build/BUILD/shim-16.1/Cryptlib/OpenSSL/crypto/buffer/buf_err.c
DEBUG util.py:461:  gcc -std=gnu11 -ggdb -gdwarf-4 -gstrict-dwarf -ffreestanding -fmacro-prefix-map=/builddir/build/BUILD/shim-16.1/= -fno-stack-protector -fno-strict-aliasing -fpic -fshort-wchar -nostdinc -Os -Wall -Wextra -Wno-missing-field-initializers -Wno-empty-body -Wno-implicit-fallthrough -Wno-old-style-declaration -Wno-unused-but-set-variable -Wno-unused-parameter -Werror -Wno-error=unused-but-set-variable -Wno-error=unused-parameter -I/builddir/build/BUILD/shim-16.1/Cryptlib/OpenSSL -I/builddir/build/BUILD/shim-16.1/Cryptlib -I/builddir/build/BUILD/shim-16.1/Cryptlib/OpenSSL/Include/ -I/builddir/build/BUILD/shim-16.1/Cryptlib/OpenSSL/crypto -I/builddir/build/BUILD/shim-16.1/Cryptlib/Include -I/builddir/build/BUILD/shim-16.1/gnu-efi/inc -I/builddir/build/BUILD/shim-16.1/gnu-efi/inc/aarch64 -I/builddir/build/BUILD/shim-16.1/gnu-efi/inc/protocol -I/builddir/build/BUILD/shim-16.1/Cryptlib/OpenSSL/crypto/asn1 -I/builddir/build/BUILD/shim-16.1/Cryptlib/OpenSSL/crypto/evp -I/builddir/build/BUILD/shim-16.1/Cryptlib/OpenSSL/crypto/modes -I/builddir/build/BUILD/shim-16.1/Cryptlib/OpenSSL/crypto/include -isystem /builddir/build/BUILD/shim-16.1/include/system -isystem /usr/lib/gcc/aarch64-redhat-linux/11/include -DL_ENDIAN -D_CRT_SECURE_NO_DEPRECATE -D_CRT_NONSTDC_NO_DEPRECATE -DOPENSSL_SMALL_FOOTPRINT -DPEDANTIC -DMDE_CPU_AARCH64   -c -o crypto/bio/bio_lib.o /builddir/build/BUILD/shim-16.1/Cryptlib/OpenSSL/crypto/bio/bio_lib.c
DEBUG util.py:461:  gcc -std=gnu11 -ggdb -gdwarf-4 -gstrict-dwarf -ffreestanding -fmacro-prefix-map=/builddir/build/BUILD/shim-16.1/= -fno-stack-protector -fno-strict-aliasing -fpic -fshort-wchar -nostdinc -Os -Wall -Wextra -Wno-missing-field-initializers -Wno-empty-body -Wno-implicit-fallthrough -Wno-old-style-declaration -Wno-unused-but-set-variable -Wno-unused-parameter -Werror -Wno-error=unused-but-set-variable -Wno-error=unused-parameter -I/builddir/build/BUILD/shim-16.1/Cryptlib/OpenSSL -I/builddir/build/BUILD/shim-16.1/Cryptlib -I/builddir/build/BUILD/shim-16.1/Cryptlib/OpenSSL/Include/ -I/builddir/build/BUILD/shim-16.1/Cryptlib/OpenSSL/crypto -I/builddir/build/BUILD/shim-16.1/Cryptlib/Include -I/builddir/build/BUILD/shim-16.1/gnu-efi/inc -I/builddir/build/BUILD/shim-16.1/gnu-efi/inc/aarch64 -I/builddir/build/BUILD/shim-16.1/gnu-efi/inc/protocol -I/builddir/build/BUILD/shim-16.1/Cryptlib/OpenSSL/crypto/asn1 -I/builddir/build/BUILD/shim-16.1/Cryptlib/OpenSSL/crypto/evp -I/builddir/build/BUILD/shim-16.1/Cryptlib/OpenSSL/crypto/modes -I/builddir/build/BUILD/shim-16.1/Cryptlib/OpenSSL/crypto/include -isystem /builddir/build/BUILD/shim-16.1/include/system -isystem /usr/lib/gcc/aarch64-redhat-linux/11/include -DL_ENDIAN -D_CRT_SECURE_NO_DEPRECATE -D_CRT_NONSTDC_NO_DEPRECATE -DOPENSSL_SMALL_FOOTPRINT -DPEDANTIC -DMDE_CPU_AARCH64   -c -o crypto/bio/bio_cb.o /builddir/build/BUILD/shim-16.1/Cryptlib/OpenSSL/crypto/bio/bio_cb.c
DEBUG util.py:461:  gcc -std=gnu11 -ggdb -gdwarf-4 -gstrict-dwarf -ffreestanding -fmacro-prefix-map=/builddir/build/BUILD/shim-16.1/= -fno-stack-protector -fno-strict-aliasing -fpic -fshort-wchar -nostdinc -Os -Wall -Wextra -Wno-missing-field-initializers -Wno-empty-body -Wno-implicit-fallthrough -Wno-old-style-declaration -Wno-unused-but-set-variable -Wno-unused-parameter -Werror -Wno-error=unused-but-set-variable -Wno-error=unused-parameter -I/builddir/build/BUILD/shim-16.1/Cryptlib/OpenSSL -I/builddir/build/BUILD/shim-16.1/Cryptlib -I/builddir/build/BUILD/shim-16.1/Cryptlib/OpenSSL/Include/ -I/builddir/build/BUILD/shim-16.1/Cryptlib/OpenSSL/crypto -I/builddir/build/BUILD/shim-16.1/Cryptlib/Include -I/builddir/build/BUILD/shim-16.1/gnu-efi/inc -I/builddir/build/BUILD/shim-16.1/gnu-efi/inc/aarch64 -I/builddir/build/BUILD/shim-16.1/gnu-efi/inc/protocol -I/builddir/build/BUILD/shim-16.1/Cryptlib/OpenSSL/crypto/asn1 -I/builddir/build/BUILD/shim-16.1/Cryptlib/OpenSSL/crypto/evp -I/builddir/build/BUILD/shim-16.1/Cryptlib/OpenSSL/crypto/modes -I/builddir/build/BUILD/shim-16.1/Cryptlib/OpenSSL/crypto/include -isystem /builddir/build/BUILD/shim-16.1/include/system -isystem /usr/lib/gcc/aarch64-redhat-linux/11/include -DL_ENDIAN -D_CRT_SECURE_NO_DEPRECATE -D_CRT_NONSTDC_NO_DEPRECATE -DOPENSSL_SMALL_FOOTPRINT -DPEDANTIC -DMDE_CPU_AARCH64   -c -o crypto/bio/bio_err.o /builddir/build/BUILD/shim-16.1/Cryptlib/OpenSSL/crypto/bio/bio_err.c
DEBUG util.py:461:  gcc -std=gnu11 -ggdb -gdwarf-4 -gstrict-dwarf -ffreestanding -fmacro-prefix-map=/builddir/build/BUILD/shim-16.1/= -fno-stack-protector -fno-strict-aliasing -fpic -fshort-wchar -nostdinc -Os -Wall -Wextra -Wno-missing-field-initializers -Wno-empty-body -Wno-implicit-fallthrough -Wno-old-style-declaration -Wno-unused-but-set-variable -Wno-unused-parameter -Werror -Wno-error=unused-but-set-variable -Wno-error=unused-parameter -I/builddir/build/BUILD/shim-16.1/Cryptlib/OpenSSL -I/builddir/build/BUILD/shim-16.1/Cryptlib -I/builddir/build/BUILD/shim-16.1/Cryptlib/OpenSSL/Include/ -I/builddir/build/BUILD/shim-16.1/Cryptlib/OpenSSL/crypto -I/builddir/build/BUILD/shim-16.1/Cryptlib/Include -I/builddir/build/BUILD/shim-16.1/gnu-efi/inc -I/builddir/build/BUILD/shim-16.1/gnu-efi/inc/aarch64 -I/builddir/build/BUILD/shim-16.1/gnu-efi/inc/protocol -I/builddir/build/BUILD/shim-16.1/Cryptlib/OpenSSL/crypto/asn1 -I/builddir/build/BUILD/shim-16.1/Cryptlib/OpenSSL/crypto/evp -I/builddir/build/BUILD/shim-16.1/Cryptlib/OpenSSL/crypto/modes -I/builddir/build/BUILD/shim-16.1/Cryptlib/OpenSSL/crypto/include -isystem /builddir/build/BUILD/shim-16.1/include/system -isystem /usr/lib/gcc/aarch64-redhat-linux/11/include -DL_ENDIAN -D_CRT_SECURE_NO_DEPRECATE -D_CRT_NONSTDC_NO_DEPRECATE -DOPENSSL_SMALL_FOOTPRINT -DPEDANTIC -DMDE_CPU_AARCH64   -c -o crypto/bio/bss_mem.o /builddir/build/BUILD/shim-16.1/Cryptlib/OpenSSL/crypto/bio/bss_mem.c
DEBUG util.py:461:  gcc -std=gnu11 -ggdb -gdwarf-4 -gstrict-dwarf -ffreestanding -fmacro-prefix-map=/builddir/build/BUILD/shim-16.1/= -fno-stack-protector -fno-strict-aliasing -fpic -fshort-wchar -nostdinc -Os -Wall -Wextra -Wno-missing-field-initializers -Wno-empty-body -Wno-implicit-fallthrough -Wno-old-style-declaration -Wno-unused-but-set-variable -Wno-unused-parameter -Werror -Wno-error=unused-but-set-variable -Wno-error=unused-parameter -I/builddir/build/BUILD/shim-16.1/Cryptlib/OpenSSL -I/builddir/build/BUILD/shim-16.1/Cryptlib -I/builddir/build/BUILD/shim-16.1/Cryptlib/OpenSSL/Include/ -I/builddir/build/BUILD/shim-16.1/Cryptlib/OpenSSL/crypto -I/builddir/build/BUILD/shim-16.1/Cryptlib/Include -I/builddir/build/BUILD/shim-16.1/gnu-efi/inc -I/builddir/build/BUILD/shim-16.1/gnu-efi/inc/aarch64 -I/builddir/build/BUILD/shim-16.1/gnu-efi/inc/protocol -I/builddir/build/BUILD/shim-16.1/Cryptlib/OpenSSL/crypto/asn1 -I/builddir/build/BUILD/shim-16.1/Cryptlib/OpenSSL/crypto/evp -I/builddir/build/BUILD/shim-16.1/Cryptlib/OpenSSL/crypto/modes -I/builddir/build/BUILD/shim-16.1/Cryptlib/OpenSSL/crypto/include -isystem /builddir/build/BUILD/shim-16.1/include/system -isystem /usr/lib/gcc/aarch64-redhat-linux/11/include -DL_ENDIAN -D_CRT_SECURE_NO_DEPRECATE -D_CRT_NONSTDC_NO_DEPRECATE -DOPENSSL_SMALL_FOOTPRINT -DPEDANTIC -DMDE_CPU_AARCH64   -c -o crypto/bio/bss_null.o /builddir/build/BUILD/shim-16.1/Cryptlib/OpenSSL/crypto/bio/bss_null.c
DEBUG util.py:461:  gcc -std=gnu11 -ggdb -gdwarf-4 -gstrict-dwarf -ffreestanding -fmacro-prefix-map=/builddir/build/BUILD/shim-16.1/= -fno-stack-protector -fno-strict-aliasing -fpic -fshort-wchar -nostdinc -Os -Wall -Wextra -Wno-missing-field-initializers -Wno-empty-body -Wno-implicit-fallthrough -Wno-old-style-declaration -Wno-unused-but-set-variable -Wno-unused-parameter -Werror -Wno-error=unused-but-set-variable -Wno-error=unused-parameter -I/builddir/build/BUILD/shim-16.1/Cryptlib/OpenSSL -I/builddir/build/BUILD/shim-16.1/Cryptlib -I/builddir/build/BUILD/shim-16.1/Cryptlib/OpenSSL/Include/ -I/builddir/build/BUILD/shim-16.1/Cryptlib/OpenSSL/crypto -I/builddir/build/BUILD/shim-16.1/Cryptlib/Include -I/builddir/build/BUILD/shim-16.1/gnu-efi/inc -I/builddir/build/BUILD/shim-16.1/gnu-efi/inc/aarch64 -I/builddir/build/BUILD/shim-16.1/gnu-efi/inc/protocol -I/builddir/build/BUILD/shim-16.1/Cryptlib/OpenSSL/crypto/asn1 -I/builddir/build/BUILD/shim-16.1/Cryptlib/OpenSSL/crypto/evp -I/builddir/build/BUILD/shim-16.1/Cryptlib/OpenSSL/crypto/modes -I/builddir/build/BUILD/shim-16.1/Cryptlib/OpenSSL/crypto/include -isystem /builddir/build/BUILD/shim-16.1/include/system -isystem /usr/lib/gcc/aarch64-redhat-linux/11/include -DL_ENDIAN -D_CRT_SECURE_NO_DEPRECATE -D_CRT_NONSTDC_NO_DEPRECATE -DOPENSSL_SMALL_FOOTPRINT -DPEDANTIC -DMDE_CPU_AARCH64   -c -o crypto/bio/bss_fd.o /builddir/build/BUILD/shim-16.1/Cryptlib/OpenSSL/crypto/bio/bss_fd.c
DEBUG util.py:461:  gcc -std=gnu11 -ggdb -gdwarf-4 -gstrict-dwarf -ffreestanding -fmacro-prefix-map=/builddir/build/BUILD/shim-16.1/= -fno-stack-protector -fno-strict-aliasing -fpic -fshort-wchar -nostdinc -Os -Wall -Wextra -Wno-missing-field-initializers -Wno-empty-body -Wno-implicit-fallthrough -Wno-old-style-declaration -Wno-unused-but-set-variable -Wno-unused-parameter -Werror -Wno-error=unused-but-set-variable -Wno-error=unused-parameter -I/builddir/build/BUILD/shim-16.1/Cryptlib/OpenSSL -I/builddir/build/BUILD/shim-16.1/Cryptlib -I/builddir/build/BUILD/shim-16.1/Cryptlib/OpenSSL/Include/ -I/builddir/build/BUILD/shim-16.1/Cryptlib/OpenSSL/crypto -I/builddir/build/BUILD/shim-16.1/Cryptlib/Include -I/builddir/build/BUILD/shim-16.1/gnu-efi/inc -I/builddir/build/BUILD/shim-16.1/gnu-efi/inc/aarch64 -I/builddir/build/BUILD/shim-16.1/gnu-efi/inc/protocol -I/builddir/build/BUILD/shim-16.1/Cryptlib/OpenSSL/crypto/asn1 -I/builddir/build/BUILD/shim-16.1/Cryptlib/OpenSSL/crypto/evp -I/builddir/build/BUILD/shim-16.1/Cryptlib/OpenSSL/crypto/modes -I/builddir/build/BUILD/shim-16.1/Cryptlib/OpenSSL/crypto/include -isystem /builddir/build/BUILD/shim-16.1/include/system -isystem /usr/lib/gcc/aarch64-redhat-linux/11/include -DL_ENDIAN -D_CRT_SECURE_NO_DEPRECATE -D_CRT_NONSTDC_NO_DEPRECATE -DOPENSSL_SMALL_FOOTPRINT -DPEDANTIC -DMDE_CPU_AARCH64   -c -o crypto/bio/bss_file.o /builddir/build/BUILD/shim-16.1/Cryptlib/OpenSSL/crypto/bio/bss_file.c
DEBUG util.py:461:  gcc -std=gnu11 -ggdb -gdwarf-4 -gstrict-dwarf -ffreestanding -fmacro-prefix-map=/builddir/build/BUILD/shim-16.1/= -fno-stack-protector -fno-strict-aliasing -fpic -fshort-wchar -nostdinc -Os -Wall -Wextra -Wno-missing-field-initializers -Wno-empty-body -Wno-implicit-fallthrough -Wno-old-style-declaration -Wno-unused-but-set-variable -Wno-unused-parameter -Werror -Wno-error=unused-but-set-variable -Wno-error=unused-parameter -I/builddir/build/BUILD/shim-16.1/Cryptlib/OpenSSL -I/builddir/build/BUILD/shim-16.1/Cryptlib -I/builddir/build/BUILD/shim-16.1/Cryptlib/OpenSSL/Include/ -I/builddir/build/BUILD/shim-16.1/Cryptlib/OpenSSL/crypto -I/builddir/build/BUILD/shim-16.1/Cryptlib/Include -I/builddir/build/BUILD/shim-16.1/gnu-efi/inc -I/builddir/build/BUILD/shim-16.1/gnu-efi/inc/aarch64 -I/builddir/build/BUILD/shim-16.1/gnu-efi/inc/protocol -I/builddir/build/BUILD/shim-16.1/Cryptlib/OpenSSL/crypto/asn1 -I/builddir/build/BUILD/shim-16.1/Cryptlib/OpenSSL/crypto/evp -I/builddir/build/BUILD/shim-16.1/Cryptlib/OpenSSL/crypto/modes -I/builddir/build/BUILD/shim-16.1/Cryptlib/OpenSSL/crypto/include -isystem /builddir/build/BUILD/shim-16.1/include/system -isystem /usr/lib/gcc/aarch64-redhat-linux/11/include -DL_ENDIAN -D_CRT_SECURE_NO_DEPRECATE -D_CRT_NONSTDC_NO_DEPRECATE -DOPENSSL_SMALL_FOOTPRINT -DPEDANTIC -DMDE_CPU_AARCH64   -c -o crypto/bio/bss_sock.o /builddir/build/BUILD/shim-16.1/Cryptlib/OpenSSL/crypto/bio/bss_sock.c
DEBUG util.py:461:  gcc -std=gnu11 -ggdb -gdwarf-4 -gstrict-dwarf -ffreestanding -fmacro-prefix-map=/builddir/build/BUILD/shim-16.1/= -fno-stack-protector -fno-strict-aliasing -fpic -fshort-wchar -nostdinc -Os -Wall -Wextra -Wno-missing-field-initializers -Wno-empty-body -Wno-implicit-fallthrough -Wno-old-style-declaration -Wno-unused-but-set-variable -Wno-unused-parameter -Werror -Wno-error=unused-but-set-variable -Wno-error=unused-parameter -I/builddir/build/BUILD/shim-16.1/Cryptlib/OpenSSL -I/builddir/build/BUILD/shim-16.1/Cryptlib -I/builddir/build/BUILD/shim-16.1/Cryptlib/OpenSSL/Include/ -I/builddir/build/BUILD/shim-16.1/Cryptlib/OpenSSL/crypto -I/builddir/build/BUILD/shim-16.1/Cryptlib/Include -I/builddir/build/BUILD/shim-16.1/gnu-efi/inc -I/builddir/build/BUILD/shim-16.1/gnu-efi/inc/aarch64 -I/builddir/build/BUILD/shim-16.1/gnu-efi/inc/protocol -I/builddir/build/BUILD/shim-16.1/Cryptlib/OpenSSL/crypto/asn1 -I/builddir/build/BUILD/shim-16.1/Cryptlib/OpenSSL/crypto/evp -I/builddir/build/BUILD/shim-16.1/Cryptlib/OpenSSL/crypto/modes -I/builddir/build/BUILD/shim-16.1/Cryptlib/OpenSSL/crypto/include -isystem /builddir/build/BUILD/shim-16.1/include/system -isystem /usr/lib/gcc/aarch64-redhat-linux/11/include -DL_ENDIAN -D_CRT_SECURE_NO_DEPRECATE -D_CRT_NONSTDC_NO_DEPRECATE -DOPENSSL_SMALL_FOOTPRINT -DPEDANTIC -DMDE_CPU_AARCH64   -c -o crypto/bio/bss_conn.o /builddir/build/BUILD/shim-16.1/Cryptlib/OpenSSL/crypto/bio/bss_conn.c
DEBUG util.py:461:  gcc -std=gnu11 -ggdb -gdwarf-4 -gstrict-dwarf -ffreestanding -fmacro-prefix-map=/builddir/build/BUILD/shim-16.1/= -fno-stack-protector -fno-strict-aliasing -fpic -fshort-wchar -nostdinc -Os -Wall -Wextra -Wno-missing-field-initializers -Wno-empty-body -Wno-implicit-fallthrough -Wno-old-style-declaration -Wno-unused-but-set-variable -Wno-unused-parameter -Werror -Wno-error=unused-but-set-variable -Wno-error=unused-parameter -I/builddir/build/BUILD/shim-16.1/Cryptlib/OpenSSL -I/builddir/build/BUILD/shim-16.1/Cryptlib -I/builddir/build/BUILD/shim-16.1/Cryptlib/OpenSSL/Include/ -I/builddir/build/BUILD/shim-16.1/Cryptlib/OpenSSL/crypto -I/builddir/build/BUILD/shim-16.1/Cryptlib/Include -I/builddir/build/BUILD/shim-16.1/gnu-efi/inc -I/builddir/build/BUILD/shim-16.1/gnu-efi/inc/aarch64 -I/builddir/build/BUILD/shim-16.1/gnu-efi/inc/protocol -I/builddir/build/BUILD/shim-16.1/Cryptlib/OpenSSL/crypto/asn1 -I/builddir/build/BUILD/shim-16.1/Cryptlib/OpenSSL/crypto/evp -I/builddir/build/BUILD/shim-16.1/Cryptlib/OpenSSL/crypto/modes -I/builddir/build/BUILD/shim-16.1/Cryptlib/OpenSSL/crypto/include -isystem /builddir/build/BUILD/shim-16.1/include/system -isystem /usr/lib/gcc/aarch64-redhat-linux/11/include -DL_ENDIAN -D_CRT_SECURE_NO_DEPRECATE -D_CRT_NONSTDC_NO_DEPRECATE -DOPENSSL_SMALL_FOOTPRINT -DPEDANTIC -DMDE_CPU_AARCH64   -c -o crypto/bio/bf_null.o /builddir/build/BUILD/shim-16.1/Cryptlib/OpenSSL/crypto/bio/bf_null.c
DEBUG util.py:461:  gcc -std=gnu11 -ggdb -gdwarf-4 -gstrict-dwarf -ffreestanding -fmacro-prefix-map=/builddir/build/BUILD/shim-16.1/= -fno-stack-protector -fno-strict-aliasing -fpic -fshort-wchar -nostdinc -Os -Wall -Wextra -Wno-missing-field-initializers -Wno-empty-body -Wno-implicit-fallthrough -Wno-old-style-declaration -Wno-unused-but-set-variable -Wno-unused-parameter -Werror -Wno-error=unused-but-set-variable -Wno-error=unused-parameter -I/builddir/build/BUILD/shim-16.1/Cryptlib/OpenSSL -I/builddir/build/BUILD/shim-16.1/Cryptlib -I/builddir/build/BUILD/shim-16.1/Cryptlib/OpenSSL/Include/ -I/builddir/build/BUILD/shim-16.1/Cryptlib/OpenSSL/crypto -I/builddir/build/BUILD/shim-16.1/Cryptlib/Include -I/builddir/build/BUILD/shim-16.1/gnu-efi/inc -I/builddir/build/BUILD/shim-16.1/gnu-efi/inc/aarch64 -I/builddir/build/BUILD/shim-16.1/gnu-efi/inc/protocol -I/builddir/build/BUILD/shim-16.1/Cryptlib/OpenSSL/crypto/asn1 -I/builddir/build/BUILD/shim-16.1/Cryptlib/OpenSSL/crypto/evp -I/builddir/build/BUILD/shim-16.1/Cryptlib/OpenSSL/crypto/modes -I/builddir/build/BUILD/shim-16.1/Cryptlib/OpenSSL/crypto/include -isystem /builddir/build/BUILD/shim-16.1/include/system -isystem /usr/lib/gcc/aarch64-redhat-linux/11/include -DL_ENDIAN -D_CRT_SECURE_NO_DEPRECATE -D_CRT_NONSTDC_NO_DEPRECATE -DOPENSSL_SMALL_FOOTPRINT -DPEDANTIC -DMDE_CPU_AARCH64   -c -o crypto/bio/bf_buff.o /builddir/build/BUILD/shim-16.1/Cryptlib/OpenSSL/crypto/bio/bf_buff.c
DEBUG util.py:461:  gcc -std=gnu11 -ggdb -gdwarf-4 -gstrict-dwarf -ffreestanding -fmacro-prefix-map=/builddir/build/BUILD/shim-16.1/= -fno-stack-protector -fno-strict-aliasing -fpic -fshort-wchar -nostdinc -Os -Wall -Wextra -Wno-missing-field-initializers -Wno-empty-body -Wno-implicit-fallthrough -Wno-old-style-declaration -Wno-unused-but-set-variable -Wno-unused-parameter -Werror -Wno-error=unused-but-set-variable -Wno-error=unused-parameter -I/builddir/build/BUILD/shim-16.1/Cryptlib/OpenSSL -I/builddir/build/BUILD/shim-16.1/Cryptlib -I/builddir/build/BUILD/shim-16.1/Cryptlib/OpenSSL/Include/ -I/builddir/build/BUILD/shim-16.1/Cryptlib/OpenSSL/crypto -I/builddir/build/BUILD/shim-16.1/Cryptlib/Include -I/builddir/build/BUILD/shim-16.1/gnu-efi/inc -I/builddir/build/BUILD/shim-16.1/gnu-efi/inc/aarch64 -I/builddir/build/BUILD/shim-16.1/gnu-efi/inc/protocol -I/builddir/build/BUILD/shim-16.1/Cryptlib/OpenSSL/crypto/asn1 -I/builddir/build/BUILD/shim-16.1/Cryptlib/OpenSSL/crypto/evp -I/builddir/build/BUILD/shim-16.1/Cryptlib/OpenSSL/crypto/modes -I/builddir/build/BUILD/shim-16.1/Cryptlib/OpenSSL/crypto/include -isystem /builddir/build/BUILD/shim-16.1/include/system -isystem /usr/lib/gcc/aarch64-redhat-linux/11/include -DL_ENDIAN -D_CRT_SECURE_NO_DEPRECATE -D_CRT_NONSTDC_NO_DEPRECATE -DOPENSSL_SMALL_FOOTPRINT -DPEDANTIC -DMDE_CPU_AARCH64   -c -o crypto/bio/b_dump.o /builddir/build/BUILD/shim-16.1/Cryptlib/OpenSSL/crypto/bio/b_dump.c
DEBUG util.py:461:  gcc -std=gnu11 -ggdb -gdwarf-4 -gstrict-dwarf -ffreestanding -fmacro-prefix-map=/builddir/build/BUILD/shim-16.1/= -fno-stack-protector -fno-strict-aliasing -fpic -fshort-wchar -nostdinc -Os -Wall -Wextra -Wno-missing-field-initializers -Wno-empty-body -Wno-implicit-fallthrough -Wno-old-style-declaration -Wno-unused-but-set-variable -Wno-unused-parameter -Werror -Wno-error=unused-but-set-variable -Wno-error=unused-parameter -I/builddir/build/BUILD/shim-16.1/Cryptlib/OpenSSL -I/builddir/build/BUILD/shim-16.1/Cryptlib -I/builddir/build/BUILD/shim-16.1/Cryptlib/OpenSSL/Include/ -I/builddir/build/BUILD/shim-16.1/Cryptlib/OpenSSL/crypto -I/builddir/build/BUILD/shim-16.1/Cryptlib/Include -I/builddir/build/BUILD/shim-16.1/gnu-efi/inc -I/builddir/build/BUILD/shim-16.1/gnu-efi/inc/aarch64 -I/builddir/build/BUILD/shim-16.1/gnu-efi/inc/protocol -I/builddir/build/BUILD/shim-16.1/Cryptlib/OpenSSL/crypto/asn1 -I/builddir/build/BUILD/shim-16.1/Cryptlib/OpenSSL/crypto/evp -I/builddir/build/BUILD/shim-16.1/Cryptlib/OpenSSL/crypto/modes -I/builddir/build/BUILD/shim-16.1/Cryptlib/OpenSSL/crypto/include -isystem /builddir/build/BUILD/shim-16.1/include/system -isystem /usr/lib/gcc/aarch64-redhat-linux/11/include -DL_ENDIAN -D_CRT_SECURE_NO_DEPRECATE -D_CRT_NONSTDC_NO_DEPRECATE -DOPENSSL_SMALL_FOOTPRINT -DPEDANTIC -DMDE_CPU_AARCH64   -c -o crypto/bio/b_print.o /builddir/build/BUILD/shim-16.1/Cryptlib/OpenSSL/crypto/bio/b_print.c
DEBUG util.py:461:  gcc -std=gnu11 -ggdb -gdwarf-4 -gstrict-dwarf -ffreestanding -fmacro-prefix-map=/builddir/build/BUILD/shim-16.1/= -fno-stack-protector -fno-strict-aliasing -fpic -fshort-wchar -nostdinc -Os -Wall -Wextra -Wno-missing-field-initializers -Wno-empty-body -Wno-implicit-fallthrough -Wno-old-style-declaration -Wno-unused-but-set-variable -Wno-unused-parameter -Werror -Wno-error=unused-but-set-variable -Wno-error=unused-parameter -I/builddir/build/BUILD/shim-16.1/Cryptlib/OpenSSL -I/builddir/build/BUILD/shim-16.1/Cryptlib -I/builddir/build/BUILD/shim-16.1/Cryptlib/OpenSSL/Include/ -I/builddir/build/BUILD/shim-16.1/Cryptlib/OpenSSL/crypto -I/builddir/build/BUILD/shim-16.1/Cryptlib/Include -I/builddir/build/BUILD/shim-16.1/gnu-efi/inc -I/builddir/build/BUILD/shim-16.1/gnu-efi/inc/aarch64 -I/builddir/build/BUILD/shim-16.1/gnu-efi/inc/protocol -I/builddir/build/BUILD/shim-16.1/Cryptlib/OpenSSL/crypto/asn1 -I/builddir/build/BUILD/shim-16.1/Cryptlib/OpenSSL/crypto/evp -I/builddir/build/BUILD/shim-16.1/Cryptlib/OpenSSL/crypto/modes -I/builddir/build/BUILD/shim-16.1/Cryptlib/OpenSSL/crypto/include -isystem /builddir/build/BUILD/shim-16.1/include/system -isystem /usr/lib/gcc/aarch64-redhat-linux/11/include -DL_ENDIAN -D_CRT_SECURE_NO_DEPRECATE -D_CRT_NONSTDC_NO_DEPRECATE -DOPENSSL_SMALL_FOOTPRINT -DPEDANTIC -DMDE_CPU_AARCH64   -c -o crypto/bio/b_sock.o /builddir/build/BUILD/shim-16.1/Cryptlib/OpenSSL/crypto/bio/b_sock.c
DEBUG util.py:461:  gcc -std=gnu11 -ggdb -gdwarf-4 -gstrict-dwarf -ffreestanding -fmacro-prefix-map=/builddir/build/BUILD/shim-16.1/= -fno-stack-protector -fno-strict-aliasing -fpic -fshort-wchar -nostdinc -Os -Wall -Wextra -Wno-missing-field-initializers -Wno-empty-body -Wno-implicit-fallthrough -Wno-old-style-declaration -Wno-unused-but-set-variable -Wno-unused-parameter -Werror -Wno-error=unused-but-set-variable -Wno-error=unused-parameter -I/builddir/build/BUILD/shim-16.1/Cryptlib/OpenSSL -I/builddir/build/BUILD/shim-16.1/Cryptlib -I/builddir/build/BUILD/shim-16.1/Cryptlib/OpenSSL/Include/ -I/builddir/build/BUILD/shim-16.1/Cryptlib/OpenSSL/crypto -I/builddir/build/BUILD/shim-16.1/Cryptlib/Include -I/builddir/build/BUILD/shim-16.1/gnu-efi/inc -I/builddir/build/BUILD/shim-16.1/gnu-efi/inc/aarch64 -I/builddir/build/BUILD/shim-16.1/gnu-efi/inc/protocol -I/builddir/build/BUILD/shim-16.1/Cryptlib/OpenSSL/crypto/asn1 -I/builddir/build/BUILD/shim-16.1/Cryptlib/OpenSSL/crypto/evp -I/builddir/build/BUILD/shim-16.1/Cryptlib/OpenSSL/crypto/modes -I/builddir/build/BUILD/shim-16.1/Cryptlib/OpenSSL/crypto/include -isystem /builddir/build/BUILD/shim-16.1/include/system -isystem /usr/lib/gcc/aarch64-redhat-linux/11/include -DL_ENDIAN -D_CRT_SECURE_NO_DEPRECATE -D_CRT_NONSTDC_NO_DEPRECATE -DOPENSSL_SMALL_FOOTPRINT -DPEDANTIC -DMDE_CPU_AARCH64   -c -o crypto/bio/bss_acpt.o /builddir/build/BUILD/shim-16.1/Cryptlib/OpenSSL/crypto/bio/bss_acpt.c
DEBUG util.py:461:  gcc -std=gnu11 -ggdb -gdwarf-4 -gstrict-dwarf -ffreestanding -fmacro-prefix-map=/builddir/build/BUILD/shim-16.1/= -fno-stack-protector -fno-strict-aliasing -fpic -fshort-wchar -nostdinc -Os -Wall -Wextra -Wno-missing-field-initializers -Wno-empty-body -Wno-implicit-fallthrough -Wno-old-style-declaration -Wno-unused-but-set-variable -Wno-unused-parameter -Werror -Wno-error=unused-but-set-variable -Wno-error=unused-parameter -I/builddir/build/BUILD/shim-16.1/Cryptlib/OpenSSL -I/builddir/build/BUILD/shim-16.1/Cryptlib -I/builddir/build/BUILD/shim-16.1/Cryptlib/OpenSSL/Include/ -I/builddir/build/BUILD/shim-16.1/Cryptlib/OpenSSL/crypto -I/builddir/build/BUILD/shim-16.1/Cryptlib/Include -I/builddir/build/BUILD/shim-16.1/gnu-efi/inc -I/builddir/build/BUILD/shim-16.1/gnu-efi/inc/aarch64 -I/builddir/build/BUILD/shim-16.1/gnu-efi/inc/protocol -I/builddir/build/BUILD/shim-16.1/Cryptlib/OpenSSL/crypto/asn1 -I/builddir/build/BUILD/shim-16.1/Cryptlib/OpenSSL/crypto/evp -I/builddir/build/BUILD/shim-16.1/Cryptlib/OpenSSL/crypto/modes -I/builddir/build/BUILD/shim-16.1/Cryptlib/OpenSSL/crypto/include -isystem /builddir/build/BUILD/shim-16.1/include/system -isystem /usr/lib/gcc/aarch64-redhat-linux/11/include -DL_ENDIAN -D_CRT_SECURE_NO_DEPRECATE -D_CRT_NONSTDC_NO_DEPRECATE -DOPENSSL_SMALL_FOOTPRINT -DPEDANTIC -DMDE_CPU_AARCH64   -c -o crypto/bio/bf_nbio.o /builddir/build/BUILD/shim-16.1/Cryptlib/OpenSSL/crypto/bio/bf_nbio.c
DEBUG util.py:461:  gcc -std=gnu11 -ggdb -gdwarf-4 -gstrict-dwarf -ffreestanding -fmacro-prefix-map=/builddir/build/BUILD/shim-16.1/= -fno-stack-protector -fno-strict-aliasing -fpic -fshort-wchar -nostdinc -Os -Wall -Wextra -Wno-missing-field-initializers -Wno-empty-body -Wno-implicit-fallthrough -Wno-old-style-declaration -Wno-unused-but-set-variable -Wno-unused-parameter -Werror -Wno-error=unused-but-set-variable -Wno-error=unused-parameter -I/builddir/build/BUILD/shim-16.1/Cryptlib/OpenSSL -I/builddir/build/BUILD/shim-16.1/Cryptlib -I/builddir/build/BUILD/shim-16.1/Cryptlib/OpenSSL/Include/ -I/builddir/build/BUILD/shim-16.1/Cryptlib/OpenSSL/crypto -I/builddir/build/BUILD/shim-16.1/Cryptlib/Include -I/builddir/build/BUILD/shim-16.1/gnu-efi/inc -I/builddir/build/BUILD/shim-16.1/gnu-efi/inc/aarch64 -I/builddir/build/BUILD/shim-16.1/gnu-efi/inc/protocol -I/builddir/build/BUILD/shim-16.1/Cryptlib/OpenSSL/crypto/asn1 -I/builddir/build/BUILD/shim-16.1/Cryptlib/OpenSSL/crypto/evp -I/builddir/build/BUILD/shim-16.1/Cryptlib/OpenSSL/crypto/modes -I/builddir/build/BUILD/shim-16.1/Cryptlib/OpenSSL/crypto/include -isystem /builddir/build/BUILD/shim-16.1/include/system -isystem /usr/lib/gcc/aarch64-redhat-linux/11/include -DL_ENDIAN -D_CRT_SECURE_NO_DEPRECATE -D_CRT_NONSTDC_NO_DEPRECATE -DOPENSSL_SMALL_FOOTPRINT -DPEDANTIC -DMDE_CPU_AARCH64   -c -o crypto/bio/bss_log.o /builddir/build/BUILD/shim-16.1/Cryptlib/OpenSSL/crypto/bio/bss_log.c
DEBUG util.py:461:  gcc -std=gnu11 -ggdb -gdwarf-4 -gstrict-dwarf -ffreestanding -fmacro-prefix-map=/builddir/build/BUILD/shim-16.1/= -fno-stack-protector -fno-strict-aliasing -fpic -fshort-wchar -nostdinc -Os -Wall -Wextra -Wno-missing-field-initializers -Wno-empty-body -Wno-implicit-fallthrough -Wno-old-style-declaration -Wno-unused-but-set-variable -Wno-unused-parameter -Werror -Wno-error=unused-but-set-variable -Wno-error=unused-parameter -I/builddir/build/BUILD/shim-16.1/Cryptlib/OpenSSL -I/builddir/build/BUILD/shim-16.1/Cryptlib -I/builddir/build/BUILD/shim-16.1/Cryptlib/OpenSSL/Include/ -I/builddir/build/BUILD/shim-16.1/Cryptlib/OpenSSL/crypto -I/builddir/build/BUILD/shim-16.1/Cryptlib/Include -I/builddir/build/BUILD/shim-16.1/gnu-efi/inc -I/builddir/build/BUILD/shim-16.1/gnu-efi/inc/aarch64 -I/builddir/build/BUILD/shim-16.1/gnu-efi/inc/protocol -I/builddir/build/BUILD/shim-16.1/Cryptlib/OpenSSL/crypto/asn1 -I/builddir/build/BUILD/shim-16.1/Cryptlib/OpenSSL/crypto/evp -I/builddir/build/BUILD/shim-16.1/Cryptlib/OpenSSL/crypto/modes -I/builddir/build/BUILD/shim-16.1/Cryptlib/OpenSSL/crypto/include -isystem /builddir/build/BUILD/shim-16.1/include/system -isystem /usr/lib/gcc/aarch64-redhat-linux/11/include -DL_ENDIAN -D_CRT_SECURE_NO_DEPRECATE -D_CRT_NONSTDC_NO_DEPRECATE -DOPENSSL_SMALL_FOOTPRINT -DPEDANTIC -DMDE_CPU_AARCH64   -c -o crypto/bio/bss_bio.o /builddir/build/BUILD/shim-16.1/Cryptlib/OpenSSL/crypto/bio/bss_bio.c
DEBUG util.py:461:  gcc -std=gnu11 -ggdb -gdwarf-4 -gstrict-dwarf -ffreestanding -fmacro-prefix-map=/builddir/build/BUILD/shim-16.1/= -fno-stack-protector -fno-strict-aliasing -fpic -fshort-wchar -nostdinc -Os -Wall -Wextra -Wno-missing-field-initializers -Wno-empty-body -Wno-implicit-fallthrough -Wno-old-style-declaration -Wno-unused-but-set-variable -Wno-unused-parameter -Werror -Wno-error=unused-but-set-variable -Wno-error=unused-parameter -I/builddir/build/BUILD/shim-16.1/Cryptlib/OpenSSL -I/builddir/build/BUILD/shim-16.1/Cryptlib -I/builddir/build/BUILD/shim-16.1/Cryptlib/OpenSSL/Include/ -I/builddir/build/BUILD/shim-16.1/Cryptlib/OpenSSL/crypto -I/builddir/build/BUILD/shim-16.1/Cryptlib/Include -I/builddir/build/BUILD/shim-16.1/gnu-efi/inc -I/builddir/build/BUILD/shim-16.1/gnu-efi/inc/aarch64 -I/builddir/build/BUILD/shim-16.1/gnu-efi/inc/protocol -I/builddir/build/BUILD/shim-16.1/Cryptlib/OpenSSL/crypto/asn1 -I/builddir/build/BUILD/shim-16.1/Cryptlib/OpenSSL/crypto/evp -I/builddir/build/BUILD/shim-16.1/Cryptlib/OpenSSL/crypto/modes -I/builddir/build/BUILD/shim-16.1/Cryptlib/OpenSSL/crypto/include -isystem /builddir/build/BUILD/shim-16.1/include/system -isystem /usr/lib/gcc/aarch64-redhat-linux/11/include -DL_ENDIAN -D_CRT_SECURE_NO_DEPRECATE -D_CRT_NONSTDC_NO_DEPRECATE -DOPENSSL_SMALL_FOOTPRINT -DPEDANTIC -DMDE_CPU_AARCH64   -c -o crypto/bio/bss_dgram.o /builddir/build/BUILD/shim-16.1/Cryptlib/OpenSSL/crypto/bio/bss_dgram.c
DEBUG util.py:461:  gcc -std=gnu11 -ggdb -gdwarf-4 -gstrict-dwarf -ffreestanding -fmacro-prefix-map=/builddir/build/BUILD/shim-16.1/= -fno-stack-protector -fno-strict-aliasing -fpic -fshort-wchar -nostdinc -Os -Wall -Wextra -Wno-missing-field-initializers -Wno-empty-body -Wno-implicit-fallthrough -Wno-old-style-declaration -Wno-unused-but-set-variable -Wno-unused-parameter -Werror -Wno-error=unused-but-set-variable -Wno-error=unused-parameter -I/builddir/build/BUILD/shim-16.1/Cryptlib/OpenSSL -I/builddir/build/BUILD/shim-16.1/Cryptlib -I/builddir/build/BUILD/shim-16.1/Cryptlib/OpenSSL/Include/ -I/builddir/build/BUILD/shim-16.1/Cryptlib/OpenSSL/crypto -I/builddir/build/BUILD/shim-16.1/Cryptlib/Include -I/builddir/build/BUILD/shim-16.1/gnu-efi/inc -I/builddir/build/BUILD/shim-16.1/gnu-efi/inc/aarch64 -I/builddir/build/BUILD/shim-16.1/gnu-efi/inc/protocol -I/builddir/build/BUILD/shim-16.1/Cryptlib/OpenSSL/crypto/asn1 -I/builddir/build/BUILD/shim-16.1/Cryptlib/OpenSSL/crypto/evp -I/builddir/build/BUILD/shim-16.1/Cryptlib/OpenSSL/crypto/modes -I/builddir/build/BUILD/shim-16.1/Cryptlib/OpenSSL/crypto/include -isystem /builddir/build/BUILD/shim-16.1/include/system -isystem /usr/lib/gcc/aarch64-redhat-linux/11/include -DL_ENDIAN -D_CRT_SECURE_NO_DEPRECATE -D_CRT_NONSTDC_NO_DEPRECATE -DOPENSSL_SMALL_FOOTPRINT -DPEDANTIC -DMDE_CPU_AARCH64   -c -o crypto/stack/stack.o /builddir/build/BUILD/shim-16.1/Cryptlib/OpenSSL/crypto/stack/stack.c
DEBUG util.py:461:  gcc -std=gnu11 -ggdb -gdwarf-4 -gstrict-dwarf -ffreestanding -fmacro-prefix-map=/builddir/build/BUILD/shim-16.1/= -fno-stack-protector -fno-strict-aliasing -fpic -fshort-wchar -nostdinc -Os -Wall -Wextra -Wno-missing-field-initializers -Wno-empty-body -Wno-implicit-fallthrough -Wno-old-style-declaration -Wno-unused-but-set-variable -Wno-unused-parameter -Werror -Wno-error=unused-but-set-variable -Wno-error=unused-parameter -I/builddir/build/BUILD/shim-16.1/Cryptlib/OpenSSL -I/builddir/build/BUILD/shim-16.1/Cryptlib -I/builddir/build/BUILD/shim-16.1/Cryptlib/OpenSSL/Include/ -I/builddir/build/BUILD/shim-16.1/Cryptlib/OpenSSL/crypto -I/builddir/build/BUILD/shim-16.1/Cryptlib/Include -I/builddir/build/BUILD/shim-16.1/gnu-efi/inc -I/builddir/build/BUILD/shim-16.1/gnu-efi/inc/aarch64 -I/builddir/build/BUILD/shim-16.1/gnu-efi/inc/protocol -I/builddir/build/BUILD/shim-16.1/Cryptlib/OpenSSL/crypto/asn1 -I/builddir/build/BUILD/shim-16.1/Cryptlib/OpenSSL/crypto/evp -I/builddir/build/BUILD/shim-16.1/Cryptlib/OpenSSL/crypto/modes -I/builddir/build/BUILD/shim-16.1/Cryptlib/OpenSSL/crypto/include -isystem /builddir/build/BUILD/shim-16.1/include/system -isystem /usr/lib/gcc/aarch64-redhat-linux/11/include -DL_ENDIAN -D_CRT_SECURE_NO_DEPRECATE -D_CRT_NONSTDC_NO_DEPRECATE -DOPENSSL_SMALL_FOOTPRINT -DPEDANTIC -DMDE_CPU_AARCH64   -c -o crypto/lhash/lhash.o /builddir/build/BUILD/shim-16.1/Cryptlib/OpenSSL/crypto/lhash/lhash.c
DEBUG util.py:461:  gcc -std=gnu11 -ggdb -gdwarf-4 -gstrict-dwarf -ffreestanding -fmacro-prefix-map=/builddir/build/BUILD/shim-16.1/= -fno-stack-protector -fno-strict-aliasing -fpic -fshort-wchar -nostdinc -Os -Wall -Wextra -Wno-missing-field-initializers -Wno-empty-body -Wno-implicit-fallthrough -Wno-old-style-declaration -Wno-unused-but-set-variable -Wno-unused-parameter -Werror -Wno-error=unused-but-set-variable -Wno-error=unused-parameter -I/builddir/build/BUILD/shim-16.1/Cryptlib/OpenSSL -I/builddir/build/BUILD/shim-16.1/Cryptlib -I/builddir/build/BUILD/shim-16.1/Cryptlib/OpenSSL/Include/ -I/builddir/build/BUILD/shim-16.1/Cryptlib/OpenSSL/crypto -I/builddir/build/BUILD/shim-16.1/Cryptlib/Include -I/builddir/build/BUILD/shim-16.1/gnu-efi/inc -I/builddir/build/BUILD/shim-16.1/gnu-efi/inc/aarch64 -I/builddir/build/BUILD/shim-16.1/gnu-efi/inc/protocol -I/builddir/build/BUILD/shim-16.1/Cryptlib/OpenSSL/crypto/asn1 -I/builddir/build/BUILD/shim-16.1/Cryptlib/OpenSSL/crypto/evp -I/builddir/build/BUILD/shim-16.1/Cryptlib/OpenSSL/crypto/modes -I/builddir/build/BUILD/shim-16.1/Cryptlib/OpenSSL/crypto/include -isystem /builddir/build/BUILD/shim-16.1/include/system -isystem /usr/lib/gcc/aarch64-redhat-linux/11/include -DL_ENDIAN -D_CRT_SECURE_NO_DEPRECATE -D_CRT_NONSTDC_NO_DEPRECATE -DOPENSSL_SMALL_FOOTPRINT -DPEDANTIC -DMDE_CPU_AARCH64   -c -o crypto/lhash/lh_stats.o /builddir/build/BUILD/shim-16.1/Cryptlib/OpenSSL/crypto/lhash/lh_stats.c
DEBUG util.py:461:  gcc -std=gnu11 -ggdb -gdwarf-4 -gstrict-dwarf -ffreestanding -fmacro-prefix-map=/builddir/build/BUILD/shim-16.1/= -fno-stack-protector -fno-strict-aliasing -fpic -fshort-wchar -nostdinc -Os -Wall -Wextra -Wno-missing-field-initializers -Wno-empty-body -Wno-implicit-fallthrough -Wno-old-style-declaration -Wno-unused-but-set-variable -Wno-unused-parameter -Werror -Wno-error=unused-but-set-variable -Wno-error=unused-parameter -I/builddir/build/BUILD/shim-16.1/Cryptlib/OpenSSL -I/builddir/build/BUILD/shim-16.1/Cryptlib -I/builddir/build/BUILD/shim-16.1/Cryptlib/OpenSSL/Include/ -I/builddir/build/BUILD/shim-16.1/Cryptlib/OpenSSL/crypto -I/builddir/build/BUILD/shim-16.1/Cryptlib/Include -I/builddir/build/BUILD/shim-16.1/gnu-efi/inc -I/builddir/build/BUILD/shim-16.1/gnu-efi/inc/aarch64 -I/builddir/build/BUILD/shim-16.1/gnu-efi/inc/protocol -I/builddir/build/BUILD/shim-16.1/Cryptlib/OpenSSL/crypto/asn1 -I/builddir/build/BUILD/shim-16.1/Cryptlib/OpenSSL/crypto/evp -I/builddir/build/BUILD/shim-16.1/Cryptlib/OpenSSL/crypto/modes -I/builddir/build/BUILD/shim-16.1/Cryptlib/OpenSSL/crypto/include -isystem /builddir/build/BUILD/shim-16.1/include/system -isystem /usr/lib/gcc/aarch64-redhat-linux/11/include -DL_ENDIAN -D_CRT_SECURE_NO_DEPRECATE -D_CRT_NONSTDC_NO_DEPRECATE -DOPENSSL_SMALL_FOOTPRINT -DPEDANTIC -DMDE_CPU_AARCH64   -c -o crypto/rand/md_rand.o /builddir/build/BUILD/shim-16.1/Cryptlib/OpenSSL/crypto/rand/md_rand.c
DEBUG util.py:461:  gcc -std=gnu11 -ggdb -gdwarf-4 -gstrict-dwarf -ffreestanding -fmacro-prefix-map=/builddir/build/BUILD/shim-16.1/= -fno-stack-protector -fno-strict-aliasing -fpic -fshort-wchar -nostdinc -Os -Wall -Wextra -Wno-missing-field-initializers -Wno-empty-body -Wno-implicit-fallthrough -Wno-old-style-declaration -Wno-unused-but-set-variable -Wno-unused-parameter -Werror -Wno-error=unused-but-set-variable -Wno-error=unused-parameter -I/builddir/build/BUILD/shim-16.1/Cryptlib/OpenSSL -I/builddir/build/BUILD/shim-16.1/Cryptlib -I/builddir/build/BUILD/shim-16.1/Cryptlib/OpenSSL/Include/ -I/builddir/build/BUILD/shim-16.1/Cryptlib/OpenSSL/crypto -I/builddir/build/BUILD/shim-16.1/Cryptlib/Include -I/builddir/build/BUILD/shim-16.1/gnu-efi/inc -I/builddir/build/BUILD/shim-16.1/gnu-efi/inc/aarch64 -I/builddir/build/BUILD/shim-16.1/gnu-efi/inc/protocol -I/builddir/build/BUILD/shim-16.1/Cryptlib/OpenSSL/crypto/asn1 -I/builddir/build/BUILD/shim-16.1/Cryptlib/OpenSSL/crypto/evp -I/builddir/build/BUILD/shim-16.1/Cryptlib/OpenSSL/crypto/modes -I/builddir/build/BUILD/shim-16.1/Cryptlib/OpenSSL/crypto/include -isystem /builddir/build/BUILD/shim-16.1/include/system -isystem /usr/lib/gcc/aarch64-redhat-linux/11/include -DL_ENDIAN -D_CRT_SECURE_NO_DEPRECATE -D_CRT_NONSTDC_NO_DEPRECATE -DOPENSSL_SMALL_FOOTPRINT -DPEDANTIC -DMDE_CPU_AARCH64   -c -o crypto/rand/randfile.o /builddir/build/BUILD/shim-16.1/Cryptlib/OpenSSL/crypto/rand/randfile.c
DEBUG util.py:461:  gcc -std=gnu11 -ggdb -gdwarf-4 -gstrict-dwarf -ffreestanding -fmacro-prefix-map=/builddir/build/BUILD/shim-16.1/= -fno-stack-protector -fno-strict-aliasing -fpic -fshort-wchar -nostdinc -Os -Wall -Wextra -Wno-missing-field-initializers -Wno-empty-body -Wno-implicit-fallthrough -Wno-old-style-declaration -Wno-unused-but-set-variable -Wno-unused-parameter -Werror -Wno-error=unused-but-set-variable -Wno-error=unused-parameter -I/builddir/build/BUILD/shim-16.1/Cryptlib/OpenSSL -I/builddir/build/BUILD/shim-16.1/Cryptlib -I/builddir/build/BUILD/shim-16.1/Cryptlib/OpenSSL/Include/ -I/builddir/build/BUILD/shim-16.1/Cryptlib/OpenSSL/crypto -I/builddir/build/BUILD/shim-16.1/Cryptlib/Include -I/builddir/build/BUILD/shim-16.1/gnu-efi/inc -I/builddir/build/BUILD/shim-16.1/gnu-efi/inc/aarch64 -I/builddir/build/BUILD/shim-16.1/gnu-efi/inc/protocol -I/builddir/build/BUILD/shim-16.1/Cryptlib/OpenSSL/crypto/asn1 -I/builddir/build/BUILD/shim-16.1/Cryptlib/OpenSSL/crypto/evp -I/builddir/build/BUILD/shim-16.1/Cryptlib/OpenSSL/crypto/modes -I/builddir/build/BUILD/shim-16.1/Cryptlib/OpenSSL/crypto/include -isystem /builddir/build/BUILD/shim-16.1/include/system -isystem /usr/lib/gcc/aarch64-redhat-linux/11/include -DL_ENDIAN -D_CRT_SECURE_NO_DEPRECATE -D_CRT_NONSTDC_NO_DEPRECATE -DOPENSSL_SMALL_FOOTPRINT -DPEDANTIC -DMDE_CPU_AARCH64   -c -o crypto/rand/rand_lib.o /builddir/build/BUILD/shim-16.1/Cryptlib/OpenSSL/crypto/rand/rand_lib.c
DEBUG util.py:461:  gcc -std=gnu11 -ggdb -gdwarf-4 -gstrict-dwarf -ffreestanding -fmacro-prefix-map=/builddir/build/BUILD/shim-16.1/= -fno-stack-protector -fno-strict-aliasing -fpic -fshort-wchar -nostdinc -Os -Wall -Wextra -Wno-missing-field-initializers -Wno-empty-body -Wno-implicit-fallthrough -Wno-old-style-declaration -Wno-unused-but-set-variable -Wno-unused-parameter -Werror -Wno-error=unused-but-set-variable -Wno-error=unused-parameter -I/builddir/build/BUILD/shim-16.1/Cryptlib/OpenSSL -I/builddir/build/BUILD/shim-16.1/Cryptlib -I/builddir/build/BUILD/shim-16.1/Cryptlib/OpenSSL/Include/ -I/builddir/build/BUILD/shim-16.1/Cryptlib/OpenSSL/crypto -I/builddir/build/BUILD/shim-16.1/Cryptlib/Include -I/builddir/build/BUILD/shim-16.1/gnu-efi/inc -I/builddir/build/BUILD/shim-16.1/gnu-efi/inc/aarch64 -I/builddir/build/BUILD/shim-16.1/gnu-efi/inc/protocol -I/builddir/build/BUILD/shim-16.1/Cryptlib/OpenSSL/crypto/asn1 -I/builddir/build/BUILD/shim-16.1/Cryptlib/OpenSSL/crypto/evp -I/builddir/build/BUILD/shim-16.1/Cryptlib/OpenSSL/crypto/modes -I/builddir/build/BUILD/shim-16.1/Cryptlib/OpenSSL/crypto/include -isystem /builddir/build/BUILD/shim-16.1/include/system -isystem /usr/lib/gcc/aarch64-redhat-linux/11/include -DL_ENDIAN -D_CRT_SECURE_NO_DEPRECATE -D_CRT_NONSTDC_NO_DEPRECATE -DOPENSSL_SMALL_FOOTPRINT -DPEDANTIC -DMDE_CPU_AARCH64   -c -o crypto/rand/rand_err.o /builddir/build/BUILD/shim-16.1/Cryptlib/OpenSSL/crypto/rand/rand_err.c
DEBUG util.py:461:  gcc -std=gnu11 -ggdb -gdwarf-4 -gstrict-dwarf -ffreestanding -fmacro-prefix-map=/builddir/build/BUILD/shim-16.1/= -fno-stack-protector -fno-strict-aliasing -fpic -fshort-wchar -nostdinc -Os -Wall -Wextra -Wno-missing-field-initializers -Wno-empty-body -Wno-implicit-fallthrough -Wno-old-style-declaration -Wno-unused-but-set-variable -Wno-unused-parameter -Werror -Wno-error=unused-but-set-variable -Wno-error=unused-parameter -I/builddir/build/BUILD/shim-16.1/Cryptlib/OpenSSL -I/builddir/build/BUILD/shim-16.1/Cryptlib -I/builddir/build/BUILD/shim-16.1/Cryptlib/OpenSSL/Include/ -I/builddir/build/BUILD/shim-16.1/Cryptlib/OpenSSL/crypto -I/builddir/build/BUILD/shim-16.1/Cryptlib/Include -I/builddir/build/BUILD/shim-16.1/gnu-efi/inc -I/builddir/build/BUILD/shim-16.1/gnu-efi/inc/aarch64 -I/builddir/build/BUILD/shim-16.1/gnu-efi/inc/protocol -I/builddir/build/BUILD/shim-16.1/Cryptlib/OpenSSL/crypto/asn1 -I/builddir/build/BUILD/shim-16.1/Cryptlib/OpenSSL/crypto/evp -I/builddir/build/BUILD/shim-16.1/Cryptlib/OpenSSL/crypto/modes -I/builddir/build/BUILD/shim-16.1/Cryptlib/OpenSSL/crypto/include -isystem /builddir/build/BUILD/shim-16.1/include/system -isystem /usr/lib/gcc/aarch64-redhat-linux/11/include -DL_ENDIAN -D_CRT_SECURE_NO_DEPRECATE -D_CRT_NONSTDC_NO_DEPRECATE -DOPENSSL_SMALL_FOOTPRINT -DPEDANTIC -DMDE_CPU_AARCH64   -c -o crypto/rand/rand_unix.o /builddir/build/BUILD/shim-16.1/Cryptlib/OpenSSL/crypto/rand/rand_unix.c
DEBUG util.py:461:  gcc -std=gnu11 -ggdb -gdwarf-4 -gstrict-dwarf -ffreestanding -fmacro-prefix-map=/builddir/build/BUILD/shim-16.1/= -fno-stack-protector -fno-strict-aliasing -fpic -fshort-wchar -nostdinc -Os -Wall -Wextra -Wno-missing-field-initializers -Wno-empty-body -Wno-implicit-fallthrough -Wno-old-style-declaration -Wno-unused-but-set-variable -Wno-unused-parameter -Werror -Wno-error=unused-but-set-variable -Wno-error=unused-parameter -I/builddir/build/BUILD/shim-16.1/Cryptlib/OpenSSL -I/builddir/build/BUILD/shim-16.1/Cryptlib -I/builddir/build/BUILD/shim-16.1/Cryptlib/OpenSSL/Include/ -I/builddir/build/BUILD/shim-16.1/Cryptlib/OpenSSL/crypto -I/builddir/build/BUILD/shim-16.1/Cryptlib/Include -I/builddir/build/BUILD/shim-16.1/gnu-efi/inc -I/builddir/build/BUILD/shim-16.1/gnu-efi/inc/aarch64 -I/builddir/build/BUILD/shim-16.1/gnu-efi/inc/protocol -I/builddir/build/BUILD/shim-16.1/Cryptlib/OpenSSL/crypto/asn1 -I/builddir/build/BUILD/shim-16.1/Cryptlib/OpenSSL/crypto/evp -I/builddir/build/BUILD/shim-16.1/Cryptlib/OpenSSL/crypto/modes -I/builddir/build/BUILD/shim-16.1/Cryptlib/OpenSSL/crypto/include -isystem /builddir/build/BUILD/shim-16.1/include/system -isystem /usr/lib/gcc/aarch64-redhat-linux/11/include -DL_ENDIAN -D_CRT_SECURE_NO_DEPRECATE -D_CRT_NONSTDC_NO_DEPRECATE -DOPENSSL_SMALL_FOOTPRINT -DPEDANTIC -DMDE_CPU_AARCH64   -c -o crypto/err/err.o /builddir/build/BUILD/shim-16.1/Cryptlib/OpenSSL/crypto/err/err.c
DEBUG util.py:461:  gcc -std=gnu11 -ggdb -gdwarf-4 -gstrict-dwarf -ffreestanding -fmacro-prefix-map=/builddir/build/BUILD/shim-16.1/= -fno-stack-protector -fno-strict-aliasing -fpic -fshort-wchar -nostdinc -Os -Wall -Wextra -Wno-missing-field-initializers -Wno-empty-body -Wno-implicit-fallthrough -Wno-old-style-declaration -Wno-unused-but-set-variable -Wno-unused-parameter -Werror -Wno-error=unused-but-set-variable -Wno-error=unused-parameter -I/builddir/build/BUILD/shim-16.1/Cryptlib/OpenSSL -I/builddir/build/BUILD/shim-16.1/Cryptlib -I/builddir/build/BUILD/shim-16.1/Cryptlib/OpenSSL/Include/ -I/builddir/build/BUILD/shim-16.1/Cryptlib/OpenSSL/crypto -I/builddir/build/BUILD/shim-16.1/Cryptlib/Include -I/builddir/build/BUILD/shim-16.1/gnu-efi/inc -I/builddir/build/BUILD/shim-16.1/gnu-efi/inc/aarch64 -I/builddir/build/BUILD/shim-16.1/gnu-efi/inc/protocol -I/builddir/build/BUILD/shim-16.1/Cryptlib/OpenSSL/crypto/asn1 -I/builddir/build/BUILD/shim-16.1/Cryptlib/OpenSSL/crypto/evp -I/builddir/build/BUILD/shim-16.1/Cryptlib/OpenSSL/crypto/modes -I/builddir/build/BUILD/shim-16.1/Cryptlib/OpenSSL/crypto/include -isystem /builddir/build/BUILD/shim-16.1/include/system -isystem /usr/lib/gcc/aarch64-redhat-linux/11/include -DL_ENDIAN -D_CRT_SECURE_NO_DEPRECATE -D_CRT_NONSTDC_NO_DEPRECATE -DOPENSSL_SMALL_FOOTPRINT -DPEDANTIC -DMDE_CPU_AARCH64   -c -o crypto/err/err_all.o /builddir/build/BUILD/shim-16.1/Cryptlib/OpenSSL/crypto/err/err_all.c
DEBUG util.py:461:  gcc -std=gnu11 -ggdb -gdwarf-4 -gstrict-dwarf -ffreestanding -fmacro-prefix-map=/builddir/build/BUILD/shim-16.1/= -fno-stack-protector -fno-strict-aliasing -fpic -fshort-wchar -nostdinc -Os -Wall -Wextra -Wno-missing-field-initializers -Wno-empty-body -Wno-implicit-fallthrough -Wno-old-style-declaration -Wno-unused-but-set-variable -Wno-unused-parameter -Werror -Wno-error=unused-but-set-variable -Wno-error=unused-parameter -I/builddir/build/BUILD/shim-16.1/Cryptlib/OpenSSL -I/builddir/build/BUILD/shim-16.1/Cryptlib -I/builddir/build/BUILD/shim-16.1/Cryptlib/OpenSSL/Include/ -I/builddir/build/BUILD/shim-16.1/Cryptlib/OpenSSL/crypto -I/builddir/build/BUILD/shim-16.1/Cryptlib/Include -I/builddir/build/BUILD/shim-16.1/gnu-efi/inc -I/builddir/build/BUILD/shim-16.1/gnu-efi/inc/aarch64 -I/builddir/build/BUILD/shim-16.1/gnu-efi/inc/protocol -I/builddir/build/BUILD/shim-16.1/Cryptlib/OpenSSL/crypto/asn1 -I/builddir/build/BUILD/shim-16.1/Cryptlib/OpenSSL/crypto/evp -I/builddir/build/BUILD/shim-16.1/Cryptlib/OpenSSL/crypto/modes -I/builddir/build/BUILD/shim-16.1/Cryptlib/OpenSSL/crypto/include -isystem /builddir/build/BUILD/shim-16.1/include/system -isystem /usr/lib/gcc/aarch64-redhat-linux/11/include -DL_ENDIAN -D_CRT_SECURE_NO_DEPRECATE -D_CRT_NONSTDC_NO_DEPRECATE -DOPENSSL_SMALL_FOOTPRINT -DPEDANTIC -DMDE_CPU_AARCH64   -c -o crypto/err/err_prn.o /builddir/build/BUILD/shim-16.1/Cryptlib/OpenSSL/crypto/err/err_prn.c
DEBUG util.py:461:  gcc -std=gnu11 -ggdb -gdwarf-4 -gstrict-dwarf -ffreestanding -fmacro-prefix-map=/builddir/build/BUILD/shim-16.1/= -fno-stack-protector -fno-strict-aliasing -fpic -fshort-wchar -nostdinc -Os -Wall -Wextra -Wno-missing-field-initializers -Wno-empty-body -Wno-implicit-fallthrough -Wno-old-style-declaration -Wno-unused-but-set-variable -Wno-unused-parameter -Werror -Wno-error=unused-but-set-variable -Wno-error=unused-parameter -I/builddir/build/BUILD/shim-16.1/Cryptlib/OpenSSL -I/builddir/build/BUILD/shim-16.1/Cryptlib -I/builddir/build/BUILD/shim-16.1/Cryptlib/OpenSSL/Include/ -I/builddir/build/BUILD/shim-16.1/Cryptlib/OpenSSL/crypto -I/builddir/build/BUILD/shim-16.1/Cryptlib/Include -I/builddir/build/BUILD/shim-16.1/gnu-efi/inc -I/builddir/build/BUILD/shim-16.1/gnu-efi/inc/aarch64 -I/builddir/build/BUILD/shim-16.1/gnu-efi/inc/protocol -I/builddir/build/BUILD/shim-16.1/Cryptlib/OpenSSL/crypto/asn1 -I/builddir/build/BUILD/shim-16.1/Cryptlib/OpenSSL/crypto/evp -I/builddir/build/BUILD/shim-16.1/Cryptlib/OpenSSL/crypto/modes -I/builddir/build/BUILD/shim-16.1/Cryptlib/OpenSSL/crypto/include -isystem /builddir/build/BUILD/shim-16.1/include/system -isystem /usr/lib/gcc/aarch64-redhat-linux/11/include -DL_ENDIAN -D_CRT_SECURE_NO_DEPRECATE -D_CRT_NONSTDC_NO_DEPRECATE -DOPENSSL_SMALL_FOOTPRINT -DPEDANTIC -DMDE_CPU_AARCH64   -c -o crypto/objects/o_names.o /builddir/build/BUILD/shim-16.1/Cryptlib/OpenSSL/crypto/objects/o_names.c
DEBUG util.py:461:  gcc -std=gnu11 -ggdb -gdwarf-4 -gstrict-dwarf -ffreestanding -fmacro-prefix-map=/builddir/build/BUILD/shim-16.1/= -fno-stack-protector -fno-strict-aliasing -fpic -fshort-wchar -nostdinc -Os -Wall -Wextra -Wno-missing-field-initializers -Wno-empty-body -Wno-implicit-fallthrough -Wno-old-style-declaration -Wno-unused-but-set-variable -Wno-unused-parameter -Werror -Wno-error=unused-but-set-variable -Wno-error=unused-parameter -I/builddir/build/BUILD/shim-16.1/Cryptlib/OpenSSL -I/builddir/build/BUILD/shim-16.1/Cryptlib -I/builddir/build/BUILD/shim-16.1/Cryptlib/OpenSSL/Include/ -I/builddir/build/BUILD/shim-16.1/Cryptlib/OpenSSL/crypto -I/builddir/build/BUILD/shim-16.1/Cryptlib/Include -I/builddir/build/BUILD/shim-16.1/gnu-efi/inc -I/builddir/build/BUILD/shim-16.1/gnu-efi/inc/aarch64 -I/builddir/build/BUILD/shim-16.1/gnu-efi/inc/protocol -I/builddir/build/BUILD/shim-16.1/Cryptlib/OpenSSL/crypto/asn1 -I/builddir/build/BUILD/shim-16.1/Cryptlib/OpenSSL/crypto/evp -I/builddir/build/BUILD/shim-16.1/Cryptlib/OpenSSL/crypto/modes -I/builddir/build/BUILD/shim-16.1/Cryptlib/OpenSSL/crypto/include -isystem /builddir/build/BUILD/shim-16.1/include/system -isystem /usr/lib/gcc/aarch64-redhat-linux/11/include -DL_ENDIAN -D_CRT_SECURE_NO_DEPRECATE -D_CRT_NONSTDC_NO_DEPRECATE -DOPENSSL_SMALL_FOOTPRINT -DPEDANTIC -DMDE_CPU_AARCH64   -c -o crypto/objects/obj_dat.o /builddir/build/BUILD/shim-16.1/Cryptlib/OpenSSL/crypto/objects/obj_dat.c
DEBUG util.py:461:  gcc -std=gnu11 -ggdb -gdwarf-4 -gstrict-dwarf -ffreestanding -fmacro-prefix-map=/builddir/build/BUILD/shim-16.1/= -fno-stack-protector -fno-strict-aliasing -fpic -fshort-wchar -nostdinc -Os -Wall -Wextra -Wno-missing-field-initializers -Wno-empty-body -Wno-implicit-fallthrough -Wno-old-style-declaration -Wno-unused-but-set-variable -Wno-unused-parameter -Werror -Wno-error=unused-but-set-variable -Wno-error=unused-parameter -I/builddir/build/BUILD/shim-16.1/Cryptlib/OpenSSL -I/builddir/build/BUILD/shim-16.1/Cryptlib -I/builddir/build/BUILD/shim-16.1/Cryptlib/OpenSSL/Include/ -I/builddir/build/BUILD/shim-16.1/Cryptlib/OpenSSL/crypto -I/builddir/build/BUILD/shim-16.1/Cryptlib/Include -I/builddir/build/BUILD/shim-16.1/gnu-efi/inc -I/builddir/build/BUILD/shim-16.1/gnu-efi/inc/aarch64 -I/builddir/build/BUILD/shim-16.1/gnu-efi/inc/protocol -I/builddir/build/BUILD/shim-16.1/Cryptlib/OpenSSL/crypto/asn1 -I/builddir/build/BUILD/shim-16.1/Cryptlib/OpenSSL/crypto/evp -I/builddir/build/BUILD/shim-16.1/Cryptlib/OpenSSL/crypto/modes -I/builddir/build/BUILD/shim-16.1/Cryptlib/OpenSSL/crypto/include -isystem /builddir/build/BUILD/shim-16.1/include/system -isystem /usr/lib/gcc/aarch64-redhat-linux/11/include -DL_ENDIAN -D_CRT_SECURE_NO_DEPRECATE -D_CRT_NONSTDC_NO_DEPRECATE -DOPENSSL_SMALL_FOOTPRINT -DPEDANTIC -DMDE_CPU_AARCH64   -c -o crypto/objects/obj_lib.o /builddir/build/BUILD/shim-16.1/Cryptlib/OpenSSL/crypto/objects/obj_lib.c
DEBUG util.py:461:  gcc -std=gnu11 -ggdb -gdwarf-4 -gstrict-dwarf -ffreestanding -fmacro-prefix-map=/builddir/build/BUILD/shim-16.1/= -fno-stack-protector -fno-strict-aliasing -fpic -fshort-wchar -nostdinc -Os -Wall -Wextra -Wno-missing-field-initializers -Wno-empty-body -Wno-implicit-fallthrough -Wno-old-style-declaration -Wno-unused-but-set-variable -Wno-unused-parameter -Werror -Wno-error=unused-but-set-variable -Wno-error=unused-parameter -I/builddir/build/BUILD/shim-16.1/Cryptlib/OpenSSL -I/builddir/build/BUILD/shim-16.1/Cryptlib -I/builddir/build/BUILD/shim-16.1/Cryptlib/OpenSSL/Include/ -I/builddir/build/BUILD/shim-16.1/Cryptlib/OpenSSL/crypto -I/builddir/build/BUILD/shim-16.1/Cryptlib/Include -I/builddir/build/BUILD/shim-16.1/gnu-efi/inc -I/builddir/build/BUILD/shim-16.1/gnu-efi/inc/aarch64 -I/builddir/build/BUILD/shim-16.1/gnu-efi/inc/protocol -I/builddir/build/BUILD/shim-16.1/Cryptlib/OpenSSL/crypto/asn1 -I/builddir/build/BUILD/shim-16.1/Cryptlib/OpenSSL/crypto/evp -I/builddir/build/BUILD/shim-16.1/Cryptlib/OpenSSL/crypto/modes -I/builddir/build/BUILD/shim-16.1/Cryptlib/OpenSSL/crypto/include -isystem /builddir/build/BUILD/shim-16.1/include/system -isystem /usr/lib/gcc/aarch64-redhat-linux/11/include -DL_ENDIAN -D_CRT_SECURE_NO_DEPRECATE -D_CRT_NONSTDC_NO_DEPRECATE -DOPENSSL_SMALL_FOOTPRINT -DPEDANTIC -DMDE_CPU_AARCH64   -c -o crypto/objects/obj_err.o /builddir/build/BUILD/shim-16.1/Cryptlib/OpenSSL/crypto/objects/obj_err.c
DEBUG util.py:461:  gcc -std=gnu11 -ggdb -gdwarf-4 -gstrict-dwarf -ffreestanding -fmacro-prefix-map=/builddir/build/BUILD/shim-16.1/= -fno-stack-protector -fno-strict-aliasing -fpic -fshort-wchar -nostdinc -Os -Wall -Wextra -Wno-missing-field-initializers -Wno-empty-body -Wno-implicit-fallthrough -Wno-old-style-declaration -Wno-unused-but-set-variable -Wno-unused-parameter -Werror -Wno-error=unused-but-set-variable -Wno-error=unused-parameter -I/builddir/build/BUILD/shim-16.1/Cryptlib/OpenSSL -I/builddir/build/BUILD/shim-16.1/Cryptlib -I/builddir/build/BUILD/shim-16.1/Cryptlib/OpenSSL/Include/ -I/builddir/build/BUILD/shim-16.1/Cryptlib/OpenSSL/crypto -I/builddir/build/BUILD/shim-16.1/Cryptlib/Include -I/builddir/build/BUILD/shim-16.1/gnu-efi/inc -I/builddir/build/BUILD/shim-16.1/gnu-efi/inc/aarch64 -I/builddir/build/BUILD/shim-16.1/gnu-efi/inc/protocol -I/builddir/build/BUILD/shim-16.1/Cryptlib/OpenSSL/crypto/asn1 -I/builddir/build/BUILD/shim-16.1/Cryptlib/OpenSSL/crypto/evp -I/builddir/build/BUILD/shim-16.1/Cryptlib/OpenSSL/crypto/modes -I/builddir/build/BUILD/shim-16.1/Cryptlib/OpenSSL/crypto/include -isystem /builddir/build/BUILD/shim-16.1/include/system -isystem /usr/lib/gcc/aarch64-redhat-linux/11/include -DL_ENDIAN -D_CRT_SECURE_NO_DEPRECATE -D_CRT_NONSTDC_NO_DEPRECATE -DOPENSSL_SMALL_FOOTPRINT -DPEDANTIC -DMDE_CPU_AARCH64   -c -o crypto/objects/obj_xref.o /builddir/build/BUILD/shim-16.1/Cryptlib/OpenSSL/crypto/objects/obj_xref.c
DEBUG util.py:461:  gcc -std=gnu11 -ggdb -gdwarf-4 -gstrict-dwarf -ffreestanding -fmacro-prefix-map=/builddir/build/BUILD/shim-16.1/= -fno-stack-protector -fno-strict-aliasing -fpic -fshort-wchar -nostdinc -Os -Wall -Wextra -Wno-missing-field-initializers -Wno-empty-body -Wno-implicit-fallthrough -Wno-old-style-declaration -Wno-unused-but-set-variable -Wno-unused-parameter -Werror -Wno-error=unused-but-set-variable -Wno-error=unused-parameter -I/builddir/build/BUILD/shim-16.1/Cryptlib/OpenSSL -I/builddir/build/BUILD/shim-16.1/Cryptlib -I/builddir/build/BUILD/shim-16.1/Cryptlib/OpenSSL/Include/ -I/builddir/build/BUILD/shim-16.1/Cryptlib/OpenSSL/crypto -I/builddir/build/BUILD/shim-16.1/Cryptlib/Include -I/builddir/build/BUILD/shim-16.1/gnu-efi/inc -I/builddir/build/BUILD/shim-16.1/gnu-efi/inc/aarch64 -I/builddir/build/BUILD/shim-16.1/gnu-efi/inc/protocol -I/builddir/build/BUILD/shim-16.1/Cryptlib/OpenSSL/crypto/asn1 -I/builddir/build/BUILD/shim-16.1/Cryptlib/OpenSSL/crypto/evp -I/builddir/build/BUILD/shim-16.1/Cryptlib/OpenSSL/crypto/modes -I/builddir/build/BUILD/shim-16.1/Cryptlib/OpenSSL/crypto/include -isystem /builddir/build/BUILD/shim-16.1/include/system -isystem /usr/lib/gcc/aarch64-redhat-linux/11/include -DL_ENDIAN -D_CRT_SECURE_NO_DEPRECATE -D_CRT_NONSTDC_NO_DEPRECATE -DOPENSSL_SMALL_FOOTPRINT -DPEDANTIC -DMDE_CPU_AARCH64   -c -o crypto/evp/encode.o /builddir/build/BUILD/shim-16.1/Cryptlib/OpenSSL/crypto/evp/encode.c
DEBUG util.py:461:  gcc -std=gnu11 -ggdb -gdwarf-4 -gstrict-dwarf -ffreestanding -fmacro-prefix-map=/builddir/build/BUILD/shim-16.1/= -fno-stack-protector -fno-strict-aliasing -fpic -fshort-wchar -nostdinc -Os -Wall -Wextra -Wno-missing-field-initializers -Wno-empty-body -Wno-implicit-fallthrough -Wno-old-style-declaration -Wno-unused-but-set-variable -Wno-unused-parameter -Werror -Wno-error=unused-but-set-variable -Wno-error=unused-parameter -I/builddir/build/BUILD/shim-16.1/Cryptlib/OpenSSL -I/builddir/build/BUILD/shim-16.1/Cryptlib -I/builddir/build/BUILD/shim-16.1/Cryptlib/OpenSSL/Include/ -I/builddir/build/BUILD/shim-16.1/Cryptlib/OpenSSL/crypto -I/builddir/build/BUILD/shim-16.1/Cryptlib/Include -I/builddir/build/BUILD/shim-16.1/gnu-efi/inc -I/builddir/build/BUILD/shim-16.1/gnu-efi/inc/aarch64 -I/builddir/build/BUILD/shim-16.1/gnu-efi/inc/protocol -I/builddir/build/BUILD/shim-16.1/Cryptlib/OpenSSL/crypto/asn1 -I/builddir/build/BUILD/shim-16.1/Cryptlib/OpenSSL/crypto/evp -I/builddir/build/BUILD/shim-16.1/Cryptlib/OpenSSL/crypto/modes -I/builddir/build/BUILD/shim-16.1/Cryptlib/OpenSSL/crypto/include -isystem /builddir/build/BUILD/shim-16.1/include/system -isystem /usr/lib/gcc/aarch64-redhat-linux/11/include -DL_ENDIAN -D_CRT_SECURE_NO_DEPRECATE -D_CRT_NONSTDC_NO_DEPRECATE -DOPENSSL_SMALL_FOOTPRINT -DPEDANTIC -DMDE_CPU_AARCH64   -c -o crypto/evp/digest.o /builddir/build/BUILD/shim-16.1/Cryptlib/OpenSSL/crypto/evp/digest.c
DEBUG util.py:461:  gcc -std=gnu11 -ggdb -gdwarf-4 -gstrict-dwarf -ffreestanding -fmacro-prefix-map=/builddir/build/BUILD/shim-16.1/= -fno-stack-protector -fno-strict-aliasing -fpic -fshort-wchar -nostdinc -Os -Wall -Wextra -Wno-missing-field-initializers -Wno-empty-body -Wno-implicit-fallthrough -Wno-old-style-declaration -Wno-unused-but-set-variable -Wno-unused-parameter -Werror -Wno-error=unused-but-set-variable -Wno-error=unused-parameter -I/builddir/build/BUILD/shim-16.1/Cryptlib/OpenSSL -I/builddir/build/BUILD/shim-16.1/Cryptlib -I/builddir/build/BUILD/shim-16.1/Cryptlib/OpenSSL/Include/ -I/builddir/build/BUILD/shim-16.1/Cryptlib/OpenSSL/crypto -I/builddir/build/BUILD/shim-16.1/Cryptlib/Include -I/builddir/build/BUILD/shim-16.1/gnu-efi/inc -I/builddir/build/BUILD/shim-16.1/gnu-efi/inc/aarch64 -I/builddir/build/BUILD/shim-16.1/gnu-efi/inc/protocol -I/builddir/build/BUILD/shim-16.1/Cryptlib/OpenSSL/crypto/asn1 -I/builddir/build/BUILD/shim-16.1/Cryptlib/OpenSSL/crypto/evp -I/builddir/build/BUILD/shim-16.1/Cryptlib/OpenSSL/crypto/modes -I/builddir/build/BUILD/shim-16.1/Cryptlib/OpenSSL/crypto/include -isystem /builddir/build/BUILD/shim-16.1/include/system -isystem /usr/lib/gcc/aarch64-redhat-linux/11/include -DL_ENDIAN -D_CRT_SECURE_NO_DEPRECATE -D_CRT_NONSTDC_NO_DEPRECATE -DOPENSSL_SMALL_FOOTPRINT -DPEDANTIC -DMDE_CPU_AARCH64   -c -o crypto/evp/evp_enc.o /builddir/build/BUILD/shim-16.1/Cryptlib/OpenSSL/crypto/evp/evp_enc.c
DEBUG util.py:461:  gcc -std=gnu11 -ggdb -gdwarf-4 -gstrict-dwarf -ffreestanding -fmacro-prefix-map=/builddir/build/BUILD/shim-16.1/= -fno-stack-protector -fno-strict-aliasing -fpic -fshort-wchar -nostdinc -Os -Wall -Wextra -Wno-missing-field-initializers -Wno-empty-body -Wno-implicit-fallthrough -Wno-old-style-declaration -Wno-unused-but-set-variable -Wno-unused-parameter -Werror -Wno-error=unused-but-set-variable -Wno-error=unused-parameter -I/builddir/build/BUILD/shim-16.1/Cryptlib/OpenSSL -I/builddir/build/BUILD/shim-16.1/Cryptlib -I/builddir/build/BUILD/shim-16.1/Cryptlib/OpenSSL/Include/ -I/builddir/build/BUILD/shim-16.1/Cryptlib/OpenSSL/crypto -I/builddir/build/BUILD/shim-16.1/Cryptlib/Include -I/builddir/build/BUILD/shim-16.1/gnu-efi/inc -I/builddir/build/BUILD/shim-16.1/gnu-efi/inc/aarch64 -I/builddir/build/BUILD/shim-16.1/gnu-efi/inc/protocol -I/builddir/build/BUILD/shim-16.1/Cryptlib/OpenSSL/crypto/asn1 -I/builddir/build/BUILD/shim-16.1/Cryptlib/OpenSSL/crypto/evp -I/builddir/build/BUILD/shim-16.1/Cryptlib/OpenSSL/crypto/modes -I/builddir/build/BUILD/shim-16.1/Cryptlib/OpenSSL/crypto/include -isystem /builddir/build/BUILD/shim-16.1/include/system -isystem /usr/lib/gcc/aarch64-redhat-linux/11/include -DL_ENDIAN -D_CRT_SECURE_NO_DEPRECATE -D_CRT_NONSTDC_NO_DEPRECATE -DOPENSSL_SMALL_FOOTPRINT -DPEDANTIC -DMDE_CPU_AARCH64   -c -o crypto/evp/evp_key.o /builddir/build/BUILD/shim-16.1/Cryptlib/OpenSSL/crypto/evp/evp_key.c
DEBUG util.py:461:  gcc -std=gnu11 -ggdb -gdwarf-4 -gstrict-dwarf -ffreestanding -fmacro-prefix-map=/builddir/build/BUILD/shim-16.1/= -fno-stack-protector -fno-strict-aliasing -fpic -fshort-wchar -nostdinc -Os -Wall -Wextra -Wno-missing-field-initializers -Wno-empty-body -Wno-implicit-fallthrough -Wno-old-style-declaration -Wno-unused-but-set-variable -Wno-unused-parameter -Werror -Wno-error=unused-but-set-variable -Wno-error=unused-parameter -I/builddir/build/BUILD/shim-16.1/Cryptlib/OpenSSL -I/builddir/build/BUILD/shim-16.1/Cryptlib -I/builddir/build/BUILD/shim-16.1/Cryptlib/OpenSSL/Include/ -I/builddir/build/BUILD/shim-16.1/Cryptlib/OpenSSL/crypto -I/builddir/build/BUILD/shim-16.1/Cryptlib/Include -I/builddir/build/BUILD/shim-16.1/gnu-efi/inc -I/builddir/build/BUILD/shim-16.1/gnu-efi/inc/aarch64 -I/builddir/build/BUILD/shim-16.1/gnu-efi/inc/protocol -I/builddir/build/BUILD/shim-16.1/Cryptlib/OpenSSL/crypto/asn1 -I/builddir/build/BUILD/shim-16.1/Cryptlib/OpenSSL/crypto/evp -I/builddir/build/BUILD/shim-16.1/Cryptlib/OpenSSL/crypto/modes -I/builddir/build/BUILD/shim-16.1/Cryptlib/OpenSSL/crypto/include -isystem /builddir/build/BUILD/shim-16.1/include/system -isystem /usr/lib/gcc/aarch64-redhat-linux/11/include -DL_ENDIAN -D_CRT_SECURE_NO_DEPRECATE -D_CRT_NONSTDC_NO_DEPRECATE -DOPENSSL_SMALL_FOOTPRINT -DPEDANTIC -DMDE_CPU_AARCH64   -c -o crypto/evp/evp_acnf.o /builddir/build/BUILD/shim-16.1/Cryptlib/OpenSSL/crypto/evp/evp_acnf.c
DEBUG util.py:461:  gcc -std=gnu11 -ggdb -gdwarf-4 -gstrict-dwarf -ffreestanding -fmacro-prefix-map=/builddir/build/BUILD/shim-16.1/= -fno-stack-protector -fno-strict-aliasing -fpic -fshort-wchar -nostdinc -Os -Wall -Wextra -Wno-missing-field-initializers -Wno-empty-body -Wno-implicit-fallthrough -Wno-old-style-declaration -Wno-unused-but-set-variable -Wno-unused-parameter -Werror -Wno-error=unused-but-set-variable -Wno-error=unused-parameter -I/builddir/build/BUILD/shim-16.1/Cryptlib/OpenSSL -I/builddir/build/BUILD/shim-16.1/Cryptlib -I/builddir/build/BUILD/shim-16.1/Cryptlib/OpenSSL/Include/ -I/builddir/build/BUILD/shim-16.1/Cryptlib/OpenSSL/crypto -I/builddir/build/BUILD/shim-16.1/Cryptlib/Include -I/builddir/build/BUILD/shim-16.1/gnu-efi/inc -I/builddir/build/BUILD/shim-16.1/gnu-efi/inc/aarch64 -I/builddir/build/BUILD/shim-16.1/gnu-efi/inc/protocol -I/builddir/build/BUILD/shim-16.1/Cryptlib/OpenSSL/crypto/asn1 -I/builddir/build/BUILD/shim-16.1/Cryptlib/OpenSSL/crypto/evp -I/builddir/build/BUILD/shim-16.1/Cryptlib/OpenSSL/crypto/modes -I/builddir/build/BUILD/shim-16.1/Cryptlib/OpenSSL/crypto/include -isystem /builddir/build/BUILD/shim-16.1/include/system -isystem /usr/lib/gcc/aarch64-redhat-linux/11/include -DL_ENDIAN -D_CRT_SECURE_NO_DEPRECATE -D_CRT_NONSTDC_NO_DEPRECATE -DOPENSSL_SMALL_FOOTPRINT -DPEDANTIC -DMDE_CPU_AARCH64   -c -o crypto/evp/evp_cnf.o /builddir/build/BUILD/shim-16.1/Cryptlib/OpenSSL/crypto/evp/evp_cnf.c
DEBUG util.py:461:  gcc -std=gnu11 -ggdb -gdwarf-4 -gstrict-dwarf -ffreestanding -fmacro-prefix-map=/builddir/build/BUILD/shim-16.1/= -fno-stack-protector -fno-strict-aliasing -fpic -fshort-wchar -nostdinc -Os -Wall -Wextra -Wno-missing-field-initializers -Wno-empty-body -Wno-implicit-fallthrough -Wno-old-style-declaration -Wno-unused-but-set-variable -Wno-unused-parameter -Werror -Wno-error=unused-but-set-variable -Wno-error=unused-parameter -I/builddir/build/BUILD/shim-16.1/Cryptlib/OpenSSL -I/builddir/build/BUILD/shim-16.1/Cryptlib -I/builddir/build/BUILD/shim-16.1/Cryptlib/OpenSSL/Include/ -I/builddir/build/BUILD/shim-16.1/Cryptlib/OpenSSL/crypto -I/builddir/build/BUILD/shim-16.1/Cryptlib/Include -I/builddir/build/BUILD/shim-16.1/gnu-efi/inc -I/builddir/build/BUILD/shim-16.1/gnu-efi/inc/aarch64 -I/builddir/build/BUILD/shim-16.1/gnu-efi/inc/protocol -I/builddir/build/BUILD/shim-16.1/Cryptlib/OpenSSL/crypto/asn1 -I/builddir/build/BUILD/shim-16.1/Cryptlib/OpenSSL/crypto/evp -I/builddir/build/BUILD/shim-16.1/Cryptlib/OpenSSL/crypto/modes -I/builddir/build/BUILD/shim-16.1/Cryptlib/OpenSSL/crypto/include -isystem /builddir/build/BUILD/shim-16.1/include/system -isystem /usr/lib/gcc/aarch64-redhat-linux/11/include -DL_ENDIAN -D_CRT_SECURE_NO_DEPRECATE -D_CRT_NONSTDC_NO_DEPRECATE -DOPENSSL_SMALL_FOOTPRINT -DPEDANTIC -DMDE_CPU_AARCH64   -c -o crypto/evp/e_des.o /builddir/build/BUILD/shim-16.1/Cryptlib/OpenSSL/crypto/evp/e_des.c
DEBUG util.py:461:  gcc -std=gnu11 -ggdb -gdwarf-4 -gstrict-dwarf -ffreestanding -fmacro-prefix-map=/builddir/build/BUILD/shim-16.1/= -fno-stack-protector -fno-strict-aliasing -fpic -fshort-wchar -nostdinc -Os -Wall -Wextra -Wno-missing-field-initializers -Wno-empty-body -Wno-implicit-fallthrough -Wno-old-style-declaration -Wno-unused-but-set-variable -Wno-unused-parameter -Werror -Wno-error=unused-but-set-variable -Wno-error=unused-parameter -I/builddir/build/BUILD/shim-16.1/Cryptlib/OpenSSL -I/builddir/build/BUILD/shim-16.1/Cryptlib -I/builddir/build/BUILD/shim-16.1/Cryptlib/OpenSSL/Include/ -I/builddir/build/BUILD/shim-16.1/Cryptlib/OpenSSL/crypto -I/builddir/build/BUILD/shim-16.1/Cryptlib/Include -I/builddir/build/BUILD/shim-16.1/gnu-efi/inc -I/builddir/build/BUILD/shim-16.1/gnu-efi/inc/aarch64 -I/builddir/build/BUILD/shim-16.1/gnu-efi/inc/protocol -I/builddir/build/BUILD/shim-16.1/Cryptlib/OpenSSL/crypto/asn1 -I/builddir/build/BUILD/shim-16.1/Cryptlib/OpenSSL/crypto/evp -I/builddir/build/BUILD/shim-16.1/Cryptlib/OpenSSL/crypto/modes -I/builddir/build/BUILD/shim-16.1/Cryptlib/OpenSSL/crypto/include -isystem /builddir/build/BUILD/shim-16.1/include/system -isystem /usr/lib/gcc/aarch64-redhat-linux/11/include -DL_ENDIAN -D_CRT_SECURE_NO_DEPRECATE -D_CRT_NONSTDC_NO_DEPRECATE -DOPENSSL_SMALL_FOOTPRINT -DPEDANTIC -DMDE_CPU_AARCH64   -c -o crypto/evp/e_bf.o /builddir/build/BUILD/shim-16.1/Cryptlib/OpenSSL/crypto/evp/e_bf.c
DEBUG util.py:461:  gcc -std=gnu11 -ggdb -gdwarf-4 -gstrict-dwarf -ffreestanding -fmacro-prefix-map=/builddir/build/BUILD/shim-16.1/= -fno-stack-protector -fno-strict-aliasing -fpic -fshort-wchar -nostdinc -Os -Wall -Wextra -Wno-missing-field-initializers -Wno-empty-body -Wno-implicit-fallthrough -Wno-old-style-declaration -Wno-unused-but-set-variable -Wno-unused-parameter -Werror -Wno-error=unused-but-set-variable -Wno-error=unused-parameter -I/builddir/build/BUILD/shim-16.1/Cryptlib/OpenSSL -I/builddir/build/BUILD/shim-16.1/Cryptlib -I/builddir/build/BUILD/shim-16.1/Cryptlib/OpenSSL/Include/ -I/builddir/build/BUILD/shim-16.1/Cryptlib/OpenSSL/crypto -I/builddir/build/BUILD/shim-16.1/Cryptlib/Include -I/builddir/build/BUILD/shim-16.1/gnu-efi/inc -I/builddir/build/BUILD/shim-16.1/gnu-efi/inc/aarch64 -I/builddir/build/BUILD/shim-16.1/gnu-efi/inc/protocol -I/builddir/build/BUILD/shim-16.1/Cryptlib/OpenSSL/crypto/asn1 -I/builddir/build/BUILD/shim-16.1/Cryptlib/OpenSSL/crypto/evp -I/builddir/build/BUILD/shim-16.1/Cryptlib/OpenSSL/crypto/modes -I/builddir/build/BUILD/shim-16.1/Cryptlib/OpenSSL/crypto/include -isystem /builddir/build/BUILD/shim-16.1/include/system -isystem /usr/lib/gcc/aarch64-redhat-linux/11/include -DL_ENDIAN -D_CRT_SECURE_NO_DEPRECATE -D_CRT_NONSTDC_NO_DEPRECATE -DOPENSSL_SMALL_FOOTPRINT -DPEDANTIC -DMDE_CPU_AARCH64   -c -o crypto/evp/e_idea.o /builddir/build/BUILD/shim-16.1/Cryptlib/OpenSSL/crypto/evp/e_idea.c
DEBUG util.py:461:  gcc -std=gnu11 -ggdb -gdwarf-4 -gstrict-dwarf -ffreestanding -fmacro-prefix-map=/builddir/build/BUILD/shim-16.1/= -fno-stack-protector -fno-strict-aliasing -fpic -fshort-wchar -nostdinc -Os -Wall -Wextra -Wno-missing-field-initializers -Wno-empty-body -Wno-implicit-fallthrough -Wno-old-style-declaration -Wno-unused-but-set-variable -Wno-unused-parameter -Werror -Wno-error=unused-but-set-variable -Wno-error=unused-parameter -I/builddir/build/BUILD/shim-16.1/Cryptlib/OpenSSL -I/builddir/build/BUILD/shim-16.1/Cryptlib -I/builddir/build/BUILD/shim-16.1/Cryptlib/OpenSSL/Include/ -I/builddir/build/BUILD/shim-16.1/Cryptlib/OpenSSL/crypto -I/builddir/build/BUILD/shim-16.1/Cryptlib/Include -I/builddir/build/BUILD/shim-16.1/gnu-efi/inc -I/builddir/build/BUILD/shim-16.1/gnu-efi/inc/aarch64 -I/builddir/build/BUILD/shim-16.1/gnu-efi/inc/protocol -I/builddir/build/BUILD/shim-16.1/Cryptlib/OpenSSL/crypto/asn1 -I/builddir/build/BUILD/shim-16.1/Cryptlib/OpenSSL/crypto/evp -I/builddir/build/BUILD/shim-16.1/Cryptlib/OpenSSL/crypto/modes -I/builddir/build/BUILD/shim-16.1/Cryptlib/OpenSSL/crypto/include -isystem /builddir/build/BUILD/shim-16.1/include/system -isystem /usr/lib/gcc/aarch64-redhat-linux/11/include -DL_ENDIAN -D_CRT_SECURE_NO_DEPRECATE -D_CRT_NONSTDC_NO_DEPRECATE -DOPENSSL_SMALL_FOOTPRINT -DPEDANTIC -DMDE_CPU_AARCH64   -c -o crypto/evp/e_des3.o /builddir/build/BUILD/shim-16.1/Cryptlib/OpenSSL/crypto/evp/e_des3.c
DEBUG util.py:461:  gcc -std=gnu11 -ggdb -gdwarf-4 -gstrict-dwarf -ffreestanding -fmacro-prefix-map=/builddir/build/BUILD/shim-16.1/= -fno-stack-protector -fno-strict-aliasing -fpic -fshort-wchar -nostdinc -Os -Wall -Wextra -Wno-missing-field-initializers -Wno-empty-body -Wno-implicit-fallthrough -Wno-old-style-declaration -Wno-unused-but-set-variable -Wno-unused-parameter -Werror -Wno-error=unused-but-set-variable -Wno-error=unused-parameter -I/builddir/build/BUILD/shim-16.1/Cryptlib/OpenSSL -I/builddir/build/BUILD/shim-16.1/Cryptlib -I/builddir/build/BUILD/shim-16.1/Cryptlib/OpenSSL/Include/ -I/builddir/build/BUILD/shim-16.1/Cryptlib/OpenSSL/crypto -I/builddir/build/BUILD/shim-16.1/Cryptlib/Include -I/builddir/build/BUILD/shim-16.1/gnu-efi/inc -I/builddir/build/BUILD/shim-16.1/gnu-efi/inc/aarch64 -I/builddir/build/BUILD/shim-16.1/gnu-efi/inc/protocol -I/builddir/build/BUILD/shim-16.1/Cryptlib/OpenSSL/crypto/asn1 -I/builddir/build/BUILD/shim-16.1/Cryptlib/OpenSSL/crypto/evp -I/builddir/build/BUILD/shim-16.1/Cryptlib/OpenSSL/crypto/modes -I/builddir/build/BUILD/shim-16.1/Cryptlib/OpenSSL/crypto/include -isystem /builddir/build/BUILD/shim-16.1/include/system -isystem /usr/lib/gcc/aarch64-redhat-linux/11/include -DL_ENDIAN -D_CRT_SECURE_NO_DEPRECATE -D_CRT_NONSTDC_NO_DEPRECATE -DOPENSSL_SMALL_FOOTPRINT -DPEDANTIC -DMDE_CPU_AARCH64   -c -o crypto/evp/e_camellia.o /builddir/build/BUILD/shim-16.1/Cryptlib/OpenSSL/crypto/evp/e_camellia.c
DEBUG util.py:461:  gcc -std=gnu11 -ggdb -gdwarf-4 -gstrict-dwarf -ffreestanding -fmacro-prefix-map=/builddir/build/BUILD/shim-16.1/= -fno-stack-protector -fno-strict-aliasing -fpic -fshort-wchar -nostdinc -Os -Wall -Wextra -Wno-missing-field-initializers -Wno-empty-body -Wno-implicit-fallthrough -Wno-old-style-declaration -Wno-unused-but-set-variable -Wno-unused-parameter -Werror -Wno-error=unused-but-set-variable -Wno-error=unused-parameter -I/builddir/build/BUILD/shim-16.1/Cryptlib/OpenSSL -I/builddir/build/BUILD/shim-16.1/Cryptlib -I/builddir/build/BUILD/shim-16.1/Cryptlib/OpenSSL/Include/ -I/builddir/build/BUILD/shim-16.1/Cryptlib/OpenSSL/crypto -I/builddir/build/BUILD/shim-16.1/Cryptlib/Include -I/builddir/build/BUILD/shim-16.1/gnu-efi/inc -I/builddir/build/BUILD/shim-16.1/gnu-efi/inc/aarch64 -I/builddir/build/BUILD/shim-16.1/gnu-efi/inc/protocol -I/builddir/build/BUILD/shim-16.1/Cryptlib/OpenSSL/crypto/asn1 -I/builddir/build/BUILD/shim-16.1/Cryptlib/OpenSSL/crypto/evp -I/builddir/build/BUILD/shim-16.1/Cryptlib/OpenSSL/crypto/modes -I/builddir/build/BUILD/shim-16.1/Cryptlib/OpenSSL/crypto/include -isystem /builddir/build/BUILD/shim-16.1/include/system -isystem /usr/lib/gcc/aarch64-redhat-linux/11/include -DL_ENDIAN -D_CRT_SECURE_NO_DEPRECATE -D_CRT_NONSTDC_NO_DEPRECATE -DOPENSSL_SMALL_FOOTPRINT -DPEDANTIC -DMDE_CPU_AARCH64   -c -o crypto/evp/e_rc4.o /builddir/build/BUILD/shim-16.1/Cryptlib/OpenSSL/crypto/evp/e_rc4.c
DEBUG util.py:461:  gcc -std=gnu11 -ggdb -gdwarf-4 -gstrict-dwarf -ffreestanding -fmacro-prefix-map=/builddir/build/BUILD/shim-16.1/= -fno-stack-protector -fno-strict-aliasing -fpic -fshort-wchar -nostdinc -Os -Wall -Wextra -Wno-missing-field-initializers -Wno-empty-body -Wno-implicit-fallthrough -Wno-old-style-declaration -Wno-unused-but-set-variable -Wno-unused-parameter -Werror -Wno-error=unused-but-set-variable -Wno-error=unused-parameter -I/builddir/build/BUILD/shim-16.1/Cryptlib/OpenSSL -I/builddir/build/BUILD/shim-16.1/Cryptlib -I/builddir/build/BUILD/shim-16.1/Cryptlib/OpenSSL/Include/ -I/builddir/build/BUILD/shim-16.1/Cryptlib/OpenSSL/crypto -I/builddir/build/BUILD/shim-16.1/Cryptlib/Include -I/builddir/build/BUILD/shim-16.1/gnu-efi/inc -I/builddir/build/BUILD/shim-16.1/gnu-efi/inc/aarch64 -I/builddir/build/BUILD/shim-16.1/gnu-efi/inc/protocol -I/builddir/build/BUILD/shim-16.1/Cryptlib/OpenSSL/crypto/asn1 -I/builddir/build/BUILD/shim-16.1/Cryptlib/OpenSSL/crypto/evp -I/builddir/build/BUILD/shim-16.1/Cryptlib/OpenSSL/crypto/modes -I/builddir/build/BUILD/shim-16.1/Cryptlib/OpenSSL/crypto/include -isystem /builddir/build/BUILD/shim-16.1/include/system -isystem /usr/lib/gcc/aarch64-redhat-linux/11/include -DL_ENDIAN -D_CRT_SECURE_NO_DEPRECATE -D_CRT_NONSTDC_NO_DEPRECATE -DOPENSSL_SMALL_FOOTPRINT -DPEDANTIC -DMDE_CPU_AARCH64   -c -o crypto/evp/e_aes.o /builddir/build/BUILD/shim-16.1/Cryptlib/OpenSSL/crypto/evp/e_aes.c
DEBUG util.py:461:  gcc -std=gnu11 -ggdb -gdwarf-4 -gstrict-dwarf -ffreestanding -fmacro-prefix-map=/builddir/build/BUILD/shim-16.1/= -fno-stack-protector -fno-strict-aliasing -fpic -fshort-wchar -nostdinc -Os -Wall -Wextra -Wno-missing-field-initializers -Wno-empty-body -Wno-implicit-fallthrough -Wno-old-style-declaration -Wno-unused-but-set-variable -Wno-unused-parameter -Werror -Wno-error=unused-but-set-variable -Wno-error=unused-parameter -I/builddir/build/BUILD/shim-16.1/Cryptlib/OpenSSL -I/builddir/build/BUILD/shim-16.1/Cryptlib -I/builddir/build/BUILD/shim-16.1/Cryptlib/OpenSSL/Include/ -I/builddir/build/BUILD/shim-16.1/Cryptlib/OpenSSL/crypto -I/builddir/build/BUILD/shim-16.1/Cryptlib/Include -I/builddir/build/BUILD/shim-16.1/gnu-efi/inc -I/builddir/build/BUILD/shim-16.1/gnu-efi/inc/aarch64 -I/builddir/build/BUILD/shim-16.1/gnu-efi/inc/protocol -I/builddir/build/BUILD/shim-16.1/Cryptlib/OpenSSL/crypto/asn1 -I/builddir/build/BUILD/shim-16.1/Cryptlib/OpenSSL/crypto/evp -I/builddir/build/BUILD/shim-16.1/Cryptlib/OpenSSL/crypto/modes -I/builddir/build/BUILD/shim-16.1/Cryptlib/OpenSSL/crypto/include -isystem /builddir/build/BUILD/shim-16.1/include/system -isystem /usr/lib/gcc/aarch64-redhat-linux/11/include -DL_ENDIAN -D_CRT_SECURE_NO_DEPRECATE -D_CRT_NONSTDC_NO_DEPRECATE -DOPENSSL_SMALL_FOOTPRINT -DPEDANTIC -DMDE_CPU_AARCH64   -c -o crypto/evp/names.o /builddir/build/BUILD/shim-16.1/Cryptlib/OpenSSL/crypto/evp/names.c
DEBUG util.py:461:  gcc -std=gnu11 -ggdb -gdwarf-4 -gstrict-dwarf -ffreestanding -fmacro-prefix-map=/builddir/build/BUILD/shim-16.1/= -fno-stack-protector -fno-strict-aliasing -fpic -fshort-wchar -nostdinc -Os -Wall -Wextra -Wno-missing-field-initializers -Wno-empty-body -Wno-implicit-fallthrough -Wno-old-style-declaration -Wno-unused-but-set-variable -Wno-unused-parameter -Werror -Wno-error=unused-but-set-variable -Wno-error=unused-parameter -I/builddir/build/BUILD/shim-16.1/Cryptlib/OpenSSL -I/builddir/build/BUILD/shim-16.1/Cryptlib -I/builddir/build/BUILD/shim-16.1/Cryptlib/OpenSSL/Include/ -I/builddir/build/BUILD/shim-16.1/Cryptlib/OpenSSL/crypto -I/builddir/build/BUILD/shim-16.1/Cryptlib/Include -I/builddir/build/BUILD/shim-16.1/gnu-efi/inc -I/builddir/build/BUILD/shim-16.1/gnu-efi/inc/aarch64 -I/builddir/build/BUILD/shim-16.1/gnu-efi/inc/protocol -I/builddir/build/BUILD/shim-16.1/Cryptlib/OpenSSL/crypto/asn1 -I/builddir/build/BUILD/shim-16.1/Cryptlib/OpenSSL/crypto/evp -I/builddir/build/BUILD/shim-16.1/Cryptlib/OpenSSL/crypto/modes -I/builddir/build/BUILD/shim-16.1/Cryptlib/OpenSSL/crypto/include -isystem /builddir/build/BUILD/shim-16.1/include/system -isystem /usr/lib/gcc/aarch64-redhat-linux/11/include -DL_ENDIAN -D_CRT_SECURE_NO_DEPRECATE -D_CRT_NONSTDC_NO_DEPRECATE -DOPENSSL_SMALL_FOOTPRINT -DPEDANTIC -DMDE_CPU_AARCH64   -c -o crypto/evp/e_seed.o /builddir/build/BUILD/shim-16.1/Cryptlib/OpenSSL/crypto/evp/e_seed.c
DEBUG util.py:461:  gcc -std=gnu11 -ggdb -gdwarf-4 -gstrict-dwarf -ffreestanding -fmacro-prefix-map=/builddir/build/BUILD/shim-16.1/= -fno-stack-protector -fno-strict-aliasing -fpic -fshort-wchar -nostdinc -Os -Wall -Wextra -Wno-missing-field-initializers -Wno-empty-body -Wno-implicit-fallthrough -Wno-old-style-declaration -Wno-unused-but-set-variable -Wno-unused-parameter -Werror -Wno-error=unused-but-set-variable -Wno-error=unused-parameter -I/builddir/build/BUILD/shim-16.1/Cryptlib/OpenSSL -I/builddir/build/BUILD/shim-16.1/Cryptlib -I/builddir/build/BUILD/shim-16.1/Cryptlib/OpenSSL/Include/ -I/builddir/build/BUILD/shim-16.1/Cryptlib/OpenSSL/crypto -I/builddir/build/BUILD/shim-16.1/Cryptlib/Include -I/builddir/build/BUILD/shim-16.1/gnu-efi/inc -I/builddir/build/BUILD/shim-16.1/gnu-efi/inc/aarch64 -I/builddir/build/BUILD/shim-16.1/gnu-efi/inc/protocol -I/builddir/build/BUILD/shim-16.1/Cryptlib/OpenSSL/crypto/asn1 -I/builddir/build/BUILD/shim-16.1/Cryptlib/OpenSSL/crypto/evp -I/builddir/build/BUILD/shim-16.1/Cryptlib/OpenSSL/crypto/modes -I/builddir/build/BUILD/shim-16.1/Cryptlib/OpenSSL/crypto/include -isystem /builddir/build/BUILD/shim-16.1/include/system -isystem /usr/lib/gcc/aarch64-redhat-linux/11/include -DL_ENDIAN -D_CRT_SECURE_NO_DEPRECATE -D_CRT_NONSTDC_NO_DEPRECATE -DOPENSSL_SMALL_FOOTPRINT -DPEDANTIC -DMDE_CPU_AARCH64   -c -o crypto/evp/e_xcbc_d.o /builddir/build/BUILD/shim-16.1/Cryptlib/OpenSSL/crypto/evp/e_xcbc_d.c
DEBUG util.py:461:  gcc -std=gnu11 -ggdb -gdwarf-4 -gstrict-dwarf -ffreestanding -fmacro-prefix-map=/builddir/build/BUILD/shim-16.1/= -fno-stack-protector -fno-strict-aliasing -fpic -fshort-wchar -nostdinc -Os -Wall -Wextra -Wno-missing-field-initializers -Wno-empty-body -Wno-implicit-fallthrough -Wno-old-style-declaration -Wno-unused-but-set-variable -Wno-unused-parameter -Werror -Wno-error=unused-but-set-variable -Wno-error=unused-parameter -I/builddir/build/BUILD/shim-16.1/Cryptlib/OpenSSL -I/builddir/build/BUILD/shim-16.1/Cryptlib -I/builddir/build/BUILD/shim-16.1/Cryptlib/OpenSSL/Include/ -I/builddir/build/BUILD/shim-16.1/Cryptlib/OpenSSL/crypto -I/builddir/build/BUILD/shim-16.1/Cryptlib/Include -I/builddir/build/BUILD/shim-16.1/gnu-efi/inc -I/builddir/build/BUILD/shim-16.1/gnu-efi/inc/aarch64 -I/builddir/build/BUILD/shim-16.1/gnu-efi/inc/protocol -I/builddir/build/BUILD/shim-16.1/Cryptlib/OpenSSL/crypto/asn1 -I/builddir/build/BUILD/shim-16.1/Cryptlib/OpenSSL/crypto/evp -I/builddir/build/BUILD/shim-16.1/Cryptlib/OpenSSL/crypto/modes -I/builddir/build/BUILD/shim-16.1/Cryptlib/OpenSSL/crypto/include -isystem /builddir/build/BUILD/shim-16.1/include/system -isystem /usr/lib/gcc/aarch64-redhat-linux/11/include -DL_ENDIAN -D_CRT_SECURE_NO_DEPRECATE -D_CRT_NONSTDC_NO_DEPRECATE -DOPENSSL_SMALL_FOOTPRINT -DPEDANTIC -DMDE_CPU_AARCH64   -c -o crypto/evp/e_rc2.o /builddir/build/BUILD/shim-16.1/Cryptlib/OpenSSL/crypto/evp/e_rc2.c
DEBUG util.py:461:  gcc -std=gnu11 -ggdb -gdwarf-4 -gstrict-dwarf -ffreestanding -fmacro-prefix-map=/builddir/build/BUILD/shim-16.1/= -fno-stack-protector -fno-strict-aliasing -fpic -fshort-wchar -nostdinc -Os -Wall -Wextra -Wno-missing-field-initializers -Wno-empty-body -Wno-implicit-fallthrough -Wno-old-style-declaration -Wno-unused-but-set-variable -Wno-unused-parameter -Werror -Wno-error=unused-but-set-variable -Wno-error=unused-parameter -I/builddir/build/BUILD/shim-16.1/Cryptlib/OpenSSL -I/builddir/build/BUILD/shim-16.1/Cryptlib -I/builddir/build/BUILD/shim-16.1/Cryptlib/OpenSSL/Include/ -I/builddir/build/BUILD/shim-16.1/Cryptlib/OpenSSL/crypto -I/builddir/build/BUILD/shim-16.1/Cryptlib/Include -I/builddir/build/BUILD/shim-16.1/gnu-efi/inc -I/builddir/build/BUILD/shim-16.1/gnu-efi/inc/aarch64 -I/builddir/build/BUILD/shim-16.1/gnu-efi/inc/protocol -I/builddir/build/BUILD/shim-16.1/Cryptlib/OpenSSL/crypto/asn1 -I/builddir/build/BUILD/shim-16.1/Cryptlib/OpenSSL/crypto/evp -I/builddir/build/BUILD/shim-16.1/Cryptlib/OpenSSL/crypto/modes -I/builddir/build/BUILD/shim-16.1/Cryptlib/OpenSSL/crypto/include -isystem /builddir/build/BUILD/shim-16.1/include/system -isystem /usr/lib/gcc/aarch64-redhat-linux/11/include -DL_ENDIAN -D_CRT_SECURE_NO_DEPRECATE -D_CRT_NONSTDC_NO_DEPRECATE -DOPENSSL_SMALL_FOOTPRINT -DPEDANTIC -DMDE_CPU_AARCH64   -c -o crypto/evp/e_cast.o /builddir/build/BUILD/shim-16.1/Cryptlib/OpenSSL/crypto/evp/e_cast.c
DEBUG util.py:461:  gcc -std=gnu11 -ggdb -gdwarf-4 -gstrict-dwarf -ffreestanding -fmacro-prefix-map=/builddir/build/BUILD/shim-16.1/= -fno-stack-protector -fno-strict-aliasing -fpic -fshort-wchar -nostdinc -Os -Wall -Wextra -Wno-missing-field-initializers -Wno-empty-body -Wno-implicit-fallthrough -Wno-old-style-declaration -Wno-unused-but-set-variable -Wno-unused-parameter -Werror -Wno-error=unused-but-set-variable -Wno-error=unused-parameter -I/builddir/build/BUILD/shim-16.1/Cryptlib/OpenSSL -I/builddir/build/BUILD/shim-16.1/Cryptlib -I/builddir/build/BUILD/shim-16.1/Cryptlib/OpenSSL/Include/ -I/builddir/build/BUILD/shim-16.1/Cryptlib/OpenSSL/crypto -I/builddir/build/BUILD/shim-16.1/Cryptlib/Include -I/builddir/build/BUILD/shim-16.1/gnu-efi/inc -I/builddir/build/BUILD/shim-16.1/gnu-efi/inc/aarch64 -I/builddir/build/BUILD/shim-16.1/gnu-efi/inc/protocol -I/builddir/build/BUILD/shim-16.1/Cryptlib/OpenSSL/crypto/asn1 -I/builddir/build/BUILD/shim-16.1/Cryptlib/OpenSSL/crypto/evp -I/builddir/build/BUILD/shim-16.1/Cryptlib/OpenSSL/crypto/modes -I/builddir/build/BUILD/shim-16.1/Cryptlib/OpenSSL/crypto/include -isystem /builddir/build/BUILD/shim-16.1/include/system -isystem /usr/lib/gcc/aarch64-redhat-linux/11/include -DL_ENDIAN -D_CRT_SECURE_NO_DEPRECATE -D_CRT_NONSTDC_NO_DEPRECATE -DOPENSSL_SMALL_FOOTPRINT -DPEDANTIC -DMDE_CPU_AARCH64   -c -o crypto/evp/e_rc5.o /builddir/build/BUILD/shim-16.1/Cryptlib/OpenSSL/crypto/evp/e_rc5.c
DEBUG util.py:461:  gcc -std=gnu11 -ggdb -gdwarf-4 -gstrict-dwarf -ffreestanding -fmacro-prefix-map=/builddir/build/BUILD/shim-16.1/= -fno-stack-protector -fno-strict-aliasing -fpic -fshort-wchar -nostdinc -Os -Wall -Wextra -Wno-missing-field-initializers -Wno-empty-body -Wno-implicit-fallthrough -Wno-old-style-declaration -Wno-unused-but-set-variable -Wno-unused-parameter -Werror -Wno-error=unused-but-set-variable -Wno-error=unused-parameter -I/builddir/build/BUILD/shim-16.1/Cryptlib/OpenSSL -I/builddir/build/BUILD/shim-16.1/Cryptlib -I/builddir/build/BUILD/shim-16.1/Cryptlib/OpenSSL/Include/ -I/builddir/build/BUILD/shim-16.1/Cryptlib/OpenSSL/crypto -I/builddir/build/BUILD/shim-16.1/Cryptlib/Include -I/builddir/build/BUILD/shim-16.1/gnu-efi/inc -I/builddir/build/BUILD/shim-16.1/gnu-efi/inc/aarch64 -I/builddir/build/BUILD/shim-16.1/gnu-efi/inc/protocol -I/builddir/build/BUILD/shim-16.1/Cryptlib/OpenSSL/crypto/asn1 -I/builddir/build/BUILD/shim-16.1/Cryptlib/OpenSSL/crypto/evp -I/builddir/build/BUILD/shim-16.1/Cryptlib/OpenSSL/crypto/modes -I/builddir/build/BUILD/shim-16.1/Cryptlib/OpenSSL/crypto/include -isystem /builddir/build/BUILD/shim-16.1/include/system -isystem /usr/lib/gcc/aarch64-redhat-linux/11/include -DL_ENDIAN -D_CRT_SECURE_NO_DEPRECATE -D_CRT_NONSTDC_NO_DEPRECATE -DOPENSSL_SMALL_FOOTPRINT -DPEDANTIC -DMDE_CPU_AARCH64   -c -o crypto/evp/m_null.o /builddir/build/BUILD/shim-16.1/Cryptlib/OpenSSL/crypto/evp/m_null.c
DEBUG util.py:461:  gcc -std=gnu11 -ggdb -gdwarf-4 -gstrict-dwarf -ffreestanding -fmacro-prefix-map=/builddir/build/BUILD/shim-16.1/= -fno-stack-protector -fno-strict-aliasing -fpic -fshort-wchar -nostdinc -Os -Wall -Wextra -Wno-missing-field-initializers -Wno-empty-body -Wno-implicit-fallthrough -Wno-old-style-declaration -Wno-unused-but-set-variable -Wno-unused-parameter -Werror -Wno-error=unused-but-set-variable -Wno-error=unused-parameter -I/builddir/build/BUILD/shim-16.1/Cryptlib/OpenSSL -I/builddir/build/BUILD/shim-16.1/Cryptlib -I/builddir/build/BUILD/shim-16.1/Cryptlib/OpenSSL/Include/ -I/builddir/build/BUILD/shim-16.1/Cryptlib/OpenSSL/crypto -I/builddir/build/BUILD/shim-16.1/Cryptlib/Include -I/builddir/build/BUILD/shim-16.1/gnu-efi/inc -I/builddir/build/BUILD/shim-16.1/gnu-efi/inc/aarch64 -I/builddir/build/BUILD/shim-16.1/gnu-efi/inc/protocol -I/builddir/build/BUILD/shim-16.1/Cryptlib/OpenSSL/crypto/asn1 -I/builddir/build/BUILD/shim-16.1/Cryptlib/OpenSSL/crypto/evp -I/builddir/build/BUILD/shim-16.1/Cryptlib/OpenSSL/crypto/modes -I/builddir/build/BUILD/shim-16.1/Cryptlib/OpenSSL/crypto/include -isystem /builddir/build/BUILD/shim-16.1/include/system -isystem /usr/lib/gcc/aarch64-redhat-linux/11/include -DL_ENDIAN -D_CRT_SECURE_NO_DEPRECATE -D_CRT_NONSTDC_NO_DEPRECATE -DOPENSSL_SMALL_FOOTPRINT -DPEDANTIC -DMDE_CPU_AARCH64   -c -o crypto/evp/m_md2.o /builddir/build/BUILD/shim-16.1/Cryptlib/OpenSSL/crypto/evp/m_md2.c
DEBUG util.py:461:  gcc -std=gnu11 -ggdb -gdwarf-4 -gstrict-dwarf -ffreestanding -fmacro-prefix-map=/builddir/build/BUILD/shim-16.1/= -fno-stack-protector -fno-strict-aliasing -fpic -fshort-wchar -nostdinc -Os -Wall -Wextra -Wno-missing-field-initializers -Wno-empty-body -Wno-implicit-fallthrough -Wno-old-style-declaration -Wno-unused-but-set-variable -Wno-unused-parameter -Werror -Wno-error=unused-but-set-variable -Wno-error=unused-parameter -I/builddir/build/BUILD/shim-16.1/Cryptlib/OpenSSL -I/builddir/build/BUILD/shim-16.1/Cryptlib -I/builddir/build/BUILD/shim-16.1/Cryptlib/OpenSSL/Include/ -I/builddir/build/BUILD/shim-16.1/Cryptlib/OpenSSL/crypto -I/builddir/build/BUILD/shim-16.1/Cryptlib/Include -I/builddir/build/BUILD/shim-16.1/gnu-efi/inc -I/builddir/build/BUILD/shim-16.1/gnu-efi/inc/aarch64 -I/builddir/build/BUILD/shim-16.1/gnu-efi/inc/protocol -I/builddir/build/BUILD/shim-16.1/Cryptlib/OpenSSL/crypto/asn1 -I/builddir/build/BUILD/shim-16.1/Cryptlib/OpenSSL/crypto/evp -I/builddir/build/BUILD/shim-16.1/Cryptlib/OpenSSL/crypto/modes -I/builddir/build/BUILD/shim-16.1/Cryptlib/OpenSSL/crypto/include -isystem /builddir/build/BUILD/shim-16.1/include/system -isystem /usr/lib/gcc/aarch64-redhat-linux/11/include -DL_ENDIAN -D_CRT_SECURE_NO_DEPRECATE -D_CRT_NONSTDC_NO_DEPRECATE -DOPENSSL_SMALL_FOOTPRINT -DPEDANTIC -DMDE_CPU_AARCH64   -c -o crypto/evp/m_md4.o /builddir/build/BUILD/shim-16.1/Cryptlib/OpenSSL/crypto/evp/m_md4.c
DEBUG util.py:461:  gcc -std=gnu11 -ggdb -gdwarf-4 -gstrict-dwarf -ffreestanding -fmacro-prefix-map=/builddir/build/BUILD/shim-16.1/= -fno-stack-protector -fno-strict-aliasing -fpic -fshort-wchar -nostdinc -Os -Wall -Wextra -Wno-missing-field-initializers -Wno-empty-body -Wno-implicit-fallthrough -Wno-old-style-declaration -Wno-unused-but-set-variable -Wno-unused-parameter -Werror -Wno-error=unused-but-set-variable -Wno-error=unused-parameter -I/builddir/build/BUILD/shim-16.1/Cryptlib/OpenSSL -I/builddir/build/BUILD/shim-16.1/Cryptlib -I/builddir/build/BUILD/shim-16.1/Cryptlib/OpenSSL/Include/ -I/builddir/build/BUILD/shim-16.1/Cryptlib/OpenSSL/crypto -I/builddir/build/BUILD/shim-16.1/Cryptlib/Include -I/builddir/build/BUILD/shim-16.1/gnu-efi/inc -I/builddir/build/BUILD/shim-16.1/gnu-efi/inc/aarch64 -I/builddir/build/BUILD/shim-16.1/gnu-efi/inc/protocol -I/builddir/build/BUILD/shim-16.1/Cryptlib/OpenSSL/crypto/asn1 -I/builddir/build/BUILD/shim-16.1/Cryptlib/OpenSSL/crypto/evp -I/builddir/build/BUILD/shim-16.1/Cryptlib/OpenSSL/crypto/modes -I/builddir/build/BUILD/shim-16.1/Cryptlib/OpenSSL/crypto/include -isystem /builddir/build/BUILD/shim-16.1/include/system -isystem /usr/lib/gcc/aarch64-redhat-linux/11/include -DL_ENDIAN -D_CRT_SECURE_NO_DEPRECATE -D_CRT_NONSTDC_NO_DEPRECATE -DOPENSSL_SMALL_FOOTPRINT -DPEDANTIC -DMDE_CPU_AARCH64   -c -o crypto/evp/m_md5.o /builddir/build/BUILD/shim-16.1/Cryptlib/OpenSSL/crypto/evp/m_md5.c
DEBUG util.py:461:  gcc -std=gnu11 -ggdb -gdwarf-4 -gstrict-dwarf -ffreestanding -fmacro-prefix-map=/builddir/build/BUILD/shim-16.1/= -fno-stack-protector -fno-strict-aliasing -fpic -fshort-wchar -nostdinc -Os -Wall -Wextra -Wno-missing-field-initializers -Wno-empty-body -Wno-implicit-fallthrough -Wno-old-style-declaration -Wno-unused-but-set-variable -Wno-unused-parameter -Werror -Wno-error=unused-but-set-variable -Wno-error=unused-parameter -I/builddir/build/BUILD/shim-16.1/Cryptlib/OpenSSL -I/builddir/build/BUILD/shim-16.1/Cryptlib -I/builddir/build/BUILD/shim-16.1/Cryptlib/OpenSSL/Include/ -I/builddir/build/BUILD/shim-16.1/Cryptlib/OpenSSL/crypto -I/builddir/build/BUILD/shim-16.1/Cryptlib/Include -I/builddir/build/BUILD/shim-16.1/gnu-efi/inc -I/builddir/build/BUILD/shim-16.1/gnu-efi/inc/aarch64 -I/builddir/build/BUILD/shim-16.1/gnu-efi/inc/protocol -I/builddir/build/BUILD/shim-16.1/Cryptlib/OpenSSL/crypto/asn1 -I/builddir/build/BUILD/shim-16.1/Cryptlib/OpenSSL/crypto/evp -I/builddir/build/BUILD/shim-16.1/Cryptlib/OpenSSL/crypto/modes -I/builddir/build/BUILD/shim-16.1/Cryptlib/OpenSSL/crypto/include -isystem /builddir/build/BUILD/shim-16.1/include/system -isystem /usr/lib/gcc/aarch64-redhat-linux/11/include -DL_ENDIAN -D_CRT_SECURE_NO_DEPRECATE -D_CRT_NONSTDC_NO_DEPRECATE -DOPENSSL_SMALL_FOOTPRINT -DPEDANTIC -DMDE_CPU_AARCH64   -c -o crypto/evp/m_sha.o /builddir/build/BUILD/shim-16.1/Cryptlib/OpenSSL/crypto/evp/m_sha.c
DEBUG util.py:461:  gcc -std=gnu11 -ggdb -gdwarf-4 -gstrict-dwarf -ffreestanding -fmacro-prefix-map=/builddir/build/BUILD/shim-16.1/= -fno-stack-protector -fno-strict-aliasing -fpic -fshort-wchar -nostdinc -Os -Wall -Wextra -Wno-missing-field-initializers -Wno-empty-body -Wno-implicit-fallthrough -Wno-old-style-declaration -Wno-unused-but-set-variable -Wno-unused-parameter -Werror -Wno-error=unused-but-set-variable -Wno-error=unused-parameter -I/builddir/build/BUILD/shim-16.1/Cryptlib/OpenSSL -I/builddir/build/BUILD/shim-16.1/Cryptlib -I/builddir/build/BUILD/shim-16.1/Cryptlib/OpenSSL/Include/ -I/builddir/build/BUILD/shim-16.1/Cryptlib/OpenSSL/crypto -I/builddir/build/BUILD/shim-16.1/Cryptlib/Include -I/builddir/build/BUILD/shim-16.1/gnu-efi/inc -I/builddir/build/BUILD/shim-16.1/gnu-efi/inc/aarch64 -I/builddir/build/BUILD/shim-16.1/gnu-efi/inc/protocol -I/builddir/build/BUILD/shim-16.1/Cryptlib/OpenSSL/crypto/asn1 -I/builddir/build/BUILD/shim-16.1/Cryptlib/OpenSSL/crypto/evp -I/builddir/build/BUILD/shim-16.1/Cryptlib/OpenSSL/crypto/modes -I/builddir/build/BUILD/shim-16.1/Cryptlib/OpenSSL/crypto/include -isystem /builddir/build/BUILD/shim-16.1/include/system -isystem /usr/lib/gcc/aarch64-redhat-linux/11/include -DL_ENDIAN -D_CRT_SECURE_NO_DEPRECATE -D_CRT_NONSTDC_NO_DEPRECATE -DOPENSSL_SMALL_FOOTPRINT -DPEDANTIC -DMDE_CPU_AARCH64   -c -o crypto/evp/m_sha1.o /builddir/build/BUILD/shim-16.1/Cryptlib/OpenSSL/crypto/evp/m_sha1.c
DEBUG util.py:461:  gcc -std=gnu11 -ggdb -gdwarf-4 -gstrict-dwarf -ffreestanding -fmacro-prefix-map=/builddir/build/BUILD/shim-16.1/= -fno-stack-protector -fno-strict-aliasing -fpic -fshort-wchar -nostdinc -Os -Wall -Wextra -Wno-missing-field-initializers -Wno-empty-body -Wno-implicit-fallthrough -Wno-old-style-declaration -Wno-unused-but-set-variable -Wno-unused-parameter -Werror -Wno-error=unused-but-set-variable -Wno-error=unused-parameter -I/builddir/build/BUILD/shim-16.1/Cryptlib/OpenSSL -I/builddir/build/BUILD/shim-16.1/Cryptlib -I/builddir/build/BUILD/shim-16.1/Cryptlib/OpenSSL/Include/ -I/builddir/build/BUILD/shim-16.1/Cryptlib/OpenSSL/crypto -I/builddir/build/BUILD/shim-16.1/Cryptlib/Include -I/builddir/build/BUILD/shim-16.1/gnu-efi/inc -I/builddir/build/BUILD/shim-16.1/gnu-efi/inc/aarch64 -I/builddir/build/BUILD/shim-16.1/gnu-efi/inc/protocol -I/builddir/build/BUILD/shim-16.1/Cryptlib/OpenSSL/crypto/asn1 -I/builddir/build/BUILD/shim-16.1/Cryptlib/OpenSSL/crypto/evp -I/builddir/build/BUILD/shim-16.1/Cryptlib/OpenSSL/crypto/modes -I/builddir/build/BUILD/shim-16.1/Cryptlib/OpenSSL/crypto/include -isystem /builddir/build/BUILD/shim-16.1/include/system -isystem /usr/lib/gcc/aarch64-redhat-linux/11/include -DL_ENDIAN -D_CRT_SECURE_NO_DEPRECATE -D_CRT_NONSTDC_NO_DEPRECATE -DOPENSSL_SMALL_FOOTPRINT -DPEDANTIC -DMDE_CPU_AARCH64   -c -o crypto/evp/m_wp.o /builddir/build/BUILD/shim-16.1/Cryptlib/OpenSSL/crypto/evp/m_wp.c
DEBUG util.py:461:  gcc -std=gnu11 -ggdb -gdwarf-4 -gstrict-dwarf -ffreestanding -fmacro-prefix-map=/builddir/build/BUILD/shim-16.1/= -fno-stack-protector -fno-strict-aliasing -fpic -fshort-wchar -nostdinc -Os -Wall -Wextra -Wno-missing-field-initializers -Wno-empty-body -Wno-implicit-fallthrough -Wno-old-style-declaration -Wno-unused-but-set-variable -Wno-unused-parameter -Werror -Wno-error=unused-but-set-variable -Wno-error=unused-parameter -I/builddir/build/BUILD/shim-16.1/Cryptlib/OpenSSL -I/builddir/build/BUILD/shim-16.1/Cryptlib -I/builddir/build/BUILD/shim-16.1/Cryptlib/OpenSSL/Include/ -I/builddir/build/BUILD/shim-16.1/Cryptlib/OpenSSL/crypto -I/builddir/build/BUILD/shim-16.1/Cryptlib/Include -I/builddir/build/BUILD/shim-16.1/gnu-efi/inc -I/builddir/build/BUILD/shim-16.1/gnu-efi/inc/aarch64 -I/builddir/build/BUILD/shim-16.1/gnu-efi/inc/protocol -I/builddir/build/BUILD/shim-16.1/Cryptlib/OpenSSL/crypto/asn1 -I/builddir/build/BUILD/shim-16.1/Cryptlib/OpenSSL/crypto/evp -I/builddir/build/BUILD/shim-16.1/Cryptlib/OpenSSL/crypto/modes -I/builddir/build/BUILD/shim-16.1/Cryptlib/OpenSSL/crypto/include -isystem /builddir/build/BUILD/shim-16.1/include/system -isystem /usr/lib/gcc/aarch64-redhat-linux/11/include -DL_ENDIAN -D_CRT_SECURE_NO_DEPRECATE -D_CRT_NONSTDC_NO_DEPRECATE -DOPENSSL_SMALL_FOOTPRINT -DPEDANTIC -DMDE_CPU_AARCH64   -c -o crypto/evp/m_dss.o /builddir/build/BUILD/shim-16.1/Cryptlib/OpenSSL/crypto/evp/m_dss.c
DEBUG util.py:461:  gcc -std=gnu11 -ggdb -gdwarf-4 -gstrict-dwarf -ffreestanding -fmacro-prefix-map=/builddir/build/BUILD/shim-16.1/= -fno-stack-protector -fno-strict-aliasing -fpic -fshort-wchar -nostdinc -Os -Wall -Wextra -Wno-missing-field-initializers -Wno-empty-body -Wno-implicit-fallthrough -Wno-old-style-declaration -Wno-unused-but-set-variable -Wno-unused-parameter -Werror -Wno-error=unused-but-set-variable -Wno-error=unused-parameter -I/builddir/build/BUILD/shim-16.1/Cryptlib/OpenSSL -I/builddir/build/BUILD/shim-16.1/Cryptlib -I/builddir/build/BUILD/shim-16.1/Cryptlib/OpenSSL/Include/ -I/builddir/build/BUILD/shim-16.1/Cryptlib/OpenSSL/crypto -I/builddir/build/BUILD/shim-16.1/Cryptlib/Include -I/builddir/build/BUILD/shim-16.1/gnu-efi/inc -I/builddir/build/BUILD/shim-16.1/gnu-efi/inc/aarch64 -I/builddir/build/BUILD/shim-16.1/gnu-efi/inc/protocol -I/builddir/build/BUILD/shim-16.1/Cryptlib/OpenSSL/crypto/asn1 -I/builddir/build/BUILD/shim-16.1/Cryptlib/OpenSSL/crypto/evp -I/builddir/build/BUILD/shim-16.1/Cryptlib/OpenSSL/crypto/modes -I/builddir/build/BUILD/shim-16.1/Cryptlib/OpenSSL/crypto/include -isystem /builddir/build/BUILD/shim-16.1/include/system -isystem /usr/lib/gcc/aarch64-redhat-linux/11/include -DL_ENDIAN -D_CRT_SECURE_NO_DEPRECATE -D_CRT_NONSTDC_NO_DEPRECATE -DOPENSSL_SMALL_FOOTPRINT -DPEDANTIC -DMDE_CPU_AARCH64   -c -o crypto/evp/m_dss1.o /builddir/build/BUILD/shim-16.1/Cryptlib/OpenSSL/crypto/evp/m_dss1.c
DEBUG util.py:461:  gcc -std=gnu11 -ggdb -gdwarf-4 -gstrict-dwarf -ffreestanding -fmacro-prefix-map=/builddir/build/BUILD/shim-16.1/= -fno-stack-protector -fno-strict-aliasing -fpic -fshort-wchar -nostdinc -Os -Wall -Wextra -Wno-missing-field-initializers -Wno-empty-body -Wno-implicit-fallthrough -Wno-old-style-declaration -Wno-unused-but-set-variable -Wno-unused-parameter -Werror -Wno-error=unused-but-set-variable -Wno-error=unused-parameter -I/builddir/build/BUILD/shim-16.1/Cryptlib/OpenSSL -I/builddir/build/BUILD/shim-16.1/Cryptlib -I/builddir/build/BUILD/shim-16.1/Cryptlib/OpenSSL/Include/ -I/builddir/build/BUILD/shim-16.1/Cryptlib/OpenSSL/crypto -I/builddir/build/BUILD/shim-16.1/Cryptlib/Include -I/builddir/build/BUILD/shim-16.1/gnu-efi/inc -I/builddir/build/BUILD/shim-16.1/gnu-efi/inc/aarch64 -I/builddir/build/BUILD/shim-16.1/gnu-efi/inc/protocol -I/builddir/build/BUILD/shim-16.1/Cryptlib/OpenSSL/crypto/asn1 -I/builddir/build/BUILD/shim-16.1/Cryptlib/OpenSSL/crypto/evp -I/builddir/build/BUILD/shim-16.1/Cryptlib/OpenSSL/crypto/modes -I/builddir/build/BUILD/shim-16.1/Cryptlib/OpenSSL/crypto/include -isystem /builddir/build/BUILD/shim-16.1/include/system -isystem /usr/lib/gcc/aarch64-redhat-linux/11/include -DL_ENDIAN -D_CRT_SECURE_NO_DEPRECATE -D_CRT_NONSTDC_NO_DEPRECATE -DOPENSSL_SMALL_FOOTPRINT -DPEDANTIC -DMDE_CPU_AARCH64   -c -o crypto/evp/m_mdc2.o /builddir/build/BUILD/shim-16.1/Cryptlib/OpenSSL/crypto/evp/m_mdc2.c
DEBUG util.py:461:  gcc -std=gnu11 -ggdb -gdwarf-4 -gstrict-dwarf -ffreestanding -fmacro-prefix-map=/builddir/build/BUILD/shim-16.1/= -fno-stack-protector -fno-strict-aliasing -fpic -fshort-wchar -nostdinc -Os -Wall -Wextra -Wno-missing-field-initializers -Wno-empty-body -Wno-implicit-fallthrough -Wno-old-style-declaration -Wno-unused-but-set-variable -Wno-unused-parameter -Werror -Wno-error=unused-but-set-variable -Wno-error=unused-parameter -I/builddir/build/BUILD/shim-16.1/Cryptlib/OpenSSL -I/builddir/build/BUILD/shim-16.1/Cryptlib -I/builddir/build/BUILD/shim-16.1/Cryptlib/OpenSSL/Include/ -I/builddir/build/BUILD/shim-16.1/Cryptlib/OpenSSL/crypto -I/builddir/build/BUILD/shim-16.1/Cryptlib/Include -I/builddir/build/BUILD/shim-16.1/gnu-efi/inc -I/builddir/build/BUILD/shim-16.1/gnu-efi/inc/aarch64 -I/builddir/build/BUILD/shim-16.1/gnu-efi/inc/protocol -I/builddir/build/BUILD/shim-16.1/Cryptlib/OpenSSL/crypto/asn1 -I/builddir/build/BUILD/shim-16.1/Cryptlib/OpenSSL/crypto/evp -I/builddir/build/BUILD/shim-16.1/Cryptlib/OpenSSL/crypto/modes -I/builddir/build/BUILD/shim-16.1/Cryptlib/OpenSSL/crypto/include -isystem /builddir/build/BUILD/shim-16.1/include/system -isystem /usr/lib/gcc/aarch64-redhat-linux/11/include -DL_ENDIAN -D_CRT_SECURE_NO_DEPRECATE -D_CRT_NONSTDC_NO_DEPRECATE -DOPENSSL_SMALL_FOOTPRINT -DPEDANTIC -DMDE_CPU_AARCH64   -c -o crypto/evp/m_ripemd.o /builddir/build/BUILD/shim-16.1/Cryptlib/OpenSSL/crypto/evp/m_ripemd.c
DEBUG util.py:461:  gcc -std=gnu11 -ggdb -gdwarf-4 -gstrict-dwarf -ffreestanding -fmacro-prefix-map=/builddir/build/BUILD/shim-16.1/= -fno-stack-protector -fno-strict-aliasing -fpic -fshort-wchar -nostdinc -Os -Wall -Wextra -Wno-missing-field-initializers -Wno-empty-body -Wno-implicit-fallthrough -Wno-old-style-declaration -Wno-unused-but-set-variable -Wno-unused-parameter -Werror -Wno-error=unused-but-set-variable -Wno-error=unused-parameter -I/builddir/build/BUILD/shim-16.1/Cryptlib/OpenSSL -I/builddir/build/BUILD/shim-16.1/Cryptlib -I/builddir/build/BUILD/shim-16.1/Cryptlib/OpenSSL/Include/ -I/builddir/build/BUILD/shim-16.1/Cryptlib/OpenSSL/crypto -I/builddir/build/BUILD/shim-16.1/Cryptlib/Include -I/builddir/build/BUILD/shim-16.1/gnu-efi/inc -I/builddir/build/BUILD/shim-16.1/gnu-efi/inc/aarch64 -I/builddir/build/BUILD/shim-16.1/gnu-efi/inc/protocol -I/builddir/build/BUILD/shim-16.1/Cryptlib/OpenSSL/crypto/asn1 -I/builddir/build/BUILD/shim-16.1/Cryptlib/OpenSSL/crypto/evp -I/builddir/build/BUILD/shim-16.1/Cryptlib/OpenSSL/crypto/modes -I/builddir/build/BUILD/shim-16.1/Cryptlib/OpenSSL/crypto/include -isystem /builddir/build/BUILD/shim-16.1/include/system -isystem /usr/lib/gcc/aarch64-redhat-linux/11/include -DL_ENDIAN -D_CRT_SECURE_NO_DEPRECATE -D_CRT_NONSTDC_NO_DEPRECATE -DOPENSSL_SMALL_FOOTPRINT -DPEDANTIC -DMDE_CPU_AARCH64   -c -o crypto/evp/m_ecdsa.o /builddir/build/BUILD/shim-16.1/Cryptlib/OpenSSL/crypto/evp/m_ecdsa.c
DEBUG util.py:461:  gcc -std=gnu11 -ggdb -gdwarf-4 -gstrict-dwarf -ffreestanding -fmacro-prefix-map=/builddir/build/BUILD/shim-16.1/= -fno-stack-protector -fno-strict-aliasing -fpic -fshort-wchar -nostdinc -Os -Wall -Wextra -Wno-missing-field-initializers -Wno-empty-body -Wno-implicit-fallthrough -Wno-old-style-declaration -Wno-unused-but-set-variable -Wno-unused-parameter -Werror -Wno-error=unused-but-set-variable -Wno-error=unused-parameter -I/builddir/build/BUILD/shim-16.1/Cryptlib/OpenSSL -I/builddir/build/BUILD/shim-16.1/Cryptlib -I/builddir/build/BUILD/shim-16.1/Cryptlib/OpenSSL/Include/ -I/builddir/build/BUILD/shim-16.1/Cryptlib/OpenSSL/crypto -I/builddir/build/BUILD/shim-16.1/Cryptlib/Include -I/builddir/build/BUILD/shim-16.1/gnu-efi/inc -I/builddir/build/BUILD/shim-16.1/gnu-efi/inc/aarch64 -I/builddir/build/BUILD/shim-16.1/gnu-efi/inc/protocol -I/builddir/build/BUILD/shim-16.1/Cryptlib/OpenSSL/crypto/asn1 -I/builddir/build/BUILD/shim-16.1/Cryptlib/OpenSSL/crypto/evp -I/builddir/build/BUILD/shim-16.1/Cryptlib/OpenSSL/crypto/modes -I/builddir/build/BUILD/shim-16.1/Cryptlib/OpenSSL/crypto/include -isystem /builddir/build/BUILD/shim-16.1/include/system -isystem /usr/lib/gcc/aarch64-redhat-linux/11/include -DL_ENDIAN -D_CRT_SECURE_NO_DEPRECATE -D_CRT_NONSTDC_NO_DEPRECATE -DOPENSSL_SMALL_FOOTPRINT -DPEDANTIC -DMDE_CPU_AARCH64   -c -o crypto/evp/p_open.o /builddir/build/BUILD/shim-16.1/Cryptlib/OpenSSL/crypto/evp/p_open.c
DEBUG util.py:461:  gcc -std=gnu11 -ggdb -gdwarf-4 -gstrict-dwarf -ffreestanding -fmacro-prefix-map=/builddir/build/BUILD/shim-16.1/= -fno-stack-protector -fno-strict-aliasing -fpic -fshort-wchar -nostdinc -Os -Wall -Wextra -Wno-missing-field-initializers -Wno-empty-body -Wno-implicit-fallthrough -Wno-old-style-declaration -Wno-unused-but-set-variable -Wno-unused-parameter -Werror -Wno-error=unused-but-set-variable -Wno-error=unused-parameter -I/builddir/build/BUILD/shim-16.1/Cryptlib/OpenSSL -I/builddir/build/BUILD/shim-16.1/Cryptlib -I/builddir/build/BUILD/shim-16.1/Cryptlib/OpenSSL/Include/ -I/builddir/build/BUILD/shim-16.1/Cryptlib/OpenSSL/crypto -I/builddir/build/BUILD/shim-16.1/Cryptlib/Include -I/builddir/build/BUILD/shim-16.1/gnu-efi/inc -I/builddir/build/BUILD/shim-16.1/gnu-efi/inc/aarch64 -I/builddir/build/BUILD/shim-16.1/gnu-efi/inc/protocol -I/builddir/build/BUILD/shim-16.1/Cryptlib/OpenSSL/crypto/asn1 -I/builddir/build/BUILD/shim-16.1/Cryptlib/OpenSSL/crypto/evp -I/builddir/build/BUILD/shim-16.1/Cryptlib/OpenSSL/crypto/modes -I/builddir/build/BUILD/shim-16.1/Cryptlib/OpenSSL/crypto/include -isystem /builddir/build/BUILD/shim-16.1/include/system -isystem /usr/lib/gcc/aarch64-redhat-linux/11/include -DL_ENDIAN -D_CRT_SECURE_NO_DEPRECATE -D_CRT_NONSTDC_NO_DEPRECATE -DOPENSSL_SMALL_FOOTPRINT -DPEDANTIC -DMDE_CPU_AARCH64   -c -o crypto/evp/p_seal.o /builddir/build/BUILD/shim-16.1/Cryptlib/OpenSSL/crypto/evp/p_seal.c
DEBUG util.py:461:  gcc -std=gnu11 -ggdb -gdwarf-4 -gstrict-dwarf -ffreestanding -fmacro-prefix-map=/builddir/build/BUILD/shim-16.1/= -fno-stack-protector -fno-strict-aliasing -fpic -fshort-wchar -nostdinc -Os -Wall -Wextra -Wno-missing-field-initializers -Wno-empty-body -Wno-implicit-fallthrough -Wno-old-style-declaration -Wno-unused-but-set-variable -Wno-unused-parameter -Werror -Wno-error=unused-but-set-variable -Wno-error=unused-parameter -I/builddir/build/BUILD/shim-16.1/Cryptlib/OpenSSL -I/builddir/build/BUILD/shim-16.1/Cryptlib -I/builddir/build/BUILD/shim-16.1/Cryptlib/OpenSSL/Include/ -I/builddir/build/BUILD/shim-16.1/Cryptlib/OpenSSL/crypto -I/builddir/build/BUILD/shim-16.1/Cryptlib/Include -I/builddir/build/BUILD/shim-16.1/gnu-efi/inc -I/builddir/build/BUILD/shim-16.1/gnu-efi/inc/aarch64 -I/builddir/build/BUILD/shim-16.1/gnu-efi/inc/protocol -I/builddir/build/BUILD/shim-16.1/Cryptlib/OpenSSL/crypto/asn1 -I/builddir/build/BUILD/shim-16.1/Cryptlib/OpenSSL/crypto/evp -I/builddir/build/BUILD/shim-16.1/Cryptlib/OpenSSL/crypto/modes -I/builddir/build/BUILD/shim-16.1/Cryptlib/OpenSSL/crypto/include -isystem /builddir/build/BUILD/shim-16.1/include/system -isystem /usr/lib/gcc/aarch64-redhat-linux/11/include -DL_ENDIAN -D_CRT_SECURE_NO_DEPRECATE -D_CRT_NONSTDC_NO_DEPRECATE -DOPENSSL_SMALL_FOOTPRINT -DPEDANTIC -DMDE_CPU_AARCH64   -c -o crypto/evp/p_sign.o /builddir/build/BUILD/shim-16.1/Cryptlib/OpenSSL/crypto/evp/p_sign.c
DEBUG util.py:461:  gcc -std=gnu11 -ggdb -gdwarf-4 -gstrict-dwarf -ffreestanding -fmacro-prefix-map=/builddir/build/BUILD/shim-16.1/= -fno-stack-protector -fno-strict-aliasing -fpic -fshort-wchar -nostdinc -Os -Wall -Wextra -Wno-missing-field-initializers -Wno-empty-body -Wno-implicit-fallthrough -Wno-old-style-declaration -Wno-unused-but-set-variable -Wno-unused-parameter -Werror -Wno-error=unused-but-set-variable -Wno-error=unused-parameter -I/builddir/build/BUILD/shim-16.1/Cryptlib/OpenSSL -I/builddir/build/BUILD/shim-16.1/Cryptlib -I/builddir/build/BUILD/shim-16.1/Cryptlib/OpenSSL/Include/ -I/builddir/build/BUILD/shim-16.1/Cryptlib/OpenSSL/crypto -I/builddir/build/BUILD/shim-16.1/Cryptlib/Include -I/builddir/build/BUILD/shim-16.1/gnu-efi/inc -I/builddir/build/BUILD/shim-16.1/gnu-efi/inc/aarch64 -I/builddir/build/BUILD/shim-16.1/gnu-efi/inc/protocol -I/builddir/build/BUILD/shim-16.1/Cryptlib/OpenSSL/crypto/asn1 -I/builddir/build/BUILD/shim-16.1/Cryptlib/OpenSSL/crypto/evp -I/builddir/build/BUILD/shim-16.1/Cryptlib/OpenSSL/crypto/modes -I/builddir/build/BUILD/shim-16.1/Cryptlib/OpenSSL/crypto/include -isystem /builddir/build/BUILD/shim-16.1/include/system -isystem /usr/lib/gcc/aarch64-redhat-linux/11/include -DL_ENDIAN -D_CRT_SECURE_NO_DEPRECATE -D_CRT_NONSTDC_NO_DEPRECATE -DOPENSSL_SMALL_FOOTPRINT -DPEDANTIC -DMDE_CPU_AARCH64   -c -o crypto/evp/p_verify.o /builddir/build/BUILD/shim-16.1/Cryptlib/OpenSSL/crypto/evp/p_verify.c
DEBUG util.py:461:  gcc -std=gnu11 -ggdb -gdwarf-4 -gstrict-dwarf -ffreestanding -fmacro-prefix-map=/builddir/build/BUILD/shim-16.1/= -fno-stack-protector -fno-strict-aliasing -fpic -fshort-wchar -nostdinc -Os -Wall -Wextra -Wno-missing-field-initializers -Wno-empty-body -Wno-implicit-fallthrough -Wno-old-style-declaration -Wno-unused-but-set-variable -Wno-unused-parameter -Werror -Wno-error=unused-but-set-variable -Wno-error=unused-parameter -I/builddir/build/BUILD/shim-16.1/Cryptlib/OpenSSL -I/builddir/build/BUILD/shim-16.1/Cryptlib -I/builddir/build/BUILD/shim-16.1/Cryptlib/OpenSSL/Include/ -I/builddir/build/BUILD/shim-16.1/Cryptlib/OpenSSL/crypto -I/builddir/build/BUILD/shim-16.1/Cryptlib/Include -I/builddir/build/BUILD/shim-16.1/gnu-efi/inc -I/builddir/build/BUILD/shim-16.1/gnu-efi/inc/aarch64 -I/builddir/build/BUILD/shim-16.1/gnu-efi/inc/protocol -I/builddir/build/BUILD/shim-16.1/Cryptlib/OpenSSL/crypto/asn1 -I/builddir/build/BUILD/shim-16.1/Cryptlib/OpenSSL/crypto/evp -I/builddir/build/BUILD/shim-16.1/Cryptlib/OpenSSL/crypto/modes -I/builddir/build/BUILD/shim-16.1/Cryptlib/OpenSSL/crypto/include -isystem /builddir/build/BUILD/shim-16.1/include/system -isystem /usr/lib/gcc/aarch64-redhat-linux/11/include -DL_ENDIAN -D_CRT_SECURE_NO_DEPRECATE -D_CRT_NONSTDC_NO_DEPRECATE -DOPENSSL_SMALL_FOOTPRINT -DPEDANTIC -DMDE_CPU_AARCH64   -c -o crypto/evp/p_lib.o /builddir/build/BUILD/shim-16.1/Cryptlib/OpenSSL/crypto/evp/p_lib.c
DEBUG util.py:461:  gcc -std=gnu11 -ggdb -gdwarf-4 -gstrict-dwarf -ffreestanding -fmacro-prefix-map=/builddir/build/BUILD/shim-16.1/= -fno-stack-protector -fno-strict-aliasing -fpic -fshort-wchar -nostdinc -Os -Wall -Wextra -Wno-missing-field-initializers -Wno-empty-body -Wno-implicit-fallthrough -Wno-old-style-declaration -Wno-unused-but-set-variable -Wno-unused-parameter -Werror -Wno-error=unused-but-set-variable -Wno-error=unused-parameter -I/builddir/build/BUILD/shim-16.1/Cryptlib/OpenSSL -I/builddir/build/BUILD/shim-16.1/Cryptlib -I/builddir/build/BUILD/shim-16.1/Cryptlib/OpenSSL/Include/ -I/builddir/build/BUILD/shim-16.1/Cryptlib/OpenSSL/crypto -I/builddir/build/BUILD/shim-16.1/Cryptlib/Include -I/builddir/build/BUILD/shim-16.1/gnu-efi/inc -I/builddir/build/BUILD/shim-16.1/gnu-efi/inc/aarch64 -I/builddir/build/BUILD/shim-16.1/gnu-efi/inc/protocol -I/builddir/build/BUILD/shim-16.1/Cryptlib/OpenSSL/crypto/asn1 -I/builddir/build/BUILD/shim-16.1/Cryptlib/OpenSSL/crypto/evp -I/builddir/build/BUILD/shim-16.1/Cryptlib/OpenSSL/crypto/modes -I/builddir/build/BUILD/shim-16.1/Cryptlib/OpenSSL/crypto/include -isystem /builddir/build/BUILD/shim-16.1/include/system -isystem /usr/lib/gcc/aarch64-redhat-linux/11/include -DL_ENDIAN -D_CRT_SECURE_NO_DEPRECATE -D_CRT_NONSTDC_NO_DEPRECATE -DOPENSSL_SMALL_FOOTPRINT -DPEDANTIC -DMDE_CPU_AARCH64   -c -o crypto/evp/p_enc.o /builddir/build/BUILD/shim-16.1/Cryptlib/OpenSSL/crypto/evp/p_enc.c
DEBUG util.py:461:  gcc -std=gnu11 -ggdb -gdwarf-4 -gstrict-dwarf -ffreestanding -fmacro-prefix-map=/builddir/build/BUILD/shim-16.1/= -fno-stack-protector -fno-strict-aliasing -fpic -fshort-wchar -nostdinc -Os -Wall -Wextra -Wno-missing-field-initializers -Wno-empty-body -Wno-implicit-fallthrough -Wno-old-style-declaration -Wno-unused-but-set-variable -Wno-unused-parameter -Werror -Wno-error=unused-but-set-variable -Wno-error=unused-parameter -I/builddir/build/BUILD/shim-16.1/Cryptlib/OpenSSL -I/builddir/build/BUILD/shim-16.1/Cryptlib -I/builddir/build/BUILD/shim-16.1/Cryptlib/OpenSSL/Include/ -I/builddir/build/BUILD/shim-16.1/Cryptlib/OpenSSL/crypto -I/builddir/build/BUILD/shim-16.1/Cryptlib/Include -I/builddir/build/BUILD/shim-16.1/gnu-efi/inc -I/builddir/build/BUILD/shim-16.1/gnu-efi/inc/aarch64 -I/builddir/build/BUILD/shim-16.1/gnu-efi/inc/protocol -I/builddir/build/BUILD/shim-16.1/Cryptlib/OpenSSL/crypto/asn1 -I/builddir/build/BUILD/shim-16.1/Cryptlib/OpenSSL/crypto/evp -I/builddir/build/BUILD/shim-16.1/Cryptlib/OpenSSL/crypto/modes -I/builddir/build/BUILD/shim-16.1/Cryptlib/OpenSSL/crypto/include -isystem /builddir/build/BUILD/shim-16.1/include/system -isystem /usr/lib/gcc/aarch64-redhat-linux/11/include -DL_ENDIAN -D_CRT_SECURE_NO_DEPRECATE -D_CRT_NONSTDC_NO_DEPRECATE -DOPENSSL_SMALL_FOOTPRINT -DPEDANTIC -DMDE_CPU_AARCH64   -c -o crypto/evp/p_dec.o /builddir/build/BUILD/shim-16.1/Cryptlib/OpenSSL/crypto/evp/p_dec.c
DEBUG util.py:461:  gcc -std=gnu11 -ggdb -gdwarf-4 -gstrict-dwarf -ffreestanding -fmacro-prefix-map=/builddir/build/BUILD/shim-16.1/= -fno-stack-protector -fno-strict-aliasing -fpic -fshort-wchar -nostdinc -Os -Wall -Wextra -Wno-missing-field-initializers -Wno-empty-body -Wno-implicit-fallthrough -Wno-old-style-declaration -Wno-unused-but-set-variable -Wno-unused-parameter -Werror -Wno-error=unused-but-set-variable -Wno-error=unused-parameter -I/builddir/build/BUILD/shim-16.1/Cryptlib/OpenSSL -I/builddir/build/BUILD/shim-16.1/Cryptlib -I/builddir/build/BUILD/shim-16.1/Cryptlib/OpenSSL/Include/ -I/builddir/build/BUILD/shim-16.1/Cryptlib/OpenSSL/crypto -I/builddir/build/BUILD/shim-16.1/Cryptlib/Include -I/builddir/build/BUILD/shim-16.1/gnu-efi/inc -I/builddir/build/BUILD/shim-16.1/gnu-efi/inc/aarch64 -I/builddir/build/BUILD/shim-16.1/gnu-efi/inc/protocol -I/builddir/build/BUILD/shim-16.1/Cryptlib/OpenSSL/crypto/asn1 -I/builddir/build/BUILD/shim-16.1/Cryptlib/OpenSSL/crypto/evp -I/builddir/build/BUILD/shim-16.1/Cryptlib/OpenSSL/crypto/modes -I/builddir/build/BUILD/shim-16.1/Cryptlib/OpenSSL/crypto/include -isystem /builddir/build/BUILD/shim-16.1/include/system -isystem /usr/lib/gcc/aarch64-redhat-linux/11/include -DL_ENDIAN -D_CRT_SECURE_NO_DEPRECATE -D_CRT_NONSTDC_NO_DEPRECATE -DOPENSSL_SMALL_FOOTPRINT -DPEDANTIC -DMDE_CPU_AARCH64   -c -o crypto/evp/bio_md.o /builddir/build/BUILD/shim-16.1/Cryptlib/OpenSSL/crypto/evp/bio_md.c
DEBUG util.py:461:  gcc -std=gnu11 -ggdb -gdwarf-4 -gstrict-dwarf -ffreestanding -fmacro-prefix-map=/builddir/build/BUILD/shim-16.1/= -fno-stack-protector -fno-strict-aliasing -fpic -fshort-wchar -nostdinc -Os -Wall -Wextra -Wno-missing-field-initializers -Wno-empty-body -Wno-implicit-fallthrough -Wno-old-style-declaration -Wno-unused-but-set-variable -Wno-unused-parameter -Werror -Wno-error=unused-but-set-variable -Wno-error=unused-parameter -I/builddir/build/BUILD/shim-16.1/Cryptlib/OpenSSL -I/builddir/build/BUILD/shim-16.1/Cryptlib -I/builddir/build/BUILD/shim-16.1/Cryptlib/OpenSSL/Include/ -I/builddir/build/BUILD/shim-16.1/Cryptlib/OpenSSL/crypto -I/builddir/build/BUILD/shim-16.1/Cryptlib/Include -I/builddir/build/BUILD/shim-16.1/gnu-efi/inc -I/builddir/build/BUILD/shim-16.1/gnu-efi/inc/aarch64 -I/builddir/build/BUILD/shim-16.1/gnu-efi/inc/protocol -I/builddir/build/BUILD/shim-16.1/Cryptlib/OpenSSL/crypto/asn1 -I/builddir/build/BUILD/shim-16.1/Cryptlib/OpenSSL/crypto/evp -I/builddir/build/BUILD/shim-16.1/Cryptlib/OpenSSL/crypto/modes -I/builddir/build/BUILD/shim-16.1/Cryptlib/OpenSSL/crypto/include -isystem /builddir/build/BUILD/shim-16.1/include/system -isystem /usr/lib/gcc/aarch64-redhat-linux/11/include -DL_ENDIAN -D_CRT_SECURE_NO_DEPRECATE -D_CRT_NONSTDC_NO_DEPRECATE -DOPENSSL_SMALL_FOOTPRINT -DPEDANTIC -DMDE_CPU_AARCH64   -c -o crypto/evp/bio_b64.o /builddir/build/BUILD/shim-16.1/Cryptlib/OpenSSL/crypto/evp/bio_b64.c
DEBUG util.py:461:  gcc -std=gnu11 -ggdb -gdwarf-4 -gstrict-dwarf -ffreestanding -fmacro-prefix-map=/builddir/build/BUILD/shim-16.1/= -fno-stack-protector -fno-strict-aliasing -fpic -fshort-wchar -nostdinc -Os -Wall -Wextra -Wno-missing-field-initializers -Wno-empty-body -Wno-implicit-fallthrough -Wno-old-style-declaration -Wno-unused-but-set-variable -Wno-unused-parameter -Werror -Wno-error=unused-but-set-variable -Wno-error=unused-parameter -I/builddir/build/BUILD/shim-16.1/Cryptlib/OpenSSL -I/builddir/build/BUILD/shim-16.1/Cryptlib -I/builddir/build/BUILD/shim-16.1/Cryptlib/OpenSSL/Include/ -I/builddir/build/BUILD/shim-16.1/Cryptlib/OpenSSL/crypto -I/builddir/build/BUILD/shim-16.1/Cryptlib/Include -I/builddir/build/BUILD/shim-16.1/gnu-efi/inc -I/builddir/build/BUILD/shim-16.1/gnu-efi/inc/aarch64 -I/builddir/build/BUILD/shim-16.1/gnu-efi/inc/protocol -I/builddir/build/BUILD/shim-16.1/Cryptlib/OpenSSL/crypto/asn1 -I/builddir/build/BUILD/shim-16.1/Cryptlib/OpenSSL/crypto/evp -I/builddir/build/BUILD/shim-16.1/Cryptlib/OpenSSL/crypto/modes -I/builddir/build/BUILD/shim-16.1/Cryptlib/OpenSSL/crypto/include -isystem /builddir/build/BUILD/shim-16.1/include/system -isystem /usr/lib/gcc/aarch64-redhat-linux/11/include -DL_ENDIAN -D_CRT_SECURE_NO_DEPRECATE -D_CRT_NONSTDC_NO_DEPRECATE -DOPENSSL_SMALL_FOOTPRINT -DPEDANTIC -DMDE_CPU_AARCH64   -c -o crypto/evp/bio_enc.o /builddir/build/BUILD/shim-16.1/Cryptlib/OpenSSL/crypto/evp/bio_enc.c
DEBUG util.py:461:  gcc -std=gnu11 -ggdb -gdwarf-4 -gstrict-dwarf -ffreestanding -fmacro-prefix-map=/builddir/build/BUILD/shim-16.1/= -fno-stack-protector -fno-strict-aliasing -fpic -fshort-wchar -nostdinc -Os -Wall -Wextra -Wno-missing-field-initializers -Wno-empty-body -Wno-implicit-fallthrough -Wno-old-style-declaration -Wno-unused-but-set-variable -Wno-unused-parameter -Werror -Wno-error=unused-but-set-variable -Wno-error=unused-parameter -I/builddir/build/BUILD/shim-16.1/Cryptlib/OpenSSL -I/builddir/build/BUILD/shim-16.1/Cryptlib -I/builddir/build/BUILD/shim-16.1/Cryptlib/OpenSSL/Include/ -I/builddir/build/BUILD/shim-16.1/Cryptlib/OpenSSL/crypto -I/builddir/build/BUILD/shim-16.1/Cryptlib/Include -I/builddir/build/BUILD/shim-16.1/gnu-efi/inc -I/builddir/build/BUILD/shim-16.1/gnu-efi/inc/aarch64 -I/builddir/build/BUILD/shim-16.1/gnu-efi/inc/protocol -I/builddir/build/BUILD/shim-16.1/Cryptlib/OpenSSL/crypto/asn1 -I/builddir/build/BUILD/shim-16.1/Cryptlib/OpenSSL/crypto/evp -I/builddir/build/BUILD/shim-16.1/Cryptlib/OpenSSL/crypto/modes -I/builddir/build/BUILD/shim-16.1/Cryptlib/OpenSSL/crypto/include -isystem /builddir/build/BUILD/shim-16.1/include/system -isystem /usr/lib/gcc/aarch64-redhat-linux/11/include -DL_ENDIAN -D_CRT_SECURE_NO_DEPRECATE -D_CRT_NONSTDC_NO_DEPRECATE -DOPENSSL_SMALL_FOOTPRINT -DPEDANTIC -DMDE_CPU_AARCH64   -c -o crypto/evp/evp_err.o /builddir/build/BUILD/shim-16.1/Cryptlib/OpenSSL/crypto/evp/evp_err.c
DEBUG util.py:461:  gcc -std=gnu11 -ggdb -gdwarf-4 -gstrict-dwarf -ffreestanding -fmacro-prefix-map=/builddir/build/BUILD/shim-16.1/= -fno-stack-protector -fno-strict-aliasing -fpic -fshort-wchar -nostdinc -Os -Wall -Wextra -Wno-missing-field-initializers -Wno-empty-body -Wno-implicit-fallthrough -Wno-old-style-declaration -Wno-unused-but-set-variable -Wno-unused-parameter -Werror -Wno-error=unused-but-set-variable -Wno-error=unused-parameter -I/builddir/build/BUILD/shim-16.1/Cryptlib/OpenSSL -I/builddir/build/BUILD/shim-16.1/Cryptlib -I/builddir/build/BUILD/shim-16.1/Cryptlib/OpenSSL/Include/ -I/builddir/build/BUILD/shim-16.1/Cryptlib/OpenSSL/crypto -I/builddir/build/BUILD/shim-16.1/Cryptlib/Include -I/builddir/build/BUILD/shim-16.1/gnu-efi/inc -I/builddir/build/BUILD/shim-16.1/gnu-efi/inc/aarch64 -I/builddir/build/BUILD/shim-16.1/gnu-efi/inc/protocol -I/builddir/build/BUILD/shim-16.1/Cryptlib/OpenSSL/crypto/asn1 -I/builddir/build/BUILD/shim-16.1/Cryptlib/OpenSSL/crypto/evp -I/builddir/build/BUILD/shim-16.1/Cryptlib/OpenSSL/crypto/modes -I/builddir/build/BUILD/shim-16.1/Cryptlib/OpenSSL/crypto/include -isystem /builddir/build/BUILD/shim-16.1/include/system -isystem /usr/lib/gcc/aarch64-redhat-linux/11/include -DL_ENDIAN -D_CRT_SECURE_NO_DEPRECATE -D_CRT_NONSTDC_NO_DEPRECATE -DOPENSSL_SMALL_FOOTPRINT -DPEDANTIC -DMDE_CPU_AARCH64   -c -o crypto/evp/e_null.o /builddir/build/BUILD/shim-16.1/Cryptlib/OpenSSL/crypto/evp/e_null.c
DEBUG util.py:461:  gcc -std=gnu11 -ggdb -gdwarf-4 -gstrict-dwarf -ffreestanding -fmacro-prefix-map=/builddir/build/BUILD/shim-16.1/= -fno-stack-protector -fno-strict-aliasing -fpic -fshort-wchar -nostdinc -Os -Wall -Wextra -Wno-missing-field-initializers -Wno-empty-body -Wno-implicit-fallthrough -Wno-old-style-declaration -Wno-unused-but-set-variable -Wno-unused-parameter -Werror -Wno-error=unused-but-set-variable -Wno-error=unused-parameter -I/builddir/build/BUILD/shim-16.1/Cryptlib/OpenSSL -I/builddir/build/BUILD/shim-16.1/Cryptlib -I/builddir/build/BUILD/shim-16.1/Cryptlib/OpenSSL/Include/ -I/builddir/build/BUILD/shim-16.1/Cryptlib/OpenSSL/crypto -I/builddir/build/BUILD/shim-16.1/Cryptlib/Include -I/builddir/build/BUILD/shim-16.1/gnu-efi/inc -I/builddir/build/BUILD/shim-16.1/gnu-efi/inc/aarch64 -I/builddir/build/BUILD/shim-16.1/gnu-efi/inc/protocol -I/builddir/build/BUILD/shim-16.1/Cryptlib/OpenSSL/crypto/asn1 -I/builddir/build/BUILD/shim-16.1/Cryptlib/OpenSSL/crypto/evp -I/builddir/build/BUILD/shim-16.1/Cryptlib/OpenSSL/crypto/modes -I/builddir/build/BUILD/shim-16.1/Cryptlib/OpenSSL/crypto/include -isystem /builddir/build/BUILD/shim-16.1/include/system -isystem /usr/lib/gcc/aarch64-redhat-linux/11/include -DL_ENDIAN -D_CRT_SECURE_NO_DEPRECATE -D_CRT_NONSTDC_NO_DEPRECATE -DOPENSSL_SMALL_FOOTPRINT -DPEDANTIC -DMDE_CPU_AARCH64   -c -o crypto/evp/c_all.o /builddir/build/BUILD/shim-16.1/Cryptlib/OpenSSL/crypto/evp/c_all.c
DEBUG util.py:461:  gcc -std=gnu11 -ggdb -gdwarf-4 -gstrict-dwarf -ffreestanding -fmacro-prefix-map=/builddir/build/BUILD/shim-16.1/= -fno-stack-protector -fno-strict-aliasing -fpic -fshort-wchar -nostdinc -Os -Wall -Wextra -Wno-missing-field-initializers -Wno-empty-body -Wno-implicit-fallthrough -Wno-old-style-declaration -Wno-unused-but-set-variable -Wno-unused-parameter -Werror -Wno-error=unused-but-set-variable -Wno-error=unused-parameter -I/builddir/build/BUILD/shim-16.1/Cryptlib/OpenSSL -I/builddir/build/BUILD/shim-16.1/Cryptlib -I/builddir/build/BUILD/shim-16.1/Cryptlib/OpenSSL/Include/ -I/builddir/build/BUILD/shim-16.1/Cryptlib/OpenSSL/crypto -I/builddir/build/BUILD/shim-16.1/Cryptlib/Include -I/builddir/build/BUILD/shim-16.1/gnu-efi/inc -I/builddir/build/BUILD/shim-16.1/gnu-efi/inc/aarch64 -I/builddir/build/BUILD/shim-16.1/gnu-efi/inc/protocol -I/builddir/build/BUILD/shim-16.1/Cryptlib/OpenSSL/crypto/asn1 -I/builddir/build/BUILD/shim-16.1/Cryptlib/OpenSSL/crypto/evp -I/builddir/build/BUILD/shim-16.1/Cryptlib/OpenSSL/crypto/modes -I/builddir/build/BUILD/shim-16.1/Cryptlib/OpenSSL/crypto/include -isystem /builddir/build/BUILD/shim-16.1/include/system -isystem /usr/lib/gcc/aarch64-redhat-linux/11/include -DL_ENDIAN -D_CRT_SECURE_NO_DEPRECATE -D_CRT_NONSTDC_NO_DEPRECATE -DOPENSSL_SMALL_FOOTPRINT -DPEDANTIC -DMDE_CPU_AARCH64   -c -o crypto/evp/c_allc.o /builddir/build/BUILD/shim-16.1/Cryptlib/OpenSSL/crypto/evp/c_allc.c
DEBUG util.py:461:  gcc -std=gnu11 -ggdb -gdwarf-4 -gstrict-dwarf -ffreestanding -fmacro-prefix-map=/builddir/build/BUILD/shim-16.1/= -fno-stack-protector -fno-strict-aliasing -fpic -fshort-wchar -nostdinc -Os -Wall -Wextra -Wno-missing-field-initializers -Wno-empty-body -Wno-implicit-fallthrough -Wno-old-style-declaration -Wno-unused-but-set-variable -Wno-unused-parameter -Werror -Wno-error=unused-but-set-variable -Wno-error=unused-parameter -I/builddir/build/BUILD/shim-16.1/Cryptlib/OpenSSL -I/builddir/build/BUILD/shim-16.1/Cryptlib -I/builddir/build/BUILD/shim-16.1/Cryptlib/OpenSSL/Include/ -I/builddir/build/BUILD/shim-16.1/Cryptlib/OpenSSL/crypto -I/builddir/build/BUILD/shim-16.1/Cryptlib/Include -I/builddir/build/BUILD/shim-16.1/gnu-efi/inc -I/builddir/build/BUILD/shim-16.1/gnu-efi/inc/aarch64 -I/builddir/build/BUILD/shim-16.1/gnu-efi/inc/protocol -I/builddir/build/BUILD/shim-16.1/Cryptlib/OpenSSL/crypto/asn1 -I/builddir/build/BUILD/shim-16.1/Cryptlib/OpenSSL/crypto/evp -I/builddir/build/BUILD/shim-16.1/Cryptlib/OpenSSL/crypto/modes -I/builddir/build/BUILD/shim-16.1/Cryptlib/OpenSSL/crypto/include -isystem /builddir/build/BUILD/shim-16.1/include/system -isystem /usr/lib/gcc/aarch64-redhat-linux/11/include -DL_ENDIAN -D_CRT_SECURE_NO_DEPRECATE -D_CRT_NONSTDC_NO_DEPRECATE -DOPENSSL_SMALL_FOOTPRINT -DPEDANTIC -DMDE_CPU_AARCH64   -c -o crypto/evp/c_alld.o /builddir/build/BUILD/shim-16.1/Cryptlib/OpenSSL/crypto/evp/c_alld.c
DEBUG util.py:461:  gcc -std=gnu11 -ggdb -gdwarf-4 -gstrict-dwarf -ffreestanding -fmacro-prefix-map=/builddir/build/BUILD/shim-16.1/= -fno-stack-protector -fno-strict-aliasing -fpic -fshort-wchar -nostdinc -Os -Wall -Wextra -Wno-missing-field-initializers -Wno-empty-body -Wno-implicit-fallthrough -Wno-old-style-declaration -Wno-unused-but-set-variable -Wno-unused-parameter -Werror -Wno-error=unused-but-set-variable -Wno-error=unused-parameter -I/builddir/build/BUILD/shim-16.1/Cryptlib/OpenSSL -I/builddir/build/BUILD/shim-16.1/Cryptlib -I/builddir/build/BUILD/shim-16.1/Cryptlib/OpenSSL/Include/ -I/builddir/build/BUILD/shim-16.1/Cryptlib/OpenSSL/crypto -I/builddir/build/BUILD/shim-16.1/Cryptlib/Include -I/builddir/build/BUILD/shim-16.1/gnu-efi/inc -I/builddir/build/BUILD/shim-16.1/gnu-efi/inc/aarch64 -I/builddir/build/BUILD/shim-16.1/gnu-efi/inc/protocol -I/builddir/build/BUILD/shim-16.1/Cryptlib/OpenSSL/crypto/asn1 -I/builddir/build/BUILD/shim-16.1/Cryptlib/OpenSSL/crypto/evp -I/builddir/build/BUILD/shim-16.1/Cryptlib/OpenSSL/crypto/modes -I/builddir/build/BUILD/shim-16.1/Cryptlib/OpenSSL/crypto/include -isystem /builddir/build/BUILD/shim-16.1/include/system -isystem /usr/lib/gcc/aarch64-redhat-linux/11/include -DL_ENDIAN -D_CRT_SECURE_NO_DEPRECATE -D_CRT_NONSTDC_NO_DEPRECATE -DOPENSSL_SMALL_FOOTPRINT -DPEDANTIC -DMDE_CPU_AARCH64   -c -o crypto/evp/evp_lib.o /builddir/build/BUILD/shim-16.1/Cryptlib/OpenSSL/crypto/evp/evp_lib.c
DEBUG util.py:461:  gcc -std=gnu11 -ggdb -gdwarf-4 -gstrict-dwarf -ffreestanding -fmacro-prefix-map=/builddir/build/BUILD/shim-16.1/= -fno-stack-protector -fno-strict-aliasing -fpic -fshort-wchar -nostdinc -Os -Wall -Wextra -Wno-missing-field-initializers -Wno-empty-body -Wno-implicit-fallthrough -Wno-old-style-declaration -Wno-unused-but-set-variable -Wno-unused-parameter -Werror -Wno-error=unused-but-set-variable -Wno-error=unused-parameter -I/builddir/build/BUILD/shim-16.1/Cryptlib/OpenSSL -I/builddir/build/BUILD/shim-16.1/Cryptlib -I/builddir/build/BUILD/shim-16.1/Cryptlib/OpenSSL/Include/ -I/builddir/build/BUILD/shim-16.1/Cryptlib/OpenSSL/crypto -I/builddir/build/BUILD/shim-16.1/Cryptlib/Include -I/builddir/build/BUILD/shim-16.1/gnu-efi/inc -I/builddir/build/BUILD/shim-16.1/gnu-efi/inc/aarch64 -I/builddir/build/BUILD/shim-16.1/gnu-efi/inc/protocol -I/builddir/build/BUILD/shim-16.1/Cryptlib/OpenSSL/crypto/asn1 -I/builddir/build/BUILD/shim-16.1/Cryptlib/OpenSSL/crypto/evp -I/builddir/build/BUILD/shim-16.1/Cryptlib/OpenSSL/crypto/modes -I/builddir/build/BUILD/shim-16.1/Cryptlib/OpenSSL/crypto/include -isystem /builddir/build/BUILD/shim-16.1/include/system -isystem /usr/lib/gcc/aarch64-redhat-linux/11/include -DL_ENDIAN -D_CRT_SECURE_NO_DEPRECATE -D_CRT_NONSTDC_NO_DEPRECATE -DOPENSSL_SMALL_FOOTPRINT -DPEDANTIC -DMDE_CPU_AARCH64   -c -o crypto/evp/bio_ok.o /builddir/build/BUILD/shim-16.1/Cryptlib/OpenSSL/crypto/evp/bio_ok.c
DEBUG util.py:461:  gcc -std=gnu11 -ggdb -gdwarf-4 -gstrict-dwarf -ffreestanding -fmacro-prefix-map=/builddir/build/BUILD/shim-16.1/= -fno-stack-protector -fno-strict-aliasing -fpic -fshort-wchar -nostdinc -Os -Wall -Wextra -Wno-missing-field-initializers -Wno-empty-body -Wno-implicit-fallthrough -Wno-old-style-declaration -Wno-unused-but-set-variable -Wno-unused-parameter -Werror -Wno-error=unused-but-set-variable -Wno-error=unused-parameter -I/builddir/build/BUILD/shim-16.1/Cryptlib/OpenSSL -I/builddir/build/BUILD/shim-16.1/Cryptlib -I/builddir/build/BUILD/shim-16.1/Cryptlib/OpenSSL/Include/ -I/builddir/build/BUILD/shim-16.1/Cryptlib/OpenSSL/crypto -I/builddir/build/BUILD/shim-16.1/Cryptlib/Include -I/builddir/build/BUILD/shim-16.1/gnu-efi/inc -I/builddir/build/BUILD/shim-16.1/gnu-efi/inc/aarch64 -I/builddir/build/BUILD/shim-16.1/gnu-efi/inc/protocol -I/builddir/build/BUILD/shim-16.1/Cryptlib/OpenSSL/crypto/asn1 -I/builddir/build/BUILD/shim-16.1/Cryptlib/OpenSSL/crypto/evp -I/builddir/build/BUILD/shim-16.1/Cryptlib/OpenSSL/crypto/modes -I/builddir/build/BUILD/shim-16.1/Cryptlib/OpenSSL/crypto/include -isystem /builddir/build/BUILD/shim-16.1/include/system -isystem /usr/lib/gcc/aarch64-redhat-linux/11/include -DL_ENDIAN -D_CRT_SECURE_NO_DEPRECATE -D_CRT_NONSTDC_NO_DEPRECATE -DOPENSSL_SMALL_FOOTPRINT -DPEDANTIC -DMDE_CPU_AARCH64   -c -o crypto/evp/evp_pkey.o /builddir/build/BUILD/shim-16.1/Cryptlib/OpenSSL/crypto/evp/evp_pkey.c
DEBUG util.py:461:  gcc -std=gnu11 -ggdb -gdwarf-4 -gstrict-dwarf -ffreestanding -fmacro-prefix-map=/builddir/build/BUILD/shim-16.1/= -fno-stack-protector -fno-strict-aliasing -fpic -fshort-wchar -nostdinc -Os -Wall -Wextra -Wno-missing-field-initializers -Wno-empty-body -Wno-implicit-fallthrough -Wno-old-style-declaration -Wno-unused-but-set-variable -Wno-unused-parameter -Werror -Wno-error=unused-but-set-variable -Wno-error=unused-parameter -I/builddir/build/BUILD/shim-16.1/Cryptlib/OpenSSL -I/builddir/build/BUILD/shim-16.1/Cryptlib -I/builddir/build/BUILD/shim-16.1/Cryptlib/OpenSSL/Include/ -I/builddir/build/BUILD/shim-16.1/Cryptlib/OpenSSL/crypto -I/builddir/build/BUILD/shim-16.1/Cryptlib/Include -I/builddir/build/BUILD/shim-16.1/gnu-efi/inc -I/builddir/build/BUILD/shim-16.1/gnu-efi/inc/aarch64 -I/builddir/build/BUILD/shim-16.1/gnu-efi/inc/protocol -I/builddir/build/BUILD/shim-16.1/Cryptlib/OpenSSL/crypto/asn1 -I/builddir/build/BUILD/shim-16.1/Cryptlib/OpenSSL/crypto/evp -I/builddir/build/BUILD/shim-16.1/Cryptlib/OpenSSL/crypto/modes -I/builddir/build/BUILD/shim-16.1/Cryptlib/OpenSSL/crypto/include -isystem /builddir/build/BUILD/shim-16.1/include/system -isystem /usr/lib/gcc/aarch64-redhat-linux/11/include -DL_ENDIAN -D_CRT_SECURE_NO_DEPRECATE -D_CRT_NONSTDC_NO_DEPRECATE -DOPENSSL_SMALL_FOOTPRINT -DPEDANTIC -DMDE_CPU_AARCH64   -c -o crypto/evp/evp_pbe.o /builddir/build/BUILD/shim-16.1/Cryptlib/OpenSSL/crypto/evp/evp_pbe.c
DEBUG util.py:461:  gcc -std=gnu11 -ggdb -gdwarf-4 -gstrict-dwarf -ffreestanding -fmacro-prefix-map=/builddir/build/BUILD/shim-16.1/= -fno-stack-protector -fno-strict-aliasing -fpic -fshort-wchar -nostdinc -Os -Wall -Wextra -Wno-missing-field-initializers -Wno-empty-body -Wno-implicit-fallthrough -Wno-old-style-declaration -Wno-unused-but-set-variable -Wno-unused-parameter -Werror -Wno-error=unused-but-set-variable -Wno-error=unused-parameter -I/builddir/build/BUILD/shim-16.1/Cryptlib/OpenSSL -I/builddir/build/BUILD/shim-16.1/Cryptlib -I/builddir/build/BUILD/shim-16.1/Cryptlib/OpenSSL/Include/ -I/builddir/build/BUILD/shim-16.1/Cryptlib/OpenSSL/crypto -I/builddir/build/BUILD/shim-16.1/Cryptlib/Include -I/builddir/build/BUILD/shim-16.1/gnu-efi/inc -I/builddir/build/BUILD/shim-16.1/gnu-efi/inc/aarch64 -I/builddir/build/BUILD/shim-16.1/gnu-efi/inc/protocol -I/builddir/build/BUILD/shim-16.1/Cryptlib/OpenSSL/crypto/asn1 -I/builddir/build/BUILD/shim-16.1/Cryptlib/OpenSSL/crypto/evp -I/builddir/build/BUILD/shim-16.1/Cryptlib/OpenSSL/crypto/modes -I/builddir/build/BUILD/shim-16.1/Cryptlib/OpenSSL/crypto/include -isystem /builddir/build/BUILD/shim-16.1/include/system -isystem /usr/lib/gcc/aarch64-redhat-linux/11/include -DL_ENDIAN -D_CRT_SECURE_NO_DEPRECATE -D_CRT_NONSTDC_NO_DEPRECATE -DOPENSSL_SMALL_FOOTPRINT -DPEDANTIC -DMDE_CPU_AARCH64   -c -o crypto/evp/p5_crpt.o /builddir/build/BUILD/shim-16.1/Cryptlib/OpenSSL/crypto/evp/p5_crpt.c
DEBUG util.py:461:  gcc -std=gnu11 -ggdb -gdwarf-4 -gstrict-dwarf -ffreestanding -fmacro-prefix-map=/builddir/build/BUILD/shim-16.1/= -fno-stack-protector -fno-strict-aliasing -fpic -fshort-wchar -nostdinc -Os -Wall -Wextra -Wno-missing-field-initializers -Wno-empty-body -Wno-implicit-fallthrough -Wno-old-style-declaration -Wno-unused-but-set-variable -Wno-unused-parameter -Werror -Wno-error=unused-but-set-variable -Wno-error=unused-parameter -I/builddir/build/BUILD/shim-16.1/Cryptlib/OpenSSL -I/builddir/build/BUILD/shim-16.1/Cryptlib -I/builddir/build/BUILD/shim-16.1/Cryptlib/OpenSSL/Include/ -I/builddir/build/BUILD/shim-16.1/Cryptlib/OpenSSL/crypto -I/builddir/build/BUILD/shim-16.1/Cryptlib/Include -I/builddir/build/BUILD/shim-16.1/gnu-efi/inc -I/builddir/build/BUILD/shim-16.1/gnu-efi/inc/aarch64 -I/builddir/build/BUILD/shim-16.1/gnu-efi/inc/protocol -I/builddir/build/BUILD/shim-16.1/Cryptlib/OpenSSL/crypto/asn1 -I/builddir/build/BUILD/shim-16.1/Cryptlib/OpenSSL/crypto/evp -I/builddir/build/BUILD/shim-16.1/Cryptlib/OpenSSL/crypto/modes -I/builddir/build/BUILD/shim-16.1/Cryptlib/OpenSSL/crypto/include -isystem /builddir/build/BUILD/shim-16.1/include/system -isystem /usr/lib/gcc/aarch64-redhat-linux/11/include -DL_ENDIAN -D_CRT_SECURE_NO_DEPRECATE -D_CRT_NONSTDC_NO_DEPRECATE -DOPENSSL_SMALL_FOOTPRINT -DPEDANTIC -DMDE_CPU_AARCH64   -c -o crypto/evp/p5_crpt2.o /builddir/build/BUILD/shim-16.1/Cryptlib/OpenSSL/crypto/evp/p5_crpt2.c
DEBUG util.py:461:  gcc -std=gnu11 -ggdb -gdwarf-4 -gstrict-dwarf -ffreestanding -fmacro-prefix-map=/builddir/build/BUILD/shim-16.1/= -fno-stack-protector -fno-strict-aliasing -fpic -fshort-wchar -nostdinc -Os -Wall -Wextra -Wno-missing-field-initializers -Wno-empty-body -Wno-implicit-fallthrough -Wno-old-style-declaration -Wno-unused-but-set-variable -Wno-unused-parameter -Werror -Wno-error=unused-but-set-variable -Wno-error=unused-parameter -I/builddir/build/BUILD/shim-16.1/Cryptlib/OpenSSL -I/builddir/build/BUILD/shim-16.1/Cryptlib -I/builddir/build/BUILD/shim-16.1/Cryptlib/OpenSSL/Include/ -I/builddir/build/BUILD/shim-16.1/Cryptlib/OpenSSL/crypto -I/builddir/build/BUILD/shim-16.1/Cryptlib/Include -I/builddir/build/BUILD/shim-16.1/gnu-efi/inc -I/builddir/build/BUILD/shim-16.1/gnu-efi/inc/aarch64 -I/builddir/build/BUILD/shim-16.1/gnu-efi/inc/protocol -I/builddir/build/BUILD/shim-16.1/Cryptlib/OpenSSL/crypto/asn1 -I/builddir/build/BUILD/shim-16.1/Cryptlib/OpenSSL/crypto/evp -I/builddir/build/BUILD/shim-16.1/Cryptlib/OpenSSL/crypto/modes -I/builddir/build/BUILD/shim-16.1/Cryptlib/OpenSSL/crypto/include -isystem /builddir/build/BUILD/shim-16.1/include/system -isystem /usr/lib/gcc/aarch64-redhat-linux/11/include -DL_ENDIAN -D_CRT_SECURE_NO_DEPRECATE -D_CRT_NONSTDC_NO_DEPRECATE -DOPENSSL_SMALL_FOOTPRINT -DPEDANTIC -DMDE_CPU_AARCH64   -c -o crypto/evp/e_old.o /builddir/build/BUILD/shim-16.1/Cryptlib/OpenSSL/crypto/evp/e_old.c
DEBUG util.py:461:  gcc -std=gnu11 -ggdb -gdwarf-4 -gstrict-dwarf -ffreestanding -fmacro-prefix-map=/builddir/build/BUILD/shim-16.1/= -fno-stack-protector -fno-strict-aliasing -fpic -fshort-wchar -nostdinc -Os -Wall -Wextra -Wno-missing-field-initializers -Wno-empty-body -Wno-implicit-fallthrough -Wno-old-style-declaration -Wno-unused-but-set-variable -Wno-unused-parameter -Werror -Wno-error=unused-but-set-variable -Wno-error=unused-parameter -I/builddir/build/BUILD/shim-16.1/Cryptlib/OpenSSL -I/builddir/build/BUILD/shim-16.1/Cryptlib -I/builddir/build/BUILD/shim-16.1/Cryptlib/OpenSSL/Include/ -I/builddir/build/BUILD/shim-16.1/Cryptlib/OpenSSL/crypto -I/builddir/build/BUILD/shim-16.1/Cryptlib/Include -I/builddir/build/BUILD/shim-16.1/gnu-efi/inc -I/builddir/build/BUILD/shim-16.1/gnu-efi/inc/aarch64 -I/builddir/build/BUILD/shim-16.1/gnu-efi/inc/protocol -I/builddir/build/BUILD/shim-16.1/Cryptlib/OpenSSL/crypto/asn1 -I/builddir/build/BUILD/shim-16.1/Cryptlib/OpenSSL/crypto/evp -I/builddir/build/BUILD/shim-16.1/Cryptlib/OpenSSL/crypto/modes -I/builddir/build/BUILD/shim-16.1/Cryptlib/OpenSSL/crypto/include -isystem /builddir/build/BUILD/shim-16.1/include/system -isystem /usr/lib/gcc/aarch64-redhat-linux/11/include -DL_ENDIAN -D_CRT_SECURE_NO_DEPRECATE -D_CRT_NONSTDC_NO_DEPRECATE -DOPENSSL_SMALL_FOOTPRINT -DPEDANTIC -DMDE_CPU_AARCH64   -c -o crypto/evp/pmeth_lib.o /builddir/build/BUILD/shim-16.1/Cryptlib/OpenSSL/crypto/evp/pmeth_lib.c
DEBUG util.py:461:  gcc -std=gnu11 -ggdb -gdwarf-4 -gstrict-dwarf -ffreestanding -fmacro-prefix-map=/builddir/build/BUILD/shim-16.1/= -fno-stack-protector -fno-strict-aliasing -fpic -fshort-wchar -nostdinc -Os -Wall -Wextra -Wno-missing-field-initializers -Wno-empty-body -Wno-implicit-fallthrough -Wno-old-style-declaration -Wno-unused-but-set-variable -Wno-unused-parameter -Werror -Wno-error=unused-but-set-variable -Wno-error=unused-parameter -I/builddir/build/BUILD/shim-16.1/Cryptlib/OpenSSL -I/builddir/build/BUILD/shim-16.1/Cryptlib -I/builddir/build/BUILD/shim-16.1/Cryptlib/OpenSSL/Include/ -I/builddir/build/BUILD/shim-16.1/Cryptlib/OpenSSL/crypto -I/builddir/build/BUILD/shim-16.1/Cryptlib/Include -I/builddir/build/BUILD/shim-16.1/gnu-efi/inc -I/builddir/build/BUILD/shim-16.1/gnu-efi/inc/aarch64 -I/builddir/build/BUILD/shim-16.1/gnu-efi/inc/protocol -I/builddir/build/BUILD/shim-16.1/Cryptlib/OpenSSL/crypto/asn1 -I/builddir/build/BUILD/shim-16.1/Cryptlib/OpenSSL/crypto/evp -I/builddir/build/BUILD/shim-16.1/Cryptlib/OpenSSL/crypto/modes -I/builddir/build/BUILD/shim-16.1/Cryptlib/OpenSSL/crypto/include -isystem /builddir/build/BUILD/shim-16.1/include/system -isystem /usr/lib/gcc/aarch64-redhat-linux/11/include -DL_ENDIAN -D_CRT_SECURE_NO_DEPRECATE -D_CRT_NONSTDC_NO_DEPRECATE -DOPENSSL_SMALL_FOOTPRINT -DPEDANTIC -DMDE_CPU_AARCH64   -c -o crypto/evp/pmeth_fn.o /builddir/build/BUILD/shim-16.1/Cryptlib/OpenSSL/crypto/evp/pmeth_fn.c
DEBUG util.py:461:  gcc -std=gnu11 -ggdb -gdwarf-4 -gstrict-dwarf -ffreestanding -fmacro-prefix-map=/builddir/build/BUILD/shim-16.1/= -fno-stack-protector -fno-strict-aliasing -fpic -fshort-wchar -nostdinc -Os -Wall -Wextra -Wno-missing-field-initializers -Wno-empty-body -Wno-implicit-fallthrough -Wno-old-style-declaration -Wno-unused-but-set-variable -Wno-unused-parameter -Werror -Wno-error=unused-but-set-variable -Wno-error=unused-parameter -I/builddir/build/BUILD/shim-16.1/Cryptlib/OpenSSL -I/builddir/build/BUILD/shim-16.1/Cryptlib -I/builddir/build/BUILD/shim-16.1/Cryptlib/OpenSSL/Include/ -I/builddir/build/BUILD/shim-16.1/Cryptlib/OpenSSL/crypto -I/builddir/build/BUILD/shim-16.1/Cryptlib/Include -I/builddir/build/BUILD/shim-16.1/gnu-efi/inc -I/builddir/build/BUILD/shim-16.1/gnu-efi/inc/aarch64 -I/builddir/build/BUILD/shim-16.1/gnu-efi/inc/protocol -I/builddir/build/BUILD/shim-16.1/Cryptlib/OpenSSL/crypto/asn1 -I/builddir/build/BUILD/shim-16.1/Cryptlib/OpenSSL/crypto/evp -I/builddir/build/BUILD/shim-16.1/Cryptlib/OpenSSL/crypto/modes -I/builddir/build/BUILD/shim-16.1/Cryptlib/OpenSSL/crypto/include -isystem /builddir/build/BUILD/shim-16.1/include/system -isystem /usr/lib/gcc/aarch64-redhat-linux/11/include -DL_ENDIAN -D_CRT_SECURE_NO_DEPRECATE -D_CRT_NONSTDC_NO_DEPRECATE -DOPENSSL_SMALL_FOOTPRINT -DPEDANTIC -DMDE_CPU_AARCH64   -c -o crypto/evp/pmeth_gn.o /builddir/build/BUILD/shim-16.1/Cryptlib/OpenSSL/crypto/evp/pmeth_gn.c
DEBUG util.py:461:  gcc -std=gnu11 -ggdb -gdwarf-4 -gstrict-dwarf -ffreestanding -fmacro-prefix-map=/builddir/build/BUILD/shim-16.1/= -fno-stack-protector -fno-strict-aliasing -fpic -fshort-wchar -nostdinc -Os -Wall -Wextra -Wno-missing-field-initializers -Wno-empty-body -Wno-implicit-fallthrough -Wno-old-style-declaration -Wno-unused-but-set-variable -Wno-unused-parameter -Werror -Wno-error=unused-but-set-variable -Wno-error=unused-parameter -I/builddir/build/BUILD/shim-16.1/Cryptlib/OpenSSL -I/builddir/build/BUILD/shim-16.1/Cryptlib -I/builddir/build/BUILD/shim-16.1/Cryptlib/OpenSSL/Include/ -I/builddir/build/BUILD/shim-16.1/Cryptlib/OpenSSL/crypto -I/builddir/build/BUILD/shim-16.1/Cryptlib/Include -I/builddir/build/BUILD/shim-16.1/gnu-efi/inc -I/builddir/build/BUILD/shim-16.1/gnu-efi/inc/aarch64 -I/builddir/build/BUILD/shim-16.1/gnu-efi/inc/protocol -I/builddir/build/BUILD/shim-16.1/Cryptlib/OpenSSL/crypto/asn1 -I/builddir/build/BUILD/shim-16.1/Cryptlib/OpenSSL/crypto/evp -I/builddir/build/BUILD/shim-16.1/Cryptlib/OpenSSL/crypto/modes -I/builddir/build/BUILD/shim-16.1/Cryptlib/OpenSSL/crypto/include -isystem /builddir/build/BUILD/shim-16.1/include/system -isystem /usr/lib/gcc/aarch64-redhat-linux/11/include -DL_ENDIAN -D_CRT_SECURE_NO_DEPRECATE -D_CRT_NONSTDC_NO_DEPRECATE -DOPENSSL_SMALL_FOOTPRINT -DPEDANTIC -DMDE_CPU_AARCH64   -c -o crypto/evp/m_sigver.o /builddir/build/BUILD/shim-16.1/Cryptlib/OpenSSL/crypto/evp/m_sigver.c
DEBUG util.py:461:  gcc -std=gnu11 -ggdb -gdwarf-4 -gstrict-dwarf -ffreestanding -fmacro-prefix-map=/builddir/build/BUILD/shim-16.1/= -fno-stack-protector -fno-strict-aliasing -fpic -fshort-wchar -nostdinc -Os -Wall -Wextra -Wno-missing-field-initializers -Wno-empty-body -Wno-implicit-fallthrough -Wno-old-style-declaration -Wno-unused-but-set-variable -Wno-unused-parameter -Werror -Wno-error=unused-but-set-variable -Wno-error=unused-parameter -I/builddir/build/BUILD/shim-16.1/Cryptlib/OpenSSL -I/builddir/build/BUILD/shim-16.1/Cryptlib -I/builddir/build/BUILD/shim-16.1/Cryptlib/OpenSSL/Include/ -I/builddir/build/BUILD/shim-16.1/Cryptlib/OpenSSL/crypto -I/builddir/build/BUILD/shim-16.1/Cryptlib/Include -I/builddir/build/BUILD/shim-16.1/gnu-efi/inc -I/builddir/build/BUILD/shim-16.1/gnu-efi/inc/aarch64 -I/builddir/build/BUILD/shim-16.1/gnu-efi/inc/protocol -I/builddir/build/BUILD/shim-16.1/Cryptlib/OpenSSL/crypto/asn1 -I/builddir/build/BUILD/shim-16.1/Cryptlib/OpenSSL/crypto/evp -I/builddir/build/BUILD/shim-16.1/Cryptlib/OpenSSL/crypto/modes -I/builddir/build/BUILD/shim-16.1/Cryptlib/OpenSSL/crypto/include -isystem /builddir/build/BUILD/shim-16.1/include/system -isystem /usr/lib/gcc/aarch64-redhat-linux/11/include -DL_ENDIAN -D_CRT_SECURE_NO_DEPRECATE -D_CRT_NONSTDC_NO_DEPRECATE -DOPENSSL_SMALL_FOOTPRINT -DPEDANTIC -DMDE_CPU_AARCH64   -c -o crypto/evp/e_aes_cbc_hmac_sha1.o /builddir/build/BUILD/shim-16.1/Cryptlib/OpenSSL/crypto/evp/e_aes_cbc_hmac_sha1.c
DEBUG util.py:461:  gcc -std=gnu11 -ggdb -gdwarf-4 -gstrict-dwarf -ffreestanding -fmacro-prefix-map=/builddir/build/BUILD/shim-16.1/= -fno-stack-protector -fno-strict-aliasing -fpic -fshort-wchar -nostdinc -Os -Wall -Wextra -Wno-missing-field-initializers -Wno-empty-body -Wno-implicit-fallthrough -Wno-old-style-declaration -Wno-unused-but-set-variable -Wno-unused-parameter -Werror -Wno-error=unused-but-set-variable -Wno-error=unused-parameter -I/builddir/build/BUILD/shim-16.1/Cryptlib/OpenSSL -I/builddir/build/BUILD/shim-16.1/Cryptlib -I/builddir/build/BUILD/shim-16.1/Cryptlib/OpenSSL/Include/ -I/builddir/build/BUILD/shim-16.1/Cryptlib/OpenSSL/crypto -I/builddir/build/BUILD/shim-16.1/Cryptlib/Include -I/builddir/build/BUILD/shim-16.1/gnu-efi/inc -I/builddir/build/BUILD/shim-16.1/gnu-efi/inc/aarch64 -I/builddir/build/BUILD/shim-16.1/gnu-efi/inc/protocol -I/builddir/build/BUILD/shim-16.1/Cryptlib/OpenSSL/crypto/asn1 -I/builddir/build/BUILD/shim-16.1/Cryptlib/OpenSSL/crypto/evp -I/builddir/build/BUILD/shim-16.1/Cryptlib/OpenSSL/crypto/modes -I/builddir/build/BUILD/shim-16.1/Cryptlib/OpenSSL/crypto/include -isystem /builddir/build/BUILD/shim-16.1/include/system -isystem /usr/lib/gcc/aarch64-redhat-linux/11/include -DL_ENDIAN -D_CRT_SECURE_NO_DEPRECATE -D_CRT_NONSTDC_NO_DEPRECATE -DOPENSSL_SMALL_FOOTPRINT -DPEDANTIC -DMDE_CPU_AARCH64   -c -o crypto/evp/e_aes_cbc_hmac_sha256.o /builddir/build/BUILD/shim-16.1/Cryptlib/OpenSSL/crypto/evp/e_aes_cbc_hmac_sha256.c
DEBUG util.py:461:  gcc -std=gnu11 -ggdb -gdwarf-4 -gstrict-dwarf -ffreestanding -fmacro-prefix-map=/builddir/build/BUILD/shim-16.1/= -fno-stack-protector -fno-strict-aliasing -fpic -fshort-wchar -nostdinc -Os -Wall -Wextra -Wno-missing-field-initializers -Wno-empty-body -Wno-implicit-fallthrough -Wno-old-style-declaration -Wno-unused-but-set-variable -Wno-unused-parameter -Werror -Wno-error=unused-but-set-variable -Wno-error=unused-parameter -I/builddir/build/BUILD/shim-16.1/Cryptlib/OpenSSL -I/builddir/build/BUILD/shim-16.1/Cryptlib -I/builddir/build/BUILD/shim-16.1/Cryptlib/OpenSSL/Include/ -I/builddir/build/BUILD/shim-16.1/Cryptlib/OpenSSL/crypto -I/builddir/build/BUILD/shim-16.1/Cryptlib/Include -I/builddir/build/BUILD/shim-16.1/gnu-efi/inc -I/builddir/build/BUILD/shim-16.1/gnu-efi/inc/aarch64 -I/builddir/build/BUILD/shim-16.1/gnu-efi/inc/protocol -I/builddir/build/BUILD/shim-16.1/Cryptlib/OpenSSL/crypto/asn1 -I/builddir/build/BUILD/shim-16.1/Cryptlib/OpenSSL/crypto/evp -I/builddir/build/BUILD/shim-16.1/Cryptlib/OpenSSL/crypto/modes -I/builddir/build/BUILD/shim-16.1/Cryptlib/OpenSSL/crypto/include -isystem /builddir/build/BUILD/shim-16.1/include/system -isystem /usr/lib/gcc/aarch64-redhat-linux/11/include -DL_ENDIAN -D_CRT_SECURE_NO_DEPRECATE -D_CRT_NONSTDC_NO_DEPRECATE -DOPENSSL_SMALL_FOOTPRINT -DPEDANTIC -DMDE_CPU_AARCH64   -c -o crypto/evp/e_rc4_hmac_md5.o /builddir/build/BUILD/shim-16.1/Cryptlib/OpenSSL/crypto/evp/e_rc4_hmac_md5.c
DEBUG util.py:461:  gcc -std=gnu11 -ggdb -gdwarf-4 -gstrict-dwarf -ffreestanding -fmacro-prefix-map=/builddir/build/BUILD/shim-16.1/= -fno-stack-protector -fno-strict-aliasing -fpic -fshort-wchar -nostdinc -Os -Wall -Wextra -Wno-missing-field-initializers -Wno-empty-body -Wno-implicit-fallthrough -Wno-old-style-declaration -Wno-unused-but-set-variable -Wno-unused-parameter -Werror -Wno-error=unused-but-set-variable -Wno-error=unused-parameter -I/builddir/build/BUILD/shim-16.1/Cryptlib/OpenSSL -I/builddir/build/BUILD/shim-16.1/Cryptlib -I/builddir/build/BUILD/shim-16.1/Cryptlib/OpenSSL/Include/ -I/builddir/build/BUILD/shim-16.1/Cryptlib/OpenSSL/crypto -I/builddir/build/BUILD/shim-16.1/Cryptlib/Include -I/builddir/build/BUILD/shim-16.1/gnu-efi/inc -I/builddir/build/BUILD/shim-16.1/gnu-efi/inc/aarch64 -I/builddir/build/BUILD/shim-16.1/gnu-efi/inc/protocol -I/builddir/build/BUILD/shim-16.1/Cryptlib/OpenSSL/crypto/asn1 -I/builddir/build/BUILD/shim-16.1/Cryptlib/OpenSSL/crypto/evp -I/builddir/build/BUILD/shim-16.1/Cryptlib/OpenSSL/crypto/modes -I/builddir/build/BUILD/shim-16.1/Cryptlib/OpenSSL/crypto/include -isystem /builddir/build/BUILD/shim-16.1/include/system -isystem /usr/lib/gcc/aarch64-redhat-linux/11/include -DL_ENDIAN -D_CRT_SECURE_NO_DEPRECATE -D_CRT_NONSTDC_NO_DEPRECATE -DOPENSSL_SMALL_FOOTPRINT -DPEDANTIC -DMDE_CPU_AARCH64   -c -o crypto/asn1/a_object.o /builddir/build/BUILD/shim-16.1/Cryptlib/OpenSSL/crypto/asn1/a_object.c
DEBUG util.py:461:  gcc -std=gnu11 -ggdb -gdwarf-4 -gstrict-dwarf -ffreestanding -fmacro-prefix-map=/builddir/build/BUILD/shim-16.1/= -fno-stack-protector -fno-strict-aliasing -fpic -fshort-wchar -nostdinc -Os -Wall -Wextra -Wno-missing-field-initializers -Wno-empty-body -Wno-implicit-fallthrough -Wno-old-style-declaration -Wno-unused-but-set-variable -Wno-unused-parameter -Werror -Wno-error=unused-but-set-variable -Wno-error=unused-parameter -I/builddir/build/BUILD/shim-16.1/Cryptlib/OpenSSL -I/builddir/build/BUILD/shim-16.1/Cryptlib -I/builddir/build/BUILD/shim-16.1/Cryptlib/OpenSSL/Include/ -I/builddir/build/BUILD/shim-16.1/Cryptlib/OpenSSL/crypto -I/builddir/build/BUILD/shim-16.1/Cryptlib/Include -I/builddir/build/BUILD/shim-16.1/gnu-efi/inc -I/builddir/build/BUILD/shim-16.1/gnu-efi/inc/aarch64 -I/builddir/build/BUILD/shim-16.1/gnu-efi/inc/protocol -I/builddir/build/BUILD/shim-16.1/Cryptlib/OpenSSL/crypto/asn1 -I/builddir/build/BUILD/shim-16.1/Cryptlib/OpenSSL/crypto/evp -I/builddir/build/BUILD/shim-16.1/Cryptlib/OpenSSL/crypto/modes -I/builddir/build/BUILD/shim-16.1/Cryptlib/OpenSSL/crypto/include -isystem /builddir/build/BUILD/shim-16.1/include/system -isystem /usr/lib/gcc/aarch64-redhat-linux/11/include -DL_ENDIAN -D_CRT_SECURE_NO_DEPRECATE -D_CRT_NONSTDC_NO_DEPRECATE -DOPENSSL_SMALL_FOOTPRINT -DPEDANTIC -DMDE_CPU_AARCH64   -c -o crypto/asn1/a_bitstr.o /builddir/build/BUILD/shim-16.1/Cryptlib/OpenSSL/crypto/asn1/a_bitstr.c
DEBUG util.py:461:  gcc -std=gnu11 -ggdb -gdwarf-4 -gstrict-dwarf -ffreestanding -fmacro-prefix-map=/builddir/build/BUILD/shim-16.1/= -fno-stack-protector -fno-strict-aliasing -fpic -fshort-wchar -nostdinc -Os -Wall -Wextra -Wno-missing-field-initializers -Wno-empty-body -Wno-implicit-fallthrough -Wno-old-style-declaration -Wno-unused-but-set-variable -Wno-unused-parameter -Werror -Wno-error=unused-but-set-variable -Wno-error=unused-parameter -I/builddir/build/BUILD/shim-16.1/Cryptlib/OpenSSL -I/builddir/build/BUILD/shim-16.1/Cryptlib -I/builddir/build/BUILD/shim-16.1/Cryptlib/OpenSSL/Include/ -I/builddir/build/BUILD/shim-16.1/Cryptlib/OpenSSL/crypto -I/builddir/build/BUILD/shim-16.1/Cryptlib/Include -I/builddir/build/BUILD/shim-16.1/gnu-efi/inc -I/builddir/build/BUILD/shim-16.1/gnu-efi/inc/aarch64 -I/builddir/build/BUILD/shim-16.1/gnu-efi/inc/protocol -I/builddir/build/BUILD/shim-16.1/Cryptlib/OpenSSL/crypto/asn1 -I/builddir/build/BUILD/shim-16.1/Cryptlib/OpenSSL/crypto/evp -I/builddir/build/BUILD/shim-16.1/Cryptlib/OpenSSL/crypto/modes -I/builddir/build/BUILD/shim-16.1/Cryptlib/OpenSSL/crypto/include -isystem /builddir/build/BUILD/shim-16.1/include/system -isystem /usr/lib/gcc/aarch64-redhat-linux/11/include -DL_ENDIAN -D_CRT_SECURE_NO_DEPRECATE -D_CRT_NONSTDC_NO_DEPRECATE -DOPENSSL_SMALL_FOOTPRINT -DPEDANTIC -DMDE_CPU_AARCH64   -c -o crypto/asn1/a_utctm.o /builddir/build/BUILD/shim-16.1/Cryptlib/OpenSSL/crypto/asn1/a_utctm.c
DEBUG util.py:461:  gcc -std=gnu11 -ggdb -gdwarf-4 -gstrict-dwarf -ffreestanding -fmacro-prefix-map=/builddir/build/BUILD/shim-16.1/= -fno-stack-protector -fno-strict-aliasing -fpic -fshort-wchar -nostdinc -Os -Wall -Wextra -Wno-missing-field-initializers -Wno-empty-body -Wno-implicit-fallthrough -Wno-old-style-declaration -Wno-unused-but-set-variable -Wno-unused-parameter -Werror -Wno-error=unused-but-set-variable -Wno-error=unused-parameter -I/builddir/build/BUILD/shim-16.1/Cryptlib/OpenSSL -I/builddir/build/BUILD/shim-16.1/Cryptlib -I/builddir/build/BUILD/shim-16.1/Cryptlib/OpenSSL/Include/ -I/builddir/build/BUILD/shim-16.1/Cryptlib/OpenSSL/crypto -I/builddir/build/BUILD/shim-16.1/Cryptlib/Include -I/builddir/build/BUILD/shim-16.1/gnu-efi/inc -I/builddir/build/BUILD/shim-16.1/gnu-efi/inc/aarch64 -I/builddir/build/BUILD/shim-16.1/gnu-efi/inc/protocol -I/builddir/build/BUILD/shim-16.1/Cryptlib/OpenSSL/crypto/asn1 -I/builddir/build/BUILD/shim-16.1/Cryptlib/OpenSSL/crypto/evp -I/builddir/build/BUILD/shim-16.1/Cryptlib/OpenSSL/crypto/modes -I/builddir/build/BUILD/shim-16.1/Cryptlib/OpenSSL/crypto/include -isystem /builddir/build/BUILD/shim-16.1/include/system -isystem /usr/lib/gcc/aarch64-redhat-linux/11/include -DL_ENDIAN -D_CRT_SECURE_NO_DEPRECATE -D_CRT_NONSTDC_NO_DEPRECATE -DOPENSSL_SMALL_FOOTPRINT -DPEDANTIC -DMDE_CPU_AARCH64   -c -o crypto/asn1/a_gentm.o /builddir/build/BUILD/shim-16.1/Cryptlib/OpenSSL/crypto/asn1/a_gentm.c
DEBUG util.py:461:  gcc -std=gnu11 -ggdb -gdwarf-4 -gstrict-dwarf -ffreestanding -fmacro-prefix-map=/builddir/build/BUILD/shim-16.1/= -fno-stack-protector -fno-strict-aliasing -fpic -fshort-wchar -nostdinc -Os -Wall -Wextra -Wno-missing-field-initializers -Wno-empty-body -Wno-implicit-fallthrough -Wno-old-style-declaration -Wno-unused-but-set-variable -Wno-unused-parameter -Werror -Wno-error=unused-but-set-variable -Wno-error=unused-parameter -I/builddir/build/BUILD/shim-16.1/Cryptlib/OpenSSL -I/builddir/build/BUILD/shim-16.1/Cryptlib -I/builddir/build/BUILD/shim-16.1/Cryptlib/OpenSSL/Include/ -I/builddir/build/BUILD/shim-16.1/Cryptlib/OpenSSL/crypto -I/builddir/build/BUILD/shim-16.1/Cryptlib/Include -I/builddir/build/BUILD/shim-16.1/gnu-efi/inc -I/builddir/build/BUILD/shim-16.1/gnu-efi/inc/aarch64 -I/builddir/build/BUILD/shim-16.1/gnu-efi/inc/protocol -I/builddir/build/BUILD/shim-16.1/Cryptlib/OpenSSL/crypto/asn1 -I/builddir/build/BUILD/shim-16.1/Cryptlib/OpenSSL/crypto/evp -I/builddir/build/BUILD/shim-16.1/Cryptlib/OpenSSL/crypto/modes -I/builddir/build/BUILD/shim-16.1/Cryptlib/OpenSSL/crypto/include -isystem /builddir/build/BUILD/shim-16.1/include/system -isystem /usr/lib/gcc/aarch64-redhat-linux/11/include -DL_ENDIAN -D_CRT_SECURE_NO_DEPRECATE -D_CRT_NONSTDC_NO_DEPRECATE -DOPENSSL_SMALL_FOOTPRINT -DPEDANTIC -DMDE_CPU_AARCH64   -c -o crypto/asn1/a_time.o /builddir/build/BUILD/shim-16.1/Cryptlib/OpenSSL/crypto/asn1/a_time.c
DEBUG util.py:461:  gcc -std=gnu11 -ggdb -gdwarf-4 -gstrict-dwarf -ffreestanding -fmacro-prefix-map=/builddir/build/BUILD/shim-16.1/= -fno-stack-protector -fno-strict-aliasing -fpic -fshort-wchar -nostdinc -Os -Wall -Wextra -Wno-missing-field-initializers -Wno-empty-body -Wno-implicit-fallthrough -Wno-old-style-declaration -Wno-unused-but-set-variable -Wno-unused-parameter -Werror -Wno-error=unused-but-set-variable -Wno-error=unused-parameter -I/builddir/build/BUILD/shim-16.1/Cryptlib/OpenSSL -I/builddir/build/BUILD/shim-16.1/Cryptlib -I/builddir/build/BUILD/shim-16.1/Cryptlib/OpenSSL/Include/ -I/builddir/build/BUILD/shim-16.1/Cryptlib/OpenSSL/crypto -I/builddir/build/BUILD/shim-16.1/Cryptlib/Include -I/builddir/build/BUILD/shim-16.1/gnu-efi/inc -I/builddir/build/BUILD/shim-16.1/gnu-efi/inc/aarch64 -I/builddir/build/BUILD/shim-16.1/gnu-efi/inc/protocol -I/builddir/build/BUILD/shim-16.1/Cryptlib/OpenSSL/crypto/asn1 -I/builddir/build/BUILD/shim-16.1/Cryptlib/OpenSSL/crypto/evp -I/builddir/build/BUILD/shim-16.1/Cryptlib/OpenSSL/crypto/modes -I/builddir/build/BUILD/shim-16.1/Cryptlib/OpenSSL/crypto/include -isystem /builddir/build/BUILD/shim-16.1/include/system -isystem /usr/lib/gcc/aarch64-redhat-linux/11/include -DL_ENDIAN -D_CRT_SECURE_NO_DEPRECATE -D_CRT_NONSTDC_NO_DEPRECATE -DOPENSSL_SMALL_FOOTPRINT -DPEDANTIC -DMDE_CPU_AARCH64   -c -o crypto/asn1/a_int.o /builddir/build/BUILD/shim-16.1/Cryptlib/OpenSSL/crypto/asn1/a_int.c
DEBUG util.py:461:  gcc -std=gnu11 -ggdb -gdwarf-4 -gstrict-dwarf -ffreestanding -fmacro-prefix-map=/builddir/build/BUILD/shim-16.1/= -fno-stack-protector -fno-strict-aliasing -fpic -fshort-wchar -nostdinc -Os -Wall -Wextra -Wno-missing-field-initializers -Wno-empty-body -Wno-implicit-fallthrough -Wno-old-style-declaration -Wno-unused-but-set-variable -Wno-unused-parameter -Werror -Wno-error=unused-but-set-variable -Wno-error=unused-parameter -I/builddir/build/BUILD/shim-16.1/Cryptlib/OpenSSL -I/builddir/build/BUILD/shim-16.1/Cryptlib -I/builddir/build/BUILD/shim-16.1/Cryptlib/OpenSSL/Include/ -I/builddir/build/BUILD/shim-16.1/Cryptlib/OpenSSL/crypto -I/builddir/build/BUILD/shim-16.1/Cryptlib/Include -I/builddir/build/BUILD/shim-16.1/gnu-efi/inc -I/builddir/build/BUILD/shim-16.1/gnu-efi/inc/aarch64 -I/builddir/build/BUILD/shim-16.1/gnu-efi/inc/protocol -I/builddir/build/BUILD/shim-16.1/Cryptlib/OpenSSL/crypto/asn1 -I/builddir/build/BUILD/shim-16.1/Cryptlib/OpenSSL/crypto/evp -I/builddir/build/BUILD/shim-16.1/Cryptlib/OpenSSL/crypto/modes -I/builddir/build/BUILD/shim-16.1/Cryptlib/OpenSSL/crypto/include -isystem /builddir/build/BUILD/shim-16.1/include/system -isystem /usr/lib/gcc/aarch64-redhat-linux/11/include -DL_ENDIAN -D_CRT_SECURE_NO_DEPRECATE -D_CRT_NONSTDC_NO_DEPRECATE -DOPENSSL_SMALL_FOOTPRINT -DPEDANTIC -DMDE_CPU_AARCH64   -c -o crypto/asn1/a_octet.o /builddir/build/BUILD/shim-16.1/Cryptlib/OpenSSL/crypto/asn1/a_octet.c
DEBUG util.py:461:  gcc -std=gnu11 -ggdb -gdwarf-4 -gstrict-dwarf -ffreestanding -fmacro-prefix-map=/builddir/build/BUILD/shim-16.1/= -fno-stack-protector -fno-strict-aliasing -fpic -fshort-wchar -nostdinc -Os -Wall -Wextra -Wno-missing-field-initializers -Wno-empty-body -Wno-implicit-fallthrough -Wno-old-style-declaration -Wno-unused-but-set-variable -Wno-unused-parameter -Werror -Wno-error=unused-but-set-variable -Wno-error=unused-parameter -I/builddir/build/BUILD/shim-16.1/Cryptlib/OpenSSL -I/builddir/build/BUILD/shim-16.1/Cryptlib -I/builddir/build/BUILD/shim-16.1/Cryptlib/OpenSSL/Include/ -I/builddir/build/BUILD/shim-16.1/Cryptlib/OpenSSL/crypto -I/builddir/build/BUILD/shim-16.1/Cryptlib/Include -I/builddir/build/BUILD/shim-16.1/gnu-efi/inc -I/builddir/build/BUILD/shim-16.1/gnu-efi/inc/aarch64 -I/builddir/build/BUILD/shim-16.1/gnu-efi/inc/protocol -I/builddir/build/BUILD/shim-16.1/Cryptlib/OpenSSL/crypto/asn1 -I/builddir/build/BUILD/shim-16.1/Cryptlib/OpenSSL/crypto/evp -I/builddir/build/BUILD/shim-16.1/Cryptlib/OpenSSL/crypto/modes -I/builddir/build/BUILD/shim-16.1/Cryptlib/OpenSSL/crypto/include -isystem /builddir/build/BUILD/shim-16.1/include/system -isystem /usr/lib/gcc/aarch64-redhat-linux/11/include -DL_ENDIAN -D_CRT_SECURE_NO_DEPRECATE -D_CRT_NONSTDC_NO_DEPRECATE -DOPENSSL_SMALL_FOOTPRINT -DPEDANTIC -DMDE_CPU_AARCH64   -c -o crypto/asn1/a_print.o /builddir/build/BUILD/shim-16.1/Cryptlib/OpenSSL/crypto/asn1/a_print.c
DEBUG util.py:461:  gcc -std=gnu11 -ggdb -gdwarf-4 -gstrict-dwarf -ffreestanding -fmacro-prefix-map=/builddir/build/BUILD/shim-16.1/= -fno-stack-protector -fno-strict-aliasing -fpic -fshort-wchar -nostdinc -Os -Wall -Wextra -Wno-missing-field-initializers -Wno-empty-body -Wno-implicit-fallthrough -Wno-old-style-declaration -Wno-unused-but-set-variable -Wno-unused-parameter -Werror -Wno-error=unused-but-set-variable -Wno-error=unused-parameter -I/builddir/build/BUILD/shim-16.1/Cryptlib/OpenSSL -I/builddir/build/BUILD/shim-16.1/Cryptlib -I/builddir/build/BUILD/shim-16.1/Cryptlib/OpenSSL/Include/ -I/builddir/build/BUILD/shim-16.1/Cryptlib/OpenSSL/crypto -I/builddir/build/BUILD/shim-16.1/Cryptlib/Include -I/builddir/build/BUILD/shim-16.1/gnu-efi/inc -I/builddir/build/BUILD/shim-16.1/gnu-efi/inc/aarch64 -I/builddir/build/BUILD/shim-16.1/gnu-efi/inc/protocol -I/builddir/build/BUILD/shim-16.1/Cryptlib/OpenSSL/crypto/asn1 -I/builddir/build/BUILD/shim-16.1/Cryptlib/OpenSSL/crypto/evp -I/builddir/build/BUILD/shim-16.1/Cryptlib/OpenSSL/crypto/modes -I/builddir/build/BUILD/shim-16.1/Cryptlib/OpenSSL/crypto/include -isystem /builddir/build/BUILD/shim-16.1/include/system -isystem /usr/lib/gcc/aarch64-redhat-linux/11/include -DL_ENDIAN -D_CRT_SECURE_NO_DEPRECATE -D_CRT_NONSTDC_NO_DEPRECATE -DOPENSSL_SMALL_FOOTPRINT -DPEDANTIC -DMDE_CPU_AARCH64   -c -o crypto/asn1/a_type.o /builddir/build/BUILD/shim-16.1/Cryptlib/OpenSSL/crypto/asn1/a_type.c
DEBUG util.py:461:  gcc -std=gnu11 -ggdb -gdwarf-4 -gstrict-dwarf -ffreestanding -fmacro-prefix-map=/builddir/build/BUILD/shim-16.1/= -fno-stack-protector -fno-strict-aliasing -fpic -fshort-wchar -nostdinc -Os -Wall -Wextra -Wno-missing-field-initializers -Wno-empty-body -Wno-implicit-fallthrough -Wno-old-style-declaration -Wno-unused-but-set-variable -Wno-unused-parameter -Werror -Wno-error=unused-but-set-variable -Wno-error=unused-parameter -I/builddir/build/BUILD/shim-16.1/Cryptlib/OpenSSL -I/builddir/build/BUILD/shim-16.1/Cryptlib -I/builddir/build/BUILD/shim-16.1/Cryptlib/OpenSSL/Include/ -I/builddir/build/BUILD/shim-16.1/Cryptlib/OpenSSL/crypto -I/builddir/build/BUILD/shim-16.1/Cryptlib/Include -I/builddir/build/BUILD/shim-16.1/gnu-efi/inc -I/builddir/build/BUILD/shim-16.1/gnu-efi/inc/aarch64 -I/builddir/build/BUILD/shim-16.1/gnu-efi/inc/protocol -I/builddir/build/BUILD/shim-16.1/Cryptlib/OpenSSL/crypto/asn1 -I/builddir/build/BUILD/shim-16.1/Cryptlib/OpenSSL/crypto/evp -I/builddir/build/BUILD/shim-16.1/Cryptlib/OpenSSL/crypto/modes -I/builddir/build/BUILD/shim-16.1/Cryptlib/OpenSSL/crypto/include -isystem /builddir/build/BUILD/shim-16.1/include/system -isystem /usr/lib/gcc/aarch64-redhat-linux/11/include -DL_ENDIAN -D_CRT_SECURE_NO_DEPRECATE -D_CRT_NONSTDC_NO_DEPRECATE -DOPENSSL_SMALL_FOOTPRINT -DPEDANTIC -DMDE_CPU_AARCH64   -c -o crypto/asn1/a_set.o /builddir/build/BUILD/shim-16.1/Cryptlib/OpenSSL/crypto/asn1/a_set.c
DEBUG util.py:461:  gcc -std=gnu11 -ggdb -gdwarf-4 -gstrict-dwarf -ffreestanding -fmacro-prefix-map=/builddir/build/BUILD/shim-16.1/= -fno-stack-protector -fno-strict-aliasing -fpic -fshort-wchar -nostdinc -Os -Wall -Wextra -Wno-missing-field-initializers -Wno-empty-body -Wno-implicit-fallthrough -Wno-old-style-declaration -Wno-unused-but-set-variable -Wno-unused-parameter -Werror -Wno-error=unused-but-set-variable -Wno-error=unused-parameter -I/builddir/build/BUILD/shim-16.1/Cryptlib/OpenSSL -I/builddir/build/BUILD/shim-16.1/Cryptlib -I/builddir/build/BUILD/shim-16.1/Cryptlib/OpenSSL/Include/ -I/builddir/build/BUILD/shim-16.1/Cryptlib/OpenSSL/crypto -I/builddir/build/BUILD/shim-16.1/Cryptlib/Include -I/builddir/build/BUILD/shim-16.1/gnu-efi/inc -I/builddir/build/BUILD/shim-16.1/gnu-efi/inc/aarch64 -I/builddir/build/BUILD/shim-16.1/gnu-efi/inc/protocol -I/builddir/build/BUILD/shim-16.1/Cryptlib/OpenSSL/crypto/asn1 -I/builddir/build/BUILD/shim-16.1/Cryptlib/OpenSSL/crypto/evp -I/builddir/build/BUILD/shim-16.1/Cryptlib/OpenSSL/crypto/modes -I/builddir/build/BUILD/shim-16.1/Cryptlib/OpenSSL/crypto/include -isystem /builddir/build/BUILD/shim-16.1/include/system -isystem /usr/lib/gcc/aarch64-redhat-linux/11/include -DL_ENDIAN -D_CRT_SECURE_NO_DEPRECATE -D_CRT_NONSTDC_NO_DEPRECATE -DOPENSSL_SMALL_FOOTPRINT -DPEDANTIC -DMDE_CPU_AARCH64   -c -o crypto/asn1/a_dup.o /builddir/build/BUILD/shim-16.1/Cryptlib/OpenSSL/crypto/asn1/a_dup.c
DEBUG util.py:461:  gcc -std=gnu11 -ggdb -gdwarf-4 -gstrict-dwarf -ffreestanding -fmacro-prefix-map=/builddir/build/BUILD/shim-16.1/= -fno-stack-protector -fno-strict-aliasing -fpic -fshort-wchar -nostdinc -Os -Wall -Wextra -Wno-missing-field-initializers -Wno-empty-body -Wno-implicit-fallthrough -Wno-old-style-declaration -Wno-unused-but-set-variable -Wno-unused-parameter -Werror -Wno-error=unused-but-set-variable -Wno-error=unused-parameter -I/builddir/build/BUILD/shim-16.1/Cryptlib/OpenSSL -I/builddir/build/BUILD/shim-16.1/Cryptlib -I/builddir/build/BUILD/shim-16.1/Cryptlib/OpenSSL/Include/ -I/builddir/build/BUILD/shim-16.1/Cryptlib/OpenSSL/crypto -I/builddir/build/BUILD/shim-16.1/Cryptlib/Include -I/builddir/build/BUILD/shim-16.1/gnu-efi/inc -I/builddir/build/BUILD/shim-16.1/gnu-efi/inc/aarch64 -I/builddir/build/BUILD/shim-16.1/gnu-efi/inc/protocol -I/builddir/build/BUILD/shim-16.1/Cryptlib/OpenSSL/crypto/asn1 -I/builddir/build/BUILD/shim-16.1/Cryptlib/OpenSSL/crypto/evp -I/builddir/build/BUILD/shim-16.1/Cryptlib/OpenSSL/crypto/modes -I/builddir/build/BUILD/shim-16.1/Cryptlib/OpenSSL/crypto/include -isystem /builddir/build/BUILD/shim-16.1/include/system -isystem /usr/lib/gcc/aarch64-redhat-linux/11/include -DL_ENDIAN -D_CRT_SECURE_NO_DEPRECATE -D_CRT_NONSTDC_NO_DEPRECATE -DOPENSSL_SMALL_FOOTPRINT -DPEDANTIC -DMDE_CPU_AARCH64   -c -o crypto/asn1/a_d2i_fp.o /builddir/build/BUILD/shim-16.1/Cryptlib/OpenSSL/crypto/asn1/a_d2i_fp.c
DEBUG util.py:461:  gcc -std=gnu11 -ggdb -gdwarf-4 -gstrict-dwarf -ffreestanding -fmacro-prefix-map=/builddir/build/BUILD/shim-16.1/= -fno-stack-protector -fno-strict-aliasing -fpic -fshort-wchar -nostdinc -Os -Wall -Wextra -Wno-missing-field-initializers -Wno-empty-body -Wno-implicit-fallthrough -Wno-old-style-declaration -Wno-unused-but-set-variable -Wno-unused-parameter -Werror -Wno-error=unused-but-set-variable -Wno-error=unused-parameter -I/builddir/build/BUILD/shim-16.1/Cryptlib/OpenSSL -I/builddir/build/BUILD/shim-16.1/Cryptlib -I/builddir/build/BUILD/shim-16.1/Cryptlib/OpenSSL/Include/ -I/builddir/build/BUILD/shim-16.1/Cryptlib/OpenSSL/crypto -I/builddir/build/BUILD/shim-16.1/Cryptlib/Include -I/builddir/build/BUILD/shim-16.1/gnu-efi/inc -I/builddir/build/BUILD/shim-16.1/gnu-efi/inc/aarch64 -I/builddir/build/BUILD/shim-16.1/gnu-efi/inc/protocol -I/builddir/build/BUILD/shim-16.1/Cryptlib/OpenSSL/crypto/asn1 -I/builddir/build/BUILD/shim-16.1/Cryptlib/OpenSSL/crypto/evp -I/builddir/build/BUILD/shim-16.1/Cryptlib/OpenSSL/crypto/modes -I/builddir/build/BUILD/shim-16.1/Cryptlib/OpenSSL/crypto/include -isystem /builddir/build/BUILD/shim-16.1/include/system -isystem /usr/lib/gcc/aarch64-redhat-linux/11/include -DL_ENDIAN -D_CRT_SECURE_NO_DEPRECATE -D_CRT_NONSTDC_NO_DEPRECATE -DOPENSSL_SMALL_FOOTPRINT -DPEDANTIC -DMDE_CPU_AARCH64   -c -o crypto/asn1/a_i2d_fp.o /builddir/build/BUILD/shim-16.1/Cryptlib/OpenSSL/crypto/asn1/a_i2d_fp.c
DEBUG util.py:461:  gcc -std=gnu11 -ggdb -gdwarf-4 -gstrict-dwarf -ffreestanding -fmacro-prefix-map=/builddir/build/BUILD/shim-16.1/= -fno-stack-protector -fno-strict-aliasing -fpic -fshort-wchar -nostdinc -Os -Wall -Wextra -Wno-missing-field-initializers -Wno-empty-body -Wno-implicit-fallthrough -Wno-old-style-declaration -Wno-unused-but-set-variable -Wno-unused-parameter -Werror -Wno-error=unused-but-set-variable -Wno-error=unused-parameter -I/builddir/build/BUILD/shim-16.1/Cryptlib/OpenSSL -I/builddir/build/BUILD/shim-16.1/Cryptlib -I/builddir/build/BUILD/shim-16.1/Cryptlib/OpenSSL/Include/ -I/builddir/build/BUILD/shim-16.1/Cryptlib/OpenSSL/crypto -I/builddir/build/BUILD/shim-16.1/Cryptlib/Include -I/builddir/build/BUILD/shim-16.1/gnu-efi/inc -I/builddir/build/BUILD/shim-16.1/gnu-efi/inc/aarch64 -I/builddir/build/BUILD/shim-16.1/gnu-efi/inc/protocol -I/builddir/build/BUILD/shim-16.1/Cryptlib/OpenSSL/crypto/asn1 -I/builddir/build/BUILD/shim-16.1/Cryptlib/OpenSSL/crypto/evp -I/builddir/build/BUILD/shim-16.1/Cryptlib/OpenSSL/crypto/modes -I/builddir/build/BUILD/shim-16.1/Cryptlib/OpenSSL/crypto/include -isystem /builddir/build/BUILD/shim-16.1/include/system -isystem /usr/lib/gcc/aarch64-redhat-linux/11/include -DL_ENDIAN -D_CRT_SECURE_NO_DEPRECATE -D_CRT_NONSTDC_NO_DEPRECATE -DOPENSSL_SMALL_FOOTPRINT -DPEDANTIC -DMDE_CPU_AARCH64   -c -o crypto/asn1/a_enum.o /builddir/build/BUILD/shim-16.1/Cryptlib/OpenSSL/crypto/asn1/a_enum.c
DEBUG util.py:461:  gcc -std=gnu11 -ggdb -gdwarf-4 -gstrict-dwarf -ffreestanding -fmacro-prefix-map=/builddir/build/BUILD/shim-16.1/= -fno-stack-protector -fno-strict-aliasing -fpic -fshort-wchar -nostdinc -Os -Wall -Wextra -Wno-missing-field-initializers -Wno-empty-body -Wno-implicit-fallthrough -Wno-old-style-declaration -Wno-unused-but-set-variable -Wno-unused-parameter -Werror -Wno-error=unused-but-set-variable -Wno-error=unused-parameter -I/builddir/build/BUILD/shim-16.1/Cryptlib/OpenSSL -I/builddir/build/BUILD/shim-16.1/Cryptlib -I/builddir/build/BUILD/shim-16.1/Cryptlib/OpenSSL/Include/ -I/builddir/build/BUILD/shim-16.1/Cryptlib/OpenSSL/crypto -I/builddir/build/BUILD/shim-16.1/Cryptlib/Include -I/builddir/build/BUILD/shim-16.1/gnu-efi/inc -I/builddir/build/BUILD/shim-16.1/gnu-efi/inc/aarch64 -I/builddir/build/BUILD/shim-16.1/gnu-efi/inc/protocol -I/builddir/build/BUILD/shim-16.1/Cryptlib/OpenSSL/crypto/asn1 -I/builddir/build/BUILD/shim-16.1/Cryptlib/OpenSSL/crypto/evp -I/builddir/build/BUILD/shim-16.1/Cryptlib/OpenSSL/crypto/modes -I/builddir/build/BUILD/shim-16.1/Cryptlib/OpenSSL/crypto/include -isystem /builddir/build/BUILD/shim-16.1/include/system -isystem /usr/lib/gcc/aarch64-redhat-linux/11/include -DL_ENDIAN -D_CRT_SECURE_NO_DEPRECATE -D_CRT_NONSTDC_NO_DEPRECATE -DOPENSSL_SMALL_FOOTPRINT -DPEDANTIC -DMDE_CPU_AARCH64   -c -o crypto/asn1/a_utf8.o /builddir/build/BUILD/shim-16.1/Cryptlib/OpenSSL/crypto/asn1/a_utf8.c
DEBUG util.py:461:  gcc -std=gnu11 -ggdb -gdwarf-4 -gstrict-dwarf -ffreestanding -fmacro-prefix-map=/builddir/build/BUILD/shim-16.1/= -fno-stack-protector -fno-strict-aliasing -fpic -fshort-wchar -nostdinc -Os -Wall -Wextra -Wno-missing-field-initializers -Wno-empty-body -Wno-implicit-fallthrough -Wno-old-style-declaration -Wno-unused-but-set-variable -Wno-unused-parameter -Werror -Wno-error=unused-but-set-variable -Wno-error=unused-parameter -I/builddir/build/BUILD/shim-16.1/Cryptlib/OpenSSL -I/builddir/build/BUILD/shim-16.1/Cryptlib -I/builddir/build/BUILD/shim-16.1/Cryptlib/OpenSSL/Include/ -I/builddir/build/BUILD/shim-16.1/Cryptlib/OpenSSL/crypto -I/builddir/build/BUILD/shim-16.1/Cryptlib/Include -I/builddir/build/BUILD/shim-16.1/gnu-efi/inc -I/builddir/build/BUILD/shim-16.1/gnu-efi/inc/aarch64 -I/builddir/build/BUILD/shim-16.1/gnu-efi/inc/protocol -I/builddir/build/BUILD/shim-16.1/Cryptlib/OpenSSL/crypto/asn1 -I/builddir/build/BUILD/shim-16.1/Cryptlib/OpenSSL/crypto/evp -I/builddir/build/BUILD/shim-16.1/Cryptlib/OpenSSL/crypto/modes -I/builddir/build/BUILD/shim-16.1/Cryptlib/OpenSSL/crypto/include -isystem /builddir/build/BUILD/shim-16.1/include/system -isystem /usr/lib/gcc/aarch64-redhat-linux/11/include -DL_ENDIAN -D_CRT_SECURE_NO_DEPRECATE -D_CRT_NONSTDC_NO_DEPRECATE -DOPENSSL_SMALL_FOOTPRINT -DPEDANTIC -DMDE_CPU_AARCH64   -c -o crypto/asn1/a_sign.o /builddir/build/BUILD/shim-16.1/Cryptlib/OpenSSL/crypto/asn1/a_sign.c
DEBUG util.py:461:  gcc -std=gnu11 -ggdb -gdwarf-4 -gstrict-dwarf -ffreestanding -fmacro-prefix-map=/builddir/build/BUILD/shim-16.1/= -fno-stack-protector -fno-strict-aliasing -fpic -fshort-wchar -nostdinc -Os -Wall -Wextra -Wno-missing-field-initializers -Wno-empty-body -Wno-implicit-fallthrough -Wno-old-style-declaration -Wno-unused-but-set-variable -Wno-unused-parameter -Werror -Wno-error=unused-but-set-variable -Wno-error=unused-parameter -I/builddir/build/BUILD/shim-16.1/Cryptlib/OpenSSL -I/builddir/build/BUILD/shim-16.1/Cryptlib -I/builddir/build/BUILD/shim-16.1/Cryptlib/OpenSSL/Include/ -I/builddir/build/BUILD/shim-16.1/Cryptlib/OpenSSL/crypto -I/builddir/build/BUILD/shim-16.1/Cryptlib/Include -I/builddir/build/BUILD/shim-16.1/gnu-efi/inc -I/builddir/build/BUILD/shim-16.1/gnu-efi/inc/aarch64 -I/builddir/build/BUILD/shim-16.1/gnu-efi/inc/protocol -I/builddir/build/BUILD/shim-16.1/Cryptlib/OpenSSL/crypto/asn1 -I/builddir/build/BUILD/shim-16.1/Cryptlib/OpenSSL/crypto/evp -I/builddir/build/BUILD/shim-16.1/Cryptlib/OpenSSL/crypto/modes -I/builddir/build/BUILD/shim-16.1/Cryptlib/OpenSSL/crypto/include -isystem /builddir/build/BUILD/shim-16.1/include/system -isystem /usr/lib/gcc/aarch64-redhat-linux/11/include -DL_ENDIAN -D_CRT_SECURE_NO_DEPRECATE -D_CRT_NONSTDC_NO_DEPRECATE -DOPENSSL_SMALL_FOOTPRINT -DPEDANTIC -DMDE_CPU_AARCH64   -c -o crypto/asn1/a_digest.o /builddir/build/BUILD/shim-16.1/Cryptlib/OpenSSL/crypto/asn1/a_digest.c
DEBUG util.py:461:  gcc -std=gnu11 -ggdb -gdwarf-4 -gstrict-dwarf -ffreestanding -fmacro-prefix-map=/builddir/build/BUILD/shim-16.1/= -fno-stack-protector -fno-strict-aliasing -fpic -fshort-wchar -nostdinc -Os -Wall -Wextra -Wno-missing-field-initializers -Wno-empty-body -Wno-implicit-fallthrough -Wno-old-style-declaration -Wno-unused-but-set-variable -Wno-unused-parameter -Werror -Wno-error=unused-but-set-variable -Wno-error=unused-parameter -I/builddir/build/BUILD/shim-16.1/Cryptlib/OpenSSL -I/builddir/build/BUILD/shim-16.1/Cryptlib -I/builddir/build/BUILD/shim-16.1/Cryptlib/OpenSSL/Include/ -I/builddir/build/BUILD/shim-16.1/Cryptlib/OpenSSL/crypto -I/builddir/build/BUILD/shim-16.1/Cryptlib/Include -I/builddir/build/BUILD/shim-16.1/gnu-efi/inc -I/builddir/build/BUILD/shim-16.1/gnu-efi/inc/aarch64 -I/builddir/build/BUILD/shim-16.1/gnu-efi/inc/protocol -I/builddir/build/BUILD/shim-16.1/Cryptlib/OpenSSL/crypto/asn1 -I/builddir/build/BUILD/shim-16.1/Cryptlib/OpenSSL/crypto/evp -I/builddir/build/BUILD/shim-16.1/Cryptlib/OpenSSL/crypto/modes -I/builddir/build/BUILD/shim-16.1/Cryptlib/OpenSSL/crypto/include -isystem /builddir/build/BUILD/shim-16.1/include/system -isystem /usr/lib/gcc/aarch64-redhat-linux/11/include -DL_ENDIAN -D_CRT_SECURE_NO_DEPRECATE -D_CRT_NONSTDC_NO_DEPRECATE -DOPENSSL_SMALL_FOOTPRINT -DPEDANTIC -DMDE_CPU_AARCH64   -c -o crypto/asn1/a_verify.o /builddir/build/BUILD/shim-16.1/Cryptlib/OpenSSL/crypto/asn1/a_verify.c
DEBUG util.py:461:  gcc -std=gnu11 -ggdb -gdwarf-4 -gstrict-dwarf -ffreestanding -fmacro-prefix-map=/builddir/build/BUILD/shim-16.1/= -fno-stack-protector -fno-strict-aliasing -fpic -fshort-wchar -nostdinc -Os -Wall -Wextra -Wno-missing-field-initializers -Wno-empty-body -Wno-implicit-fallthrough -Wno-old-style-declaration -Wno-unused-but-set-variable -Wno-unused-parameter -Werror -Wno-error=unused-but-set-variable -Wno-error=unused-parameter -I/builddir/build/BUILD/shim-16.1/Cryptlib/OpenSSL -I/builddir/build/BUILD/shim-16.1/Cryptlib -I/builddir/build/BUILD/shim-16.1/Cryptlib/OpenSSL/Include/ -I/builddir/build/BUILD/shim-16.1/Cryptlib/OpenSSL/crypto -I/builddir/build/BUILD/shim-16.1/Cryptlib/Include -I/builddir/build/BUILD/shim-16.1/gnu-efi/inc -I/builddir/build/BUILD/shim-16.1/gnu-efi/inc/aarch64 -I/builddir/build/BUILD/shim-16.1/gnu-efi/inc/protocol -I/builddir/build/BUILD/shim-16.1/Cryptlib/OpenSSL/crypto/asn1 -I/builddir/build/BUILD/shim-16.1/Cryptlib/OpenSSL/crypto/evp -I/builddir/build/BUILD/shim-16.1/Cryptlib/OpenSSL/crypto/modes -I/builddir/build/BUILD/shim-16.1/Cryptlib/OpenSSL/crypto/include -isystem /builddir/build/BUILD/shim-16.1/include/system -isystem /usr/lib/gcc/aarch64-redhat-linux/11/include -DL_ENDIAN -D_CRT_SECURE_NO_DEPRECATE -D_CRT_NONSTDC_NO_DEPRECATE -DOPENSSL_SMALL_FOOTPRINT -DPEDANTIC -DMDE_CPU_AARCH64   -c -o crypto/asn1/a_mbstr.o /builddir/build/BUILD/shim-16.1/Cryptlib/OpenSSL/crypto/asn1/a_mbstr.c
DEBUG util.py:461:  gcc -std=gnu11 -ggdb -gdwarf-4 -gstrict-dwarf -ffreestanding -fmacro-prefix-map=/builddir/build/BUILD/shim-16.1/= -fno-stack-protector -fno-strict-aliasing -fpic -fshort-wchar -nostdinc -Os -Wall -Wextra -Wno-missing-field-initializers -Wno-empty-body -Wno-implicit-fallthrough -Wno-old-style-declaration -Wno-unused-but-set-variable -Wno-unused-parameter -Werror -Wno-error=unused-but-set-variable -Wno-error=unused-parameter -I/builddir/build/BUILD/shim-16.1/Cryptlib/OpenSSL -I/builddir/build/BUILD/shim-16.1/Cryptlib -I/builddir/build/BUILD/shim-16.1/Cryptlib/OpenSSL/Include/ -I/builddir/build/BUILD/shim-16.1/Cryptlib/OpenSSL/crypto -I/builddir/build/BUILD/shim-16.1/Cryptlib/Include -I/builddir/build/BUILD/shim-16.1/gnu-efi/inc -I/builddir/build/BUILD/shim-16.1/gnu-efi/inc/aarch64 -I/builddir/build/BUILD/shim-16.1/gnu-efi/inc/protocol -I/builddir/build/BUILD/shim-16.1/Cryptlib/OpenSSL/crypto/asn1 -I/builddir/build/BUILD/shim-16.1/Cryptlib/OpenSSL/crypto/evp -I/builddir/build/BUILD/shim-16.1/Cryptlib/OpenSSL/crypto/modes -I/builddir/build/BUILD/shim-16.1/Cryptlib/OpenSSL/crypto/include -isystem /builddir/build/BUILD/shim-16.1/include/system -isystem /usr/lib/gcc/aarch64-redhat-linux/11/include -DL_ENDIAN -D_CRT_SECURE_NO_DEPRECATE -D_CRT_NONSTDC_NO_DEPRECATE -DOPENSSL_SMALL_FOOTPRINT -DPEDANTIC -DMDE_CPU_AARCH64   -c -o crypto/asn1/a_strex.o /builddir/build/BUILD/shim-16.1/Cryptlib/OpenSSL/crypto/asn1/a_strex.c
DEBUG util.py:461:  gcc -std=gnu11 -ggdb -gdwarf-4 -gstrict-dwarf -ffreestanding -fmacro-prefix-map=/builddir/build/BUILD/shim-16.1/= -fno-stack-protector -fno-strict-aliasing -fpic -fshort-wchar -nostdinc -Os -Wall -Wextra -Wno-missing-field-initializers -Wno-empty-body -Wno-implicit-fallthrough -Wno-old-style-declaration -Wno-unused-but-set-variable -Wno-unused-parameter -Werror -Wno-error=unused-but-set-variable -Wno-error=unused-parameter -I/builddir/build/BUILD/shim-16.1/Cryptlib/OpenSSL -I/builddir/build/BUILD/shim-16.1/Cryptlib -I/builddir/build/BUILD/shim-16.1/Cryptlib/OpenSSL/Include/ -I/builddir/build/BUILD/shim-16.1/Cryptlib/OpenSSL/crypto -I/builddir/build/BUILD/shim-16.1/Cryptlib/Include -I/builddir/build/BUILD/shim-16.1/gnu-efi/inc -I/builddir/build/BUILD/shim-16.1/gnu-efi/inc/aarch64 -I/builddir/build/BUILD/shim-16.1/gnu-efi/inc/protocol -I/builddir/build/BUILD/shim-16.1/Cryptlib/OpenSSL/crypto/asn1 -I/builddir/build/BUILD/shim-16.1/Cryptlib/OpenSSL/crypto/evp -I/builddir/build/BUILD/shim-16.1/Cryptlib/OpenSSL/crypto/modes -I/builddir/build/BUILD/shim-16.1/Cryptlib/OpenSSL/crypto/include -isystem /builddir/build/BUILD/shim-16.1/include/system -isystem /usr/lib/gcc/aarch64-redhat-linux/11/include -DL_ENDIAN -D_CRT_SECURE_NO_DEPRECATE -D_CRT_NONSTDC_NO_DEPRECATE -DOPENSSL_SMALL_FOOTPRINT -DPEDANTIC -DMDE_CPU_AARCH64   -c -o crypto/asn1/x_algor.o /builddir/build/BUILD/shim-16.1/Cryptlib/OpenSSL/crypto/asn1/x_algor.c
DEBUG util.py:461:  gcc -std=gnu11 -ggdb -gdwarf-4 -gstrict-dwarf -ffreestanding -fmacro-prefix-map=/builddir/build/BUILD/shim-16.1/= -fno-stack-protector -fno-strict-aliasing -fpic -fshort-wchar -nostdinc -Os -Wall -Wextra -Wno-missing-field-initializers -Wno-empty-body -Wno-implicit-fallthrough -Wno-old-style-declaration -Wno-unused-but-set-variable -Wno-unused-parameter -Werror -Wno-error=unused-but-set-variable -Wno-error=unused-parameter -I/builddir/build/BUILD/shim-16.1/Cryptlib/OpenSSL -I/builddir/build/BUILD/shim-16.1/Cryptlib -I/builddir/build/BUILD/shim-16.1/Cryptlib/OpenSSL/Include/ -I/builddir/build/BUILD/shim-16.1/Cryptlib/OpenSSL/crypto -I/builddir/build/BUILD/shim-16.1/Cryptlib/Include -I/builddir/build/BUILD/shim-16.1/gnu-efi/inc -I/builddir/build/BUILD/shim-16.1/gnu-efi/inc/aarch64 -I/builddir/build/BUILD/shim-16.1/gnu-efi/inc/protocol -I/builddir/build/BUILD/shim-16.1/Cryptlib/OpenSSL/crypto/asn1 -I/builddir/build/BUILD/shim-16.1/Cryptlib/OpenSSL/crypto/evp -I/builddir/build/BUILD/shim-16.1/Cryptlib/OpenSSL/crypto/modes -I/builddir/build/BUILD/shim-16.1/Cryptlib/OpenSSL/crypto/include -isystem /builddir/build/BUILD/shim-16.1/include/system -isystem /usr/lib/gcc/aarch64-redhat-linux/11/include -DL_ENDIAN -D_CRT_SECURE_NO_DEPRECATE -D_CRT_NONSTDC_NO_DEPRECATE -DOPENSSL_SMALL_FOOTPRINT -DPEDANTIC -DMDE_CPU_AARCH64   -c -o crypto/asn1/x_val.o /builddir/build/BUILD/shim-16.1/Cryptlib/OpenSSL/crypto/asn1/x_val.c
DEBUG util.py:461:  gcc -std=gnu11 -ggdb -gdwarf-4 -gstrict-dwarf -ffreestanding -fmacro-prefix-map=/builddir/build/BUILD/shim-16.1/= -fno-stack-protector -fno-strict-aliasing -fpic -fshort-wchar -nostdinc -Os -Wall -Wextra -Wno-missing-field-initializers -Wno-empty-body -Wno-implicit-fallthrough -Wno-old-style-declaration -Wno-unused-but-set-variable -Wno-unused-parameter -Werror -Wno-error=unused-but-set-variable -Wno-error=unused-parameter -I/builddir/build/BUILD/shim-16.1/Cryptlib/OpenSSL -I/builddir/build/BUILD/shim-16.1/Cryptlib -I/builddir/build/BUILD/shim-16.1/Cryptlib/OpenSSL/Include/ -I/builddir/build/BUILD/shim-16.1/Cryptlib/OpenSSL/crypto -I/builddir/build/BUILD/shim-16.1/Cryptlib/Include -I/builddir/build/BUILD/shim-16.1/gnu-efi/inc -I/builddir/build/BUILD/shim-16.1/gnu-efi/inc/aarch64 -I/builddir/build/BUILD/shim-16.1/gnu-efi/inc/protocol -I/builddir/build/BUILD/shim-16.1/Cryptlib/OpenSSL/crypto/asn1 -I/builddir/build/BUILD/shim-16.1/Cryptlib/OpenSSL/crypto/evp -I/builddir/build/BUILD/shim-16.1/Cryptlib/OpenSSL/crypto/modes -I/builddir/build/BUILD/shim-16.1/Cryptlib/OpenSSL/crypto/include -isystem /builddir/build/BUILD/shim-16.1/include/system -isystem /usr/lib/gcc/aarch64-redhat-linux/11/include -DL_ENDIAN -D_CRT_SECURE_NO_DEPRECATE -D_CRT_NONSTDC_NO_DEPRECATE -DOPENSSL_SMALL_FOOTPRINT -DPEDANTIC -DMDE_CPU_AARCH64   -c -o crypto/asn1/x_pubkey.o /builddir/build/BUILD/shim-16.1/Cryptlib/OpenSSL/crypto/asn1/x_pubkey.c
DEBUG util.py:461:  gcc -std=gnu11 -ggdb -gdwarf-4 -gstrict-dwarf -ffreestanding -fmacro-prefix-map=/builddir/build/BUILD/shim-16.1/= -fno-stack-protector -fno-strict-aliasing -fpic -fshort-wchar -nostdinc -Os -Wall -Wextra -Wno-missing-field-initializers -Wno-empty-body -Wno-implicit-fallthrough -Wno-old-style-declaration -Wno-unused-but-set-variable -Wno-unused-parameter -Werror -Wno-error=unused-but-set-variable -Wno-error=unused-parameter -I/builddir/build/BUILD/shim-16.1/Cryptlib/OpenSSL -I/builddir/build/BUILD/shim-16.1/Cryptlib -I/builddir/build/BUILD/shim-16.1/Cryptlib/OpenSSL/Include/ -I/builddir/build/BUILD/shim-16.1/Cryptlib/OpenSSL/crypto -I/builddir/build/BUILD/shim-16.1/Cryptlib/Include -I/builddir/build/BUILD/shim-16.1/gnu-efi/inc -I/builddir/build/BUILD/shim-16.1/gnu-efi/inc/aarch64 -I/builddir/build/BUILD/shim-16.1/gnu-efi/inc/protocol -I/builddir/build/BUILD/shim-16.1/Cryptlib/OpenSSL/crypto/asn1 -I/builddir/build/BUILD/shim-16.1/Cryptlib/OpenSSL/crypto/evp -I/builddir/build/BUILD/shim-16.1/Cryptlib/OpenSSL/crypto/modes -I/builddir/build/BUILD/shim-16.1/Cryptlib/OpenSSL/crypto/include -isystem /builddir/build/BUILD/shim-16.1/include/system -isystem /usr/lib/gcc/aarch64-redhat-linux/11/include -DL_ENDIAN -D_CRT_SECURE_NO_DEPRECATE -D_CRT_NONSTDC_NO_DEPRECATE -DOPENSSL_SMALL_FOOTPRINT -DPEDANTIC -DMDE_CPU_AARCH64   -c -o crypto/asn1/x_sig.o /builddir/build/BUILD/shim-16.1/Cryptlib/OpenSSL/crypto/asn1/x_sig.c
DEBUG util.py:461:  gcc -std=gnu11 -ggdb -gdwarf-4 -gstrict-dwarf -ffreestanding -fmacro-prefix-map=/builddir/build/BUILD/shim-16.1/= -fno-stack-protector -fno-strict-aliasing -fpic -fshort-wchar -nostdinc -Os -Wall -Wextra -Wno-missing-field-initializers -Wno-empty-body -Wno-implicit-fallthrough -Wno-old-style-declaration -Wno-unused-but-set-variable -Wno-unused-parameter -Werror -Wno-error=unused-but-set-variable -Wno-error=unused-parameter -I/builddir/build/BUILD/shim-16.1/Cryptlib/OpenSSL -I/builddir/build/BUILD/shim-16.1/Cryptlib -I/builddir/build/BUILD/shim-16.1/Cryptlib/OpenSSL/Include/ -I/builddir/build/BUILD/shim-16.1/Cryptlib/OpenSSL/crypto -I/builddir/build/BUILD/shim-16.1/Cryptlib/Include -I/builddir/build/BUILD/shim-16.1/gnu-efi/inc -I/builddir/build/BUILD/shim-16.1/gnu-efi/inc/aarch64 -I/builddir/build/BUILD/shim-16.1/gnu-efi/inc/protocol -I/builddir/build/BUILD/shim-16.1/Cryptlib/OpenSSL/crypto/asn1 -I/builddir/build/BUILD/shim-16.1/Cryptlib/OpenSSL/crypto/evp -I/builddir/build/BUILD/shim-16.1/Cryptlib/OpenSSL/crypto/modes -I/builddir/build/BUILD/shim-16.1/Cryptlib/OpenSSL/crypto/include -isystem /builddir/build/BUILD/shim-16.1/include/system -isystem /usr/lib/gcc/aarch64-redhat-linux/11/include -DL_ENDIAN -D_CRT_SECURE_NO_DEPRECATE -D_CRT_NONSTDC_NO_DEPRECATE -DOPENSSL_SMALL_FOOTPRINT -DPEDANTIC -DMDE_CPU_AARCH64   -c -o crypto/asn1/x_req.o /builddir/build/BUILD/shim-16.1/Cryptlib/OpenSSL/crypto/asn1/x_req.c
DEBUG util.py:461:  gcc -std=gnu11 -ggdb -gdwarf-4 -gstrict-dwarf -ffreestanding -fmacro-prefix-map=/builddir/build/BUILD/shim-16.1/= -fno-stack-protector -fno-strict-aliasing -fpic -fshort-wchar -nostdinc -Os -Wall -Wextra -Wno-missing-field-initializers -Wno-empty-body -Wno-implicit-fallthrough -Wno-old-style-declaration -Wno-unused-but-set-variable -Wno-unused-parameter -Werror -Wno-error=unused-but-set-variable -Wno-error=unused-parameter -I/builddir/build/BUILD/shim-16.1/Cryptlib/OpenSSL -I/builddir/build/BUILD/shim-16.1/Cryptlib -I/builddir/build/BUILD/shim-16.1/Cryptlib/OpenSSL/Include/ -I/builddir/build/BUILD/shim-16.1/Cryptlib/OpenSSL/crypto -I/builddir/build/BUILD/shim-16.1/Cryptlib/Include -I/builddir/build/BUILD/shim-16.1/gnu-efi/inc -I/builddir/build/BUILD/shim-16.1/gnu-efi/inc/aarch64 -I/builddir/build/BUILD/shim-16.1/gnu-efi/inc/protocol -I/builddir/build/BUILD/shim-16.1/Cryptlib/OpenSSL/crypto/asn1 -I/builddir/build/BUILD/shim-16.1/Cryptlib/OpenSSL/crypto/evp -I/builddir/build/BUILD/shim-16.1/Cryptlib/OpenSSL/crypto/modes -I/builddir/build/BUILD/shim-16.1/Cryptlib/OpenSSL/crypto/include -isystem /builddir/build/BUILD/shim-16.1/include/system -isystem /usr/lib/gcc/aarch64-redhat-linux/11/include -DL_ENDIAN -D_CRT_SECURE_NO_DEPRECATE -D_CRT_NONSTDC_NO_DEPRECATE -DOPENSSL_SMALL_FOOTPRINT -DPEDANTIC -DMDE_CPU_AARCH64   -c -o crypto/asn1/x_attrib.o /builddir/build/BUILD/shim-16.1/Cryptlib/OpenSSL/crypto/asn1/x_attrib.c
DEBUG util.py:461:  gcc -std=gnu11 -ggdb -gdwarf-4 -gstrict-dwarf -ffreestanding -fmacro-prefix-map=/builddir/build/BUILD/shim-16.1/= -fno-stack-protector -fno-strict-aliasing -fpic -fshort-wchar -nostdinc -Os -Wall -Wextra -Wno-missing-field-initializers -Wno-empty-body -Wno-implicit-fallthrough -Wno-old-style-declaration -Wno-unused-but-set-variable -Wno-unused-parameter -Werror -Wno-error=unused-but-set-variable -Wno-error=unused-parameter -I/builddir/build/BUILD/shim-16.1/Cryptlib/OpenSSL -I/builddir/build/BUILD/shim-16.1/Cryptlib -I/builddir/build/BUILD/shim-16.1/Cryptlib/OpenSSL/Include/ -I/builddir/build/BUILD/shim-16.1/Cryptlib/OpenSSL/crypto -I/builddir/build/BUILD/shim-16.1/Cryptlib/Include -I/builddir/build/BUILD/shim-16.1/gnu-efi/inc -I/builddir/build/BUILD/shim-16.1/gnu-efi/inc/aarch64 -I/builddir/build/BUILD/shim-16.1/gnu-efi/inc/protocol -I/builddir/build/BUILD/shim-16.1/Cryptlib/OpenSSL/crypto/asn1 -I/builddir/build/BUILD/shim-16.1/Cryptlib/OpenSSL/crypto/evp -I/builddir/build/BUILD/shim-16.1/Cryptlib/OpenSSL/crypto/modes -I/builddir/build/BUILD/shim-16.1/Cryptlib/OpenSSL/crypto/include -isystem /builddir/build/BUILD/shim-16.1/include/system -isystem /usr/lib/gcc/aarch64-redhat-linux/11/include -DL_ENDIAN -D_CRT_SECURE_NO_DEPRECATE -D_CRT_NONSTDC_NO_DEPRECATE -DOPENSSL_SMALL_FOOTPRINT -DPEDANTIC -DMDE_CPU_AARCH64   -c -o crypto/asn1/x_bignum.o /builddir/build/BUILD/shim-16.1/Cryptlib/OpenSSL/crypto/asn1/x_bignum.c
DEBUG util.py:461:  gcc -std=gnu11 -ggdb -gdwarf-4 -gstrict-dwarf -ffreestanding -fmacro-prefix-map=/builddir/build/BUILD/shim-16.1/= -fno-stack-protector -fno-strict-aliasing -fpic -fshort-wchar -nostdinc -Os -Wall -Wextra -Wno-missing-field-initializers -Wno-empty-body -Wno-implicit-fallthrough -Wno-old-style-declaration -Wno-unused-but-set-variable -Wno-unused-parameter -Werror -Wno-error=unused-but-set-variable -Wno-error=unused-parameter -I/builddir/build/BUILD/shim-16.1/Cryptlib/OpenSSL -I/builddir/build/BUILD/shim-16.1/Cryptlib -I/builddir/build/BUILD/shim-16.1/Cryptlib/OpenSSL/Include/ -I/builddir/build/BUILD/shim-16.1/Cryptlib/OpenSSL/crypto -I/builddir/build/BUILD/shim-16.1/Cryptlib/Include -I/builddir/build/BUILD/shim-16.1/gnu-efi/inc -I/builddir/build/BUILD/shim-16.1/gnu-efi/inc/aarch64 -I/builddir/build/BUILD/shim-16.1/gnu-efi/inc/protocol -I/builddir/build/BUILD/shim-16.1/Cryptlib/OpenSSL/crypto/asn1 -I/builddir/build/BUILD/shim-16.1/Cryptlib/OpenSSL/crypto/evp -I/builddir/build/BUILD/shim-16.1/Cryptlib/OpenSSL/crypto/modes -I/builddir/build/BUILD/shim-16.1/Cryptlib/OpenSSL/crypto/include -isystem /builddir/build/BUILD/shim-16.1/include/system -isystem /usr/lib/gcc/aarch64-redhat-linux/11/include -DL_ENDIAN -D_CRT_SECURE_NO_DEPRECATE -D_CRT_NONSTDC_NO_DEPRECATE -DOPENSSL_SMALL_FOOTPRINT -DPEDANTIC -DMDE_CPU_AARCH64   -c -o crypto/asn1/x_long.o /builddir/build/BUILD/shim-16.1/Cryptlib/OpenSSL/crypto/asn1/x_long.c
DEBUG util.py:461:  gcc -std=gnu11 -ggdb -gdwarf-4 -gstrict-dwarf -ffreestanding -fmacro-prefix-map=/builddir/build/BUILD/shim-16.1/= -fno-stack-protector -fno-strict-aliasing -fpic -fshort-wchar -nostdinc -Os -Wall -Wextra -Wno-missing-field-initializers -Wno-empty-body -Wno-implicit-fallthrough -Wno-old-style-declaration -Wno-unused-but-set-variable -Wno-unused-parameter -Werror -Wno-error=unused-but-set-variable -Wno-error=unused-parameter -I/builddir/build/BUILD/shim-16.1/Cryptlib/OpenSSL -I/builddir/build/BUILD/shim-16.1/Cryptlib -I/builddir/build/BUILD/shim-16.1/Cryptlib/OpenSSL/Include/ -I/builddir/build/BUILD/shim-16.1/Cryptlib/OpenSSL/crypto -I/builddir/build/BUILD/shim-16.1/Cryptlib/Include -I/builddir/build/BUILD/shim-16.1/gnu-efi/inc -I/builddir/build/BUILD/shim-16.1/gnu-efi/inc/aarch64 -I/builddir/build/BUILD/shim-16.1/gnu-efi/inc/protocol -I/builddir/build/BUILD/shim-16.1/Cryptlib/OpenSSL/crypto/asn1 -I/builddir/build/BUILD/shim-16.1/Cryptlib/OpenSSL/crypto/evp -I/builddir/build/BUILD/shim-16.1/Cryptlib/OpenSSL/crypto/modes -I/builddir/build/BUILD/shim-16.1/Cryptlib/OpenSSL/crypto/include -isystem /builddir/build/BUILD/shim-16.1/include/system -isystem /usr/lib/gcc/aarch64-redhat-linux/11/include -DL_ENDIAN -D_CRT_SECURE_NO_DEPRECATE -D_CRT_NONSTDC_NO_DEPRECATE -DOPENSSL_SMALL_FOOTPRINT -DPEDANTIC -DMDE_CPU_AARCH64   -c -o crypto/asn1/x_name.o /builddir/build/BUILD/shim-16.1/Cryptlib/OpenSSL/crypto/asn1/x_name.c
DEBUG util.py:461:  gcc -std=gnu11 -ggdb -gdwarf-4 -gstrict-dwarf -ffreestanding -fmacro-prefix-map=/builddir/build/BUILD/shim-16.1/= -fno-stack-protector -fno-strict-aliasing -fpic -fshort-wchar -nostdinc -Os -Wall -Wextra -Wno-missing-field-initializers -Wno-empty-body -Wno-implicit-fallthrough -Wno-old-style-declaration -Wno-unused-but-set-variable -Wno-unused-parameter -Werror -Wno-error=unused-but-set-variable -Wno-error=unused-parameter -I/builddir/build/BUILD/shim-16.1/Cryptlib/OpenSSL -I/builddir/build/BUILD/shim-16.1/Cryptlib -I/builddir/build/BUILD/shim-16.1/Cryptlib/OpenSSL/Include/ -I/builddir/build/BUILD/shim-16.1/Cryptlib/OpenSSL/crypto -I/builddir/build/BUILD/shim-16.1/Cryptlib/Include -I/builddir/build/BUILD/shim-16.1/gnu-efi/inc -I/builddir/build/BUILD/shim-16.1/gnu-efi/inc/aarch64 -I/builddir/build/BUILD/shim-16.1/gnu-efi/inc/protocol -I/builddir/build/BUILD/shim-16.1/Cryptlib/OpenSSL/crypto/asn1 -I/builddir/build/BUILD/shim-16.1/Cryptlib/OpenSSL/crypto/evp -I/builddir/build/BUILD/shim-16.1/Cryptlib/OpenSSL/crypto/modes -I/builddir/build/BUILD/shim-16.1/Cryptlib/OpenSSL/crypto/include -isystem /builddir/build/BUILD/shim-16.1/include/system -isystem /usr/lib/gcc/aarch64-redhat-linux/11/include -DL_ENDIAN -D_CRT_SECURE_NO_DEPRECATE -D_CRT_NONSTDC_NO_DEPRECATE -DOPENSSL_SMALL_FOOTPRINT -DPEDANTIC -DMDE_CPU_AARCH64   -c -o crypto/asn1/x_x509.o /builddir/build/BUILD/shim-16.1/Cryptlib/OpenSSL/crypto/asn1/x_x509.c
DEBUG util.py:461:  gcc -std=gnu11 -ggdb -gdwarf-4 -gstrict-dwarf -ffreestanding -fmacro-prefix-map=/builddir/build/BUILD/shim-16.1/= -fno-stack-protector -fno-strict-aliasing -fpic -fshort-wchar -nostdinc -Os -Wall -Wextra -Wno-missing-field-initializers -Wno-empty-body -Wno-implicit-fallthrough -Wno-old-style-declaration -Wno-unused-but-set-variable -Wno-unused-parameter -Werror -Wno-error=unused-but-set-variable -Wno-error=unused-parameter -I/builddir/build/BUILD/shim-16.1/Cryptlib/OpenSSL -I/builddir/build/BUILD/shim-16.1/Cryptlib -I/builddir/build/BUILD/shim-16.1/Cryptlib/OpenSSL/Include/ -I/builddir/build/BUILD/shim-16.1/Cryptlib/OpenSSL/crypto -I/builddir/build/BUILD/shim-16.1/Cryptlib/Include -I/builddir/build/BUILD/shim-16.1/gnu-efi/inc -I/builddir/build/BUILD/shim-16.1/gnu-efi/inc/aarch64 -I/builddir/build/BUILD/shim-16.1/gnu-efi/inc/protocol -I/builddir/build/BUILD/shim-16.1/Cryptlib/OpenSSL/crypto/asn1 -I/builddir/build/BUILD/shim-16.1/Cryptlib/OpenSSL/crypto/evp -I/builddir/build/BUILD/shim-16.1/Cryptlib/OpenSSL/crypto/modes -I/builddir/build/BUILD/shim-16.1/Cryptlib/OpenSSL/crypto/include -isystem /builddir/build/BUILD/shim-16.1/include/system -isystem /usr/lib/gcc/aarch64-redhat-linux/11/include -DL_ENDIAN -D_CRT_SECURE_NO_DEPRECATE -D_CRT_NONSTDC_NO_DEPRECATE -DOPENSSL_SMALL_FOOTPRINT -DPEDANTIC -DMDE_CPU_AARCH64   -c -o crypto/asn1/x_x509a.o /builddir/build/BUILD/shim-16.1/Cryptlib/OpenSSL/crypto/asn1/x_x509a.c
DEBUG util.py:461:  gcc -std=gnu11 -ggdb -gdwarf-4 -gstrict-dwarf -ffreestanding -fmacro-prefix-map=/builddir/build/BUILD/shim-16.1/= -fno-stack-protector -fno-strict-aliasing -fpic -fshort-wchar -nostdinc -Os -Wall -Wextra -Wno-missing-field-initializers -Wno-empty-body -Wno-implicit-fallthrough -Wno-old-style-declaration -Wno-unused-but-set-variable -Wno-unused-parameter -Werror -Wno-error=unused-but-set-variable -Wno-error=unused-parameter -I/builddir/build/BUILD/shim-16.1/Cryptlib/OpenSSL -I/builddir/build/BUILD/shim-16.1/Cryptlib -I/builddir/build/BUILD/shim-16.1/Cryptlib/OpenSSL/Include/ -I/builddir/build/BUILD/shim-16.1/Cryptlib/OpenSSL/crypto -I/builddir/build/BUILD/shim-16.1/Cryptlib/Include -I/builddir/build/BUILD/shim-16.1/gnu-efi/inc -I/builddir/build/BUILD/shim-16.1/gnu-efi/inc/aarch64 -I/builddir/build/BUILD/shim-16.1/gnu-efi/inc/protocol -I/builddir/build/BUILD/shim-16.1/Cryptlib/OpenSSL/crypto/asn1 -I/builddir/build/BUILD/shim-16.1/Cryptlib/OpenSSL/crypto/evp -I/builddir/build/BUILD/shim-16.1/Cryptlib/OpenSSL/crypto/modes -I/builddir/build/BUILD/shim-16.1/Cryptlib/OpenSSL/crypto/include -isystem /builddir/build/BUILD/shim-16.1/include/system -isystem /usr/lib/gcc/aarch64-redhat-linux/11/include -DL_ENDIAN -D_CRT_SECURE_NO_DEPRECATE -D_CRT_NONSTDC_NO_DEPRECATE -DOPENSSL_SMALL_FOOTPRINT -DPEDANTIC -DMDE_CPU_AARCH64   -c -o crypto/asn1/x_crl.o /builddir/build/BUILD/shim-16.1/Cryptlib/OpenSSL/crypto/asn1/x_crl.c
DEBUG util.py:461:  gcc -std=gnu11 -ggdb -gdwarf-4 -gstrict-dwarf -ffreestanding -fmacro-prefix-map=/builddir/build/BUILD/shim-16.1/= -fno-stack-protector -fno-strict-aliasing -fpic -fshort-wchar -nostdinc -Os -Wall -Wextra -Wno-missing-field-initializers -Wno-empty-body -Wno-implicit-fallthrough -Wno-old-style-declaration -Wno-unused-but-set-variable -Wno-unused-parameter -Werror -Wno-error=unused-but-set-variable -Wno-error=unused-parameter -I/builddir/build/BUILD/shim-16.1/Cryptlib/OpenSSL -I/builddir/build/BUILD/shim-16.1/Cryptlib -I/builddir/build/BUILD/shim-16.1/Cryptlib/OpenSSL/Include/ -I/builddir/build/BUILD/shim-16.1/Cryptlib/OpenSSL/crypto -I/builddir/build/BUILD/shim-16.1/Cryptlib/Include -I/builddir/build/BUILD/shim-16.1/gnu-efi/inc -I/builddir/build/BUILD/shim-16.1/gnu-efi/inc/aarch64 -I/builddir/build/BUILD/shim-16.1/gnu-efi/inc/protocol -I/builddir/build/BUILD/shim-16.1/Cryptlib/OpenSSL/crypto/asn1 -I/builddir/build/BUILD/shim-16.1/Cryptlib/OpenSSL/crypto/evp -I/builddir/build/BUILD/shim-16.1/Cryptlib/OpenSSL/crypto/modes -I/builddir/build/BUILD/shim-16.1/Cryptlib/OpenSSL/crypto/include -isystem /builddir/build/BUILD/shim-16.1/include/system -isystem /usr/lib/gcc/aarch64-redhat-linux/11/include -DL_ENDIAN -D_CRT_SECURE_NO_DEPRECATE -D_CRT_NONSTDC_NO_DEPRECATE -DOPENSSL_SMALL_FOOTPRINT -DPEDANTIC -DMDE_CPU_AARCH64   -c -o crypto/asn1/x_info.o /builddir/build/BUILD/shim-16.1/Cryptlib/OpenSSL/crypto/asn1/x_info.c
DEBUG util.py:461:  gcc -std=gnu11 -ggdb -gdwarf-4 -gstrict-dwarf -ffreestanding -fmacro-prefix-map=/builddir/build/BUILD/shim-16.1/= -fno-stack-protector -fno-strict-aliasing -fpic -fshort-wchar -nostdinc -Os -Wall -Wextra -Wno-missing-field-initializers -Wno-empty-body -Wno-implicit-fallthrough -Wno-old-style-declaration -Wno-unused-but-set-variable -Wno-unused-parameter -Werror -Wno-error=unused-but-set-variable -Wno-error=unused-parameter -I/builddir/build/BUILD/shim-16.1/Cryptlib/OpenSSL -I/builddir/build/BUILD/shim-16.1/Cryptlib -I/builddir/build/BUILD/shim-16.1/Cryptlib/OpenSSL/Include/ -I/builddir/build/BUILD/shim-16.1/Cryptlib/OpenSSL/crypto -I/builddir/build/BUILD/shim-16.1/Cryptlib/Include -I/builddir/build/BUILD/shim-16.1/gnu-efi/inc -I/builddir/build/BUILD/shim-16.1/gnu-efi/inc/aarch64 -I/builddir/build/BUILD/shim-16.1/gnu-efi/inc/protocol -I/builddir/build/BUILD/shim-16.1/Cryptlib/OpenSSL/crypto/asn1 -I/builddir/build/BUILD/shim-16.1/Cryptlib/OpenSSL/crypto/evp -I/builddir/build/BUILD/shim-16.1/Cryptlib/OpenSSL/crypto/modes -I/builddir/build/BUILD/shim-16.1/Cryptlib/OpenSSL/crypto/include -isystem /builddir/build/BUILD/shim-16.1/include/system -isystem /usr/lib/gcc/aarch64-redhat-linux/11/include -DL_ENDIAN -D_CRT_SECURE_NO_DEPRECATE -D_CRT_NONSTDC_NO_DEPRECATE -DOPENSSL_SMALL_FOOTPRINT -DPEDANTIC -DMDE_CPU_AARCH64   -c -o crypto/asn1/x_spki.o /builddir/build/BUILD/shim-16.1/Cryptlib/OpenSSL/crypto/asn1/x_spki.c
DEBUG util.py:461:  gcc -std=gnu11 -ggdb -gdwarf-4 -gstrict-dwarf -ffreestanding -fmacro-prefix-map=/builddir/build/BUILD/shim-16.1/= -fno-stack-protector -fno-strict-aliasing -fpic -fshort-wchar -nostdinc -Os -Wall -Wextra -Wno-missing-field-initializers -Wno-empty-body -Wno-implicit-fallthrough -Wno-old-style-declaration -Wno-unused-but-set-variable -Wno-unused-parameter -Werror -Wno-error=unused-but-set-variable -Wno-error=unused-parameter -I/builddir/build/BUILD/shim-16.1/Cryptlib/OpenSSL -I/builddir/build/BUILD/shim-16.1/Cryptlib -I/builddir/build/BUILD/shim-16.1/Cryptlib/OpenSSL/Include/ -I/builddir/build/BUILD/shim-16.1/Cryptlib/OpenSSL/crypto -I/builddir/build/BUILD/shim-16.1/Cryptlib/Include -I/builddir/build/BUILD/shim-16.1/gnu-efi/inc -I/builddir/build/BUILD/shim-16.1/gnu-efi/inc/aarch64 -I/builddir/build/BUILD/shim-16.1/gnu-efi/inc/protocol -I/builddir/build/BUILD/shim-16.1/Cryptlib/OpenSSL/crypto/asn1 -I/builddir/build/BUILD/shim-16.1/Cryptlib/OpenSSL/crypto/evp -I/builddir/build/BUILD/shim-16.1/Cryptlib/OpenSSL/crypto/modes -I/builddir/build/BUILD/shim-16.1/Cryptlib/OpenSSL/crypto/include -isystem /builddir/build/BUILD/shim-16.1/include/system -isystem /usr/lib/gcc/aarch64-redhat-linux/11/include -DL_ENDIAN -D_CRT_SECURE_NO_DEPRECATE -D_CRT_NONSTDC_NO_DEPRECATE -DOPENSSL_SMALL_FOOTPRINT -DPEDANTIC -DMDE_CPU_AARCH64   -c -o crypto/asn1/nsseq.o /builddir/build/BUILD/shim-16.1/Cryptlib/OpenSSL/crypto/asn1/nsseq.c
DEBUG util.py:461:  gcc -std=gnu11 -ggdb -gdwarf-4 -gstrict-dwarf -ffreestanding -fmacro-prefix-map=/builddir/build/BUILD/shim-16.1/= -fno-stack-protector -fno-strict-aliasing -fpic -fshort-wchar -nostdinc -Os -Wall -Wextra -Wno-missing-field-initializers -Wno-empty-body -Wno-implicit-fallthrough -Wno-old-style-declaration -Wno-unused-but-set-variable -Wno-unused-parameter -Werror -Wno-error=unused-but-set-variable -Wno-error=unused-parameter -I/builddir/build/BUILD/shim-16.1/Cryptlib/OpenSSL -I/builddir/build/BUILD/shim-16.1/Cryptlib -I/builddir/build/BUILD/shim-16.1/Cryptlib/OpenSSL/Include/ -I/builddir/build/BUILD/shim-16.1/Cryptlib/OpenSSL/crypto -I/builddir/build/BUILD/shim-16.1/Cryptlib/Include -I/builddir/build/BUILD/shim-16.1/gnu-efi/inc -I/builddir/build/BUILD/shim-16.1/gnu-efi/inc/aarch64 -I/builddir/build/BUILD/shim-16.1/gnu-efi/inc/protocol -I/builddir/build/BUILD/shim-16.1/Cryptlib/OpenSSL/crypto/asn1 -I/builddir/build/BUILD/shim-16.1/Cryptlib/OpenSSL/crypto/evp -I/builddir/build/BUILD/shim-16.1/Cryptlib/OpenSSL/crypto/modes -I/builddir/build/BUILD/shim-16.1/Cryptlib/OpenSSL/crypto/include -isystem /builddir/build/BUILD/shim-16.1/include/system -isystem /usr/lib/gcc/aarch64-redhat-linux/11/include -DL_ENDIAN -D_CRT_SECURE_NO_DEPRECATE -D_CRT_NONSTDC_NO_DEPRECATE -DOPENSSL_SMALL_FOOTPRINT -DPEDANTIC -DMDE_CPU_AARCH64   -c -o crypto/asn1/x_nx509.o /builddir/build/BUILD/shim-16.1/Cryptlib/OpenSSL/crypto/asn1/x_nx509.c
DEBUG util.py:461:  gcc -std=gnu11 -ggdb -gdwarf-4 -gstrict-dwarf -ffreestanding -fmacro-prefix-map=/builddir/build/BUILD/shim-16.1/= -fno-stack-protector -fno-strict-aliasing -fpic -fshort-wchar -nostdinc -Os -Wall -Wextra -Wno-missing-field-initializers -Wno-empty-body -Wno-implicit-fallthrough -Wno-old-style-declaration -Wno-unused-but-set-variable -Wno-unused-parameter -Werror -Wno-error=unused-but-set-variable -Wno-error=unused-parameter -I/builddir/build/BUILD/shim-16.1/Cryptlib/OpenSSL -I/builddir/build/BUILD/shim-16.1/Cryptlib -I/builddir/build/BUILD/shim-16.1/Cryptlib/OpenSSL/Include/ -I/builddir/build/BUILD/shim-16.1/Cryptlib/OpenSSL/crypto -I/builddir/build/BUILD/shim-16.1/Cryptlib/Include -I/builddir/build/BUILD/shim-16.1/gnu-efi/inc -I/builddir/build/BUILD/shim-16.1/gnu-efi/inc/aarch64 -I/builddir/build/BUILD/shim-16.1/gnu-efi/inc/protocol -I/builddir/build/BUILD/shim-16.1/Cryptlib/OpenSSL/crypto/asn1 -I/builddir/build/BUILD/shim-16.1/Cryptlib/OpenSSL/crypto/evp -I/builddir/build/BUILD/shim-16.1/Cryptlib/OpenSSL/crypto/modes -I/builddir/build/BUILD/shim-16.1/Cryptlib/OpenSSL/crypto/include -isystem /builddir/build/BUILD/shim-16.1/include/system -isystem /usr/lib/gcc/aarch64-redhat-linux/11/include -DL_ENDIAN -D_CRT_SECURE_NO_DEPRECATE -D_CRT_NONSTDC_NO_DEPRECATE -DOPENSSL_SMALL_FOOTPRINT -DPEDANTIC -DMDE_CPU_AARCH64   -c -o crypto/asn1/d2i_pu.o /builddir/build/BUILD/shim-16.1/Cryptlib/OpenSSL/crypto/asn1/d2i_pu.c
DEBUG util.py:461:  gcc -std=gnu11 -ggdb -gdwarf-4 -gstrict-dwarf -ffreestanding -fmacro-prefix-map=/builddir/build/BUILD/shim-16.1/= -fno-stack-protector -fno-strict-aliasing -fpic -fshort-wchar -nostdinc -Os -Wall -Wextra -Wno-missing-field-initializers -Wno-empty-body -Wno-implicit-fallthrough -Wno-old-style-declaration -Wno-unused-but-set-variable -Wno-unused-parameter -Werror -Wno-error=unused-but-set-variable -Wno-error=unused-parameter -I/builddir/build/BUILD/shim-16.1/Cryptlib/OpenSSL -I/builddir/build/BUILD/shim-16.1/Cryptlib -I/builddir/build/BUILD/shim-16.1/Cryptlib/OpenSSL/Include/ -I/builddir/build/BUILD/shim-16.1/Cryptlib/OpenSSL/crypto -I/builddir/build/BUILD/shim-16.1/Cryptlib/Include -I/builddir/build/BUILD/shim-16.1/gnu-efi/inc -I/builddir/build/BUILD/shim-16.1/gnu-efi/inc/aarch64 -I/builddir/build/BUILD/shim-16.1/gnu-efi/inc/protocol -I/builddir/build/BUILD/shim-16.1/Cryptlib/OpenSSL/crypto/asn1 -I/builddir/build/BUILD/shim-16.1/Cryptlib/OpenSSL/crypto/evp -I/builddir/build/BUILD/shim-16.1/Cryptlib/OpenSSL/crypto/modes -I/builddir/build/BUILD/shim-16.1/Cryptlib/OpenSSL/crypto/include -isystem /builddir/build/BUILD/shim-16.1/include/system -isystem /usr/lib/gcc/aarch64-redhat-linux/11/include -DL_ENDIAN -D_CRT_SECURE_NO_DEPRECATE -D_CRT_NONSTDC_NO_DEPRECATE -DOPENSSL_SMALL_FOOTPRINT -DPEDANTIC -DMDE_CPU_AARCH64   -c -o crypto/asn1/d2i_pr.o /builddir/build/BUILD/shim-16.1/Cryptlib/OpenSSL/crypto/asn1/d2i_pr.c
DEBUG util.py:461:  gcc -std=gnu11 -ggdb -gdwarf-4 -gstrict-dwarf -ffreestanding -fmacro-prefix-map=/builddir/build/BUILD/shim-16.1/= -fno-stack-protector -fno-strict-aliasing -fpic -fshort-wchar -nostdinc -Os -Wall -Wextra -Wno-missing-field-initializers -Wno-empty-body -Wno-implicit-fallthrough -Wno-old-style-declaration -Wno-unused-but-set-variable -Wno-unused-parameter -Werror -Wno-error=unused-but-set-variable -Wno-error=unused-parameter -I/builddir/build/BUILD/shim-16.1/Cryptlib/OpenSSL -I/builddir/build/BUILD/shim-16.1/Cryptlib -I/builddir/build/BUILD/shim-16.1/Cryptlib/OpenSSL/Include/ -I/builddir/build/BUILD/shim-16.1/Cryptlib/OpenSSL/crypto -I/builddir/build/BUILD/shim-16.1/Cryptlib/Include -I/builddir/build/BUILD/shim-16.1/gnu-efi/inc -I/builddir/build/BUILD/shim-16.1/gnu-efi/inc/aarch64 -I/builddir/build/BUILD/shim-16.1/gnu-efi/inc/protocol -I/builddir/build/BUILD/shim-16.1/Cryptlib/OpenSSL/crypto/asn1 -I/builddir/build/BUILD/shim-16.1/Cryptlib/OpenSSL/crypto/evp -I/builddir/build/BUILD/shim-16.1/Cryptlib/OpenSSL/crypto/modes -I/builddir/build/BUILD/shim-16.1/Cryptlib/OpenSSL/crypto/include -isystem /builddir/build/BUILD/shim-16.1/include/system -isystem /usr/lib/gcc/aarch64-redhat-linux/11/include -DL_ENDIAN -D_CRT_SECURE_NO_DEPRECATE -D_CRT_NONSTDC_NO_DEPRECATE -DOPENSSL_SMALL_FOOTPRINT -DPEDANTIC -DMDE_CPU_AARCH64   -c -o crypto/asn1/i2d_pu.o /builddir/build/BUILD/shim-16.1/Cryptlib/OpenSSL/crypto/asn1/i2d_pu.c
DEBUG util.py:461:  gcc -std=gnu11 -ggdb -gdwarf-4 -gstrict-dwarf -ffreestanding -fmacro-prefix-map=/builddir/build/BUILD/shim-16.1/= -fno-stack-protector -fno-strict-aliasing -fpic -fshort-wchar -nostdinc -Os -Wall -Wextra -Wno-missing-field-initializers -Wno-empty-body -Wno-implicit-fallthrough -Wno-old-style-declaration -Wno-unused-but-set-variable -Wno-unused-parameter -Werror -Wno-error=unused-but-set-variable -Wno-error=unused-parameter -I/builddir/build/BUILD/shim-16.1/Cryptlib/OpenSSL -I/builddir/build/BUILD/shim-16.1/Cryptlib -I/builddir/build/BUILD/shim-16.1/Cryptlib/OpenSSL/Include/ -I/builddir/build/BUILD/shim-16.1/Cryptlib/OpenSSL/crypto -I/builddir/build/BUILD/shim-16.1/Cryptlib/Include -I/builddir/build/BUILD/shim-16.1/gnu-efi/inc -I/builddir/build/BUILD/shim-16.1/gnu-efi/inc/aarch64 -I/builddir/build/BUILD/shim-16.1/gnu-efi/inc/protocol -I/builddir/build/BUILD/shim-16.1/Cryptlib/OpenSSL/crypto/asn1 -I/builddir/build/BUILD/shim-16.1/Cryptlib/OpenSSL/crypto/evp -I/builddir/build/BUILD/shim-16.1/Cryptlib/OpenSSL/crypto/modes -I/builddir/build/BUILD/shim-16.1/Cryptlib/OpenSSL/crypto/include -isystem /builddir/build/BUILD/shim-16.1/include/system -isystem /usr/lib/gcc/aarch64-redhat-linux/11/include -DL_ENDIAN -D_CRT_SECURE_NO_DEPRECATE -D_CRT_NONSTDC_NO_DEPRECATE -DOPENSSL_SMALL_FOOTPRINT -DPEDANTIC -DMDE_CPU_AARCH64   -c -o crypto/asn1/i2d_pr.o /builddir/build/BUILD/shim-16.1/Cryptlib/OpenSSL/crypto/asn1/i2d_pr.c
DEBUG util.py:461:  gcc -std=gnu11 -ggdb -gdwarf-4 -gstrict-dwarf -ffreestanding -fmacro-prefix-map=/builddir/build/BUILD/shim-16.1/= -fno-stack-protector -fno-strict-aliasing -fpic -fshort-wchar -nostdinc -Os -Wall -Wextra -Wno-missing-field-initializers -Wno-empty-body -Wno-implicit-fallthrough -Wno-old-style-declaration -Wno-unused-but-set-variable -Wno-unused-parameter -Werror -Wno-error=unused-but-set-variable -Wno-error=unused-parameter -I/builddir/build/BUILD/shim-16.1/Cryptlib/OpenSSL -I/builddir/build/BUILD/shim-16.1/Cryptlib -I/builddir/build/BUILD/shim-16.1/Cryptlib/OpenSSL/Include/ -I/builddir/build/BUILD/shim-16.1/Cryptlib/OpenSSL/crypto -I/builddir/build/BUILD/shim-16.1/Cryptlib/Include -I/builddir/build/BUILD/shim-16.1/gnu-efi/inc -I/builddir/build/BUILD/shim-16.1/gnu-efi/inc/aarch64 -I/builddir/build/BUILD/shim-16.1/gnu-efi/inc/protocol -I/builddir/build/BUILD/shim-16.1/Cryptlib/OpenSSL/crypto/asn1 -I/builddir/build/BUILD/shim-16.1/Cryptlib/OpenSSL/crypto/evp -I/builddir/build/BUILD/shim-16.1/Cryptlib/OpenSSL/crypto/modes -I/builddir/build/BUILD/shim-16.1/Cryptlib/OpenSSL/crypto/include -isystem /builddir/build/BUILD/shim-16.1/include/system -isystem /usr/lib/gcc/aarch64-redhat-linux/11/include -DL_ENDIAN -D_CRT_SECURE_NO_DEPRECATE -D_CRT_NONSTDC_NO_DEPRECATE -DOPENSSL_SMALL_FOOTPRINT -DPEDANTIC -DMDE_CPU_AARCH64   -c -o crypto/asn1/t_req.o /builddir/build/BUILD/shim-16.1/Cryptlib/OpenSSL/crypto/asn1/t_req.c
DEBUG util.py:461:  gcc -std=gnu11 -ggdb -gdwarf-4 -gstrict-dwarf -ffreestanding -fmacro-prefix-map=/builddir/build/BUILD/shim-16.1/= -fno-stack-protector -fno-strict-aliasing -fpic -fshort-wchar -nostdinc -Os -Wall -Wextra -Wno-missing-field-initializers -Wno-empty-body -Wno-implicit-fallthrough -Wno-old-style-declaration -Wno-unused-but-set-variable -Wno-unused-parameter -Werror -Wno-error=unused-but-set-variable -Wno-error=unused-parameter -I/builddir/build/BUILD/shim-16.1/Cryptlib/OpenSSL -I/builddir/build/BUILD/shim-16.1/Cryptlib -I/builddir/build/BUILD/shim-16.1/Cryptlib/OpenSSL/Include/ -I/builddir/build/BUILD/shim-16.1/Cryptlib/OpenSSL/crypto -I/builddir/build/BUILD/shim-16.1/Cryptlib/Include -I/builddir/build/BUILD/shim-16.1/gnu-efi/inc -I/builddir/build/BUILD/shim-16.1/gnu-efi/inc/aarch64 -I/builddir/build/BUILD/shim-16.1/gnu-efi/inc/protocol -I/builddir/build/BUILD/shim-16.1/Cryptlib/OpenSSL/crypto/asn1 -I/builddir/build/BUILD/shim-16.1/Cryptlib/OpenSSL/crypto/evp -I/builddir/build/BUILD/shim-16.1/Cryptlib/OpenSSL/crypto/modes -I/builddir/build/BUILD/shim-16.1/Cryptlib/OpenSSL/crypto/include -isystem /builddir/build/BUILD/shim-16.1/include/system -isystem /usr/lib/gcc/aarch64-redhat-linux/11/include -DL_ENDIAN -D_CRT_SECURE_NO_DEPRECATE -D_CRT_NONSTDC_NO_DEPRECATE -DOPENSSL_SMALL_FOOTPRINT -DPEDANTIC -DMDE_CPU_AARCH64   -c -o crypto/asn1/t_x509.o /builddir/build/BUILD/shim-16.1/Cryptlib/OpenSSL/crypto/asn1/t_x509.c
DEBUG util.py:461:  gcc -std=gnu11 -ggdb -gdwarf-4 -gstrict-dwarf -ffreestanding -fmacro-prefix-map=/builddir/build/BUILD/shim-16.1/= -fno-stack-protector -fno-strict-aliasing -fpic -fshort-wchar -nostdinc -Os -Wall -Wextra -Wno-missing-field-initializers -Wno-empty-body -Wno-implicit-fallthrough -Wno-old-style-declaration -Wno-unused-but-set-variable -Wno-unused-parameter -Werror -Wno-error=unused-but-set-variable -Wno-error=unused-parameter -I/builddir/build/BUILD/shim-16.1/Cryptlib/OpenSSL -I/builddir/build/BUILD/shim-16.1/Cryptlib -I/builddir/build/BUILD/shim-16.1/Cryptlib/OpenSSL/Include/ -I/builddir/build/BUILD/shim-16.1/Cryptlib/OpenSSL/crypto -I/builddir/build/BUILD/shim-16.1/Cryptlib/Include -I/builddir/build/BUILD/shim-16.1/gnu-efi/inc -I/builddir/build/BUILD/shim-16.1/gnu-efi/inc/aarch64 -I/builddir/build/BUILD/shim-16.1/gnu-efi/inc/protocol -I/builddir/build/BUILD/shim-16.1/Cryptlib/OpenSSL/crypto/asn1 -I/builddir/build/BUILD/shim-16.1/Cryptlib/OpenSSL/crypto/evp -I/builddir/build/BUILD/shim-16.1/Cryptlib/OpenSSL/crypto/modes -I/builddir/build/BUILD/shim-16.1/Cryptlib/OpenSSL/crypto/include -isystem /builddir/build/BUILD/shim-16.1/include/system -isystem /usr/lib/gcc/aarch64-redhat-linux/11/include -DL_ENDIAN -D_CRT_SECURE_NO_DEPRECATE -D_CRT_NONSTDC_NO_DEPRECATE -DOPENSSL_SMALL_FOOTPRINT -DPEDANTIC -DMDE_CPU_AARCH64   -c -o crypto/asn1/t_x509a.o /builddir/build/BUILD/shim-16.1/Cryptlib/OpenSSL/crypto/asn1/t_x509a.c
DEBUG util.py:461:  gcc -std=gnu11 -ggdb -gdwarf-4 -gstrict-dwarf -ffreestanding -fmacro-prefix-map=/builddir/build/BUILD/shim-16.1/= -fno-stack-protector -fno-strict-aliasing -fpic -fshort-wchar -nostdinc -Os -Wall -Wextra -Wno-missing-field-initializers -Wno-empty-body -Wno-implicit-fallthrough -Wno-old-style-declaration -Wno-unused-but-set-variable -Wno-unused-parameter -Werror -Wno-error=unused-but-set-variable -Wno-error=unused-parameter -I/builddir/build/BUILD/shim-16.1/Cryptlib/OpenSSL -I/builddir/build/BUILD/shim-16.1/Cryptlib -I/builddir/build/BUILD/shim-16.1/Cryptlib/OpenSSL/Include/ -I/builddir/build/BUILD/shim-16.1/Cryptlib/OpenSSL/crypto -I/builddir/build/BUILD/shim-16.1/Cryptlib/Include -I/builddir/build/BUILD/shim-16.1/gnu-efi/inc -I/builddir/build/BUILD/shim-16.1/gnu-efi/inc/aarch64 -I/builddir/build/BUILD/shim-16.1/gnu-efi/inc/protocol -I/builddir/build/BUILD/shim-16.1/Cryptlib/OpenSSL/crypto/asn1 -I/builddir/build/BUILD/shim-16.1/Cryptlib/OpenSSL/crypto/evp -I/builddir/build/BUILD/shim-16.1/Cryptlib/OpenSSL/crypto/modes -I/builddir/build/BUILD/shim-16.1/Cryptlib/OpenSSL/crypto/include -isystem /builddir/build/BUILD/shim-16.1/include/system -isystem /usr/lib/gcc/aarch64-redhat-linux/11/include -DL_ENDIAN -D_CRT_SECURE_NO_DEPRECATE -D_CRT_NONSTDC_NO_DEPRECATE -DOPENSSL_SMALL_FOOTPRINT -DPEDANTIC -DMDE_CPU_AARCH64   -c -o crypto/asn1/t_crl.o /builddir/build/BUILD/shim-16.1/Cryptlib/OpenSSL/crypto/asn1/t_crl.c
DEBUG util.py:461:  gcc -std=gnu11 -ggdb -gdwarf-4 -gstrict-dwarf -ffreestanding -fmacro-prefix-map=/builddir/build/BUILD/shim-16.1/= -fno-stack-protector -fno-strict-aliasing -fpic -fshort-wchar -nostdinc -Os -Wall -Wextra -Wno-missing-field-initializers -Wno-empty-body -Wno-implicit-fallthrough -Wno-old-style-declaration -Wno-unused-but-set-variable -Wno-unused-parameter -Werror -Wno-error=unused-but-set-variable -Wno-error=unused-parameter -I/builddir/build/BUILD/shim-16.1/Cryptlib/OpenSSL -I/builddir/build/BUILD/shim-16.1/Cryptlib -I/builddir/build/BUILD/shim-16.1/Cryptlib/OpenSSL/Include/ -I/builddir/build/BUILD/shim-16.1/Cryptlib/OpenSSL/crypto -I/builddir/build/BUILD/shim-16.1/Cryptlib/Include -I/builddir/build/BUILD/shim-16.1/gnu-efi/inc -I/builddir/build/BUILD/shim-16.1/gnu-efi/inc/aarch64 -I/builddir/build/BUILD/shim-16.1/gnu-efi/inc/protocol -I/builddir/build/BUILD/shim-16.1/Cryptlib/OpenSSL/crypto/asn1 -I/builddir/build/BUILD/shim-16.1/Cryptlib/OpenSSL/crypto/evp -I/builddir/build/BUILD/shim-16.1/Cryptlib/OpenSSL/crypto/modes -I/builddir/build/BUILD/shim-16.1/Cryptlib/OpenSSL/crypto/include -isystem /builddir/build/BUILD/shim-16.1/include/system -isystem /usr/lib/gcc/aarch64-redhat-linux/11/include -DL_ENDIAN -D_CRT_SECURE_NO_DEPRECATE -D_CRT_NONSTDC_NO_DEPRECATE -DOPENSSL_SMALL_FOOTPRINT -DPEDANTIC -DMDE_CPU_AARCH64   -c -o crypto/asn1/t_pkey.o /builddir/build/BUILD/shim-16.1/Cryptlib/OpenSSL/crypto/asn1/t_pkey.c
DEBUG util.py:461:  gcc -std=gnu11 -ggdb -gdwarf-4 -gstrict-dwarf -ffreestanding -fmacro-prefix-map=/builddir/build/BUILD/shim-16.1/= -fno-stack-protector -fno-strict-aliasing -fpic -fshort-wchar -nostdinc -Os -Wall -Wextra -Wno-missing-field-initializers -Wno-empty-body -Wno-implicit-fallthrough -Wno-old-style-declaration -Wno-unused-but-set-variable -Wno-unused-parameter -Werror -Wno-error=unused-but-set-variable -Wno-error=unused-parameter -I/builddir/build/BUILD/shim-16.1/Cryptlib/OpenSSL -I/builddir/build/BUILD/shim-16.1/Cryptlib -I/builddir/build/BUILD/shim-16.1/Cryptlib/OpenSSL/Include/ -I/builddir/build/BUILD/shim-16.1/Cryptlib/OpenSSL/crypto -I/builddir/build/BUILD/shim-16.1/Cryptlib/Include -I/builddir/build/BUILD/shim-16.1/gnu-efi/inc -I/builddir/build/BUILD/shim-16.1/gnu-efi/inc/aarch64 -I/builddir/build/BUILD/shim-16.1/gnu-efi/inc/protocol -I/builddir/build/BUILD/shim-16.1/Cryptlib/OpenSSL/crypto/asn1 -I/builddir/build/BUILD/shim-16.1/Cryptlib/OpenSSL/crypto/evp -I/builddir/build/BUILD/shim-16.1/Cryptlib/OpenSSL/crypto/modes -I/builddir/build/BUILD/shim-16.1/Cryptlib/OpenSSL/crypto/include -isystem /builddir/build/BUILD/shim-16.1/include/system -isystem /usr/lib/gcc/aarch64-redhat-linux/11/include -DL_ENDIAN -D_CRT_SECURE_NO_DEPRECATE -D_CRT_NONSTDC_NO_DEPRECATE -DOPENSSL_SMALL_FOOTPRINT -DPEDANTIC -DMDE_CPU_AARCH64   -c -o crypto/asn1/t_spki.o /builddir/build/BUILD/shim-16.1/Cryptlib/OpenSSL/crypto/asn1/t_spki.c
DEBUG util.py:461:  gcc -std=gnu11 -ggdb -gdwarf-4 -gstrict-dwarf -ffreestanding -fmacro-prefix-map=/builddir/build/BUILD/shim-16.1/= -fno-stack-protector -fno-strict-aliasing -fpic -fshort-wchar -nostdinc -Os -Wall -Wextra -Wno-missing-field-initializers -Wno-empty-body -Wno-implicit-fallthrough -Wno-old-style-declaration -Wno-unused-but-set-variable -Wno-unused-parameter -Werror -Wno-error=unused-but-set-variable -Wno-error=unused-parameter -I/builddir/build/BUILD/shim-16.1/Cryptlib/OpenSSL -I/builddir/build/BUILD/shim-16.1/Cryptlib -I/builddir/build/BUILD/shim-16.1/Cryptlib/OpenSSL/Include/ -I/builddir/build/BUILD/shim-16.1/Cryptlib/OpenSSL/crypto -I/builddir/build/BUILD/shim-16.1/Cryptlib/Include -I/builddir/build/BUILD/shim-16.1/gnu-efi/inc -I/builddir/build/BUILD/shim-16.1/gnu-efi/inc/aarch64 -I/builddir/build/BUILD/shim-16.1/gnu-efi/inc/protocol -I/builddir/build/BUILD/shim-16.1/Cryptlib/OpenSSL/crypto/asn1 -I/builddir/build/BUILD/shim-16.1/Cryptlib/OpenSSL/crypto/evp -I/builddir/build/BUILD/shim-16.1/Cryptlib/OpenSSL/crypto/modes -I/builddir/build/BUILD/shim-16.1/Cryptlib/OpenSSL/crypto/include -isystem /builddir/build/BUILD/shim-16.1/include/system -isystem /usr/lib/gcc/aarch64-redhat-linux/11/include -DL_ENDIAN -D_CRT_SECURE_NO_DEPRECATE -D_CRT_NONSTDC_NO_DEPRECATE -DOPENSSL_SMALL_FOOTPRINT -DPEDANTIC -DMDE_CPU_AARCH64   -c -o crypto/asn1/t_bitst.o /builddir/build/BUILD/shim-16.1/Cryptlib/OpenSSL/crypto/asn1/t_bitst.c
DEBUG util.py:461:  gcc -std=gnu11 -ggdb -gdwarf-4 -gstrict-dwarf -ffreestanding -fmacro-prefix-map=/builddir/build/BUILD/shim-16.1/= -fno-stack-protector -fno-strict-aliasing -fpic -fshort-wchar -nostdinc -Os -Wall -Wextra -Wno-missing-field-initializers -Wno-empty-body -Wno-implicit-fallthrough -Wno-old-style-declaration -Wno-unused-but-set-variable -Wno-unused-parameter -Werror -Wno-error=unused-but-set-variable -Wno-error=unused-parameter -I/builddir/build/BUILD/shim-16.1/Cryptlib/OpenSSL -I/builddir/build/BUILD/shim-16.1/Cryptlib -I/builddir/build/BUILD/shim-16.1/Cryptlib/OpenSSL/Include/ -I/builddir/build/BUILD/shim-16.1/Cryptlib/OpenSSL/crypto -I/builddir/build/BUILD/shim-16.1/Cryptlib/Include -I/builddir/build/BUILD/shim-16.1/gnu-efi/inc -I/builddir/build/BUILD/shim-16.1/gnu-efi/inc/aarch64 -I/builddir/build/BUILD/shim-16.1/gnu-efi/inc/protocol -I/builddir/build/BUILD/shim-16.1/Cryptlib/OpenSSL/crypto/asn1 -I/builddir/build/BUILD/shim-16.1/Cryptlib/OpenSSL/crypto/evp -I/builddir/build/BUILD/shim-16.1/Cryptlib/OpenSSL/crypto/modes -I/builddir/build/BUILD/shim-16.1/Cryptlib/OpenSSL/crypto/include -isystem /builddir/build/BUILD/shim-16.1/include/system -isystem /usr/lib/gcc/aarch64-redhat-linux/11/include -DL_ENDIAN -D_CRT_SECURE_NO_DEPRECATE -D_CRT_NONSTDC_NO_DEPRECATE -DOPENSSL_SMALL_FOOTPRINT -DPEDANTIC -DMDE_CPU_AARCH64   -c -o crypto/asn1/tasn_new.o /builddir/build/BUILD/shim-16.1/Cryptlib/OpenSSL/crypto/asn1/tasn_new.c
DEBUG util.py:461:  gcc -std=gnu11 -ggdb -gdwarf-4 -gstrict-dwarf -ffreestanding -fmacro-prefix-map=/builddir/build/BUILD/shim-16.1/= -fno-stack-protector -fno-strict-aliasing -fpic -fshort-wchar -nostdinc -Os -Wall -Wextra -Wno-missing-field-initializers -Wno-empty-body -Wno-implicit-fallthrough -Wno-old-style-declaration -Wno-unused-but-set-variable -Wno-unused-parameter -Werror -Wno-error=unused-but-set-variable -Wno-error=unused-parameter -I/builddir/build/BUILD/shim-16.1/Cryptlib/OpenSSL -I/builddir/build/BUILD/shim-16.1/Cryptlib -I/builddir/build/BUILD/shim-16.1/Cryptlib/OpenSSL/Include/ -I/builddir/build/BUILD/shim-16.1/Cryptlib/OpenSSL/crypto -I/builddir/build/BUILD/shim-16.1/Cryptlib/Include -I/builddir/build/BUILD/shim-16.1/gnu-efi/inc -I/builddir/build/BUILD/shim-16.1/gnu-efi/inc/aarch64 -I/builddir/build/BUILD/shim-16.1/gnu-efi/inc/protocol -I/builddir/build/BUILD/shim-16.1/Cryptlib/OpenSSL/crypto/asn1 -I/builddir/build/BUILD/shim-16.1/Cryptlib/OpenSSL/crypto/evp -I/builddir/build/BUILD/shim-16.1/Cryptlib/OpenSSL/crypto/modes -I/builddir/build/BUILD/shim-16.1/Cryptlib/OpenSSL/crypto/include -isystem /builddir/build/BUILD/shim-16.1/include/system -isystem /usr/lib/gcc/aarch64-redhat-linux/11/include -DL_ENDIAN -D_CRT_SECURE_NO_DEPRECATE -D_CRT_NONSTDC_NO_DEPRECATE -DOPENSSL_SMALL_FOOTPRINT -DPEDANTIC -DMDE_CPU_AARCH64   -c -o crypto/asn1/tasn_fre.o /builddir/build/BUILD/shim-16.1/Cryptlib/OpenSSL/crypto/asn1/tasn_fre.c
DEBUG util.py:461:  gcc -std=gnu11 -ggdb -gdwarf-4 -gstrict-dwarf -ffreestanding -fmacro-prefix-map=/builddir/build/BUILD/shim-16.1/= -fno-stack-protector -fno-strict-aliasing -fpic -fshort-wchar -nostdinc -Os -Wall -Wextra -Wno-missing-field-initializers -Wno-empty-body -Wno-implicit-fallthrough -Wno-old-style-declaration -Wno-unused-but-set-variable -Wno-unused-parameter -Werror -Wno-error=unused-but-set-variable -Wno-error=unused-parameter -I/builddir/build/BUILD/shim-16.1/Cryptlib/OpenSSL -I/builddir/build/BUILD/shim-16.1/Cryptlib -I/builddir/build/BUILD/shim-16.1/Cryptlib/OpenSSL/Include/ -I/builddir/build/BUILD/shim-16.1/Cryptlib/OpenSSL/crypto -I/builddir/build/BUILD/shim-16.1/Cryptlib/Include -I/builddir/build/BUILD/shim-16.1/gnu-efi/inc -I/builddir/build/BUILD/shim-16.1/gnu-efi/inc/aarch64 -I/builddir/build/BUILD/shim-16.1/gnu-efi/inc/protocol -I/builddir/build/BUILD/shim-16.1/Cryptlib/OpenSSL/crypto/asn1 -I/builddir/build/BUILD/shim-16.1/Cryptlib/OpenSSL/crypto/evp -I/builddir/build/BUILD/shim-16.1/Cryptlib/OpenSSL/crypto/modes -I/builddir/build/BUILD/shim-16.1/Cryptlib/OpenSSL/crypto/include -isystem /builddir/build/BUILD/shim-16.1/include/system -isystem /usr/lib/gcc/aarch64-redhat-linux/11/include -DL_ENDIAN -D_CRT_SECURE_NO_DEPRECATE -D_CRT_NONSTDC_NO_DEPRECATE -DOPENSSL_SMALL_FOOTPRINT -DPEDANTIC -DMDE_CPU_AARCH64   -c -o crypto/asn1/tasn_enc.o /builddir/build/BUILD/shim-16.1/Cryptlib/OpenSSL/crypto/asn1/tasn_enc.c
DEBUG util.py:461:  gcc -std=gnu11 -ggdb -gdwarf-4 -gstrict-dwarf -ffreestanding -fmacro-prefix-map=/builddir/build/BUILD/shim-16.1/= -fno-stack-protector -fno-strict-aliasing -fpic -fshort-wchar -nostdinc -Os -Wall -Wextra -Wno-missing-field-initializers -Wno-empty-body -Wno-implicit-fallthrough -Wno-old-style-declaration -Wno-unused-but-set-variable -Wno-unused-parameter -Werror -Wno-error=unused-but-set-variable -Wno-error=unused-parameter -I/builddir/build/BUILD/shim-16.1/Cryptlib/OpenSSL -I/builddir/build/BUILD/shim-16.1/Cryptlib -I/builddir/build/BUILD/shim-16.1/Cryptlib/OpenSSL/Include/ -I/builddir/build/BUILD/shim-16.1/Cryptlib/OpenSSL/crypto -I/builddir/build/BUILD/shim-16.1/Cryptlib/Include -I/builddir/build/BUILD/shim-16.1/gnu-efi/inc -I/builddir/build/BUILD/shim-16.1/gnu-efi/inc/aarch64 -I/builddir/build/BUILD/shim-16.1/gnu-efi/inc/protocol -I/builddir/build/BUILD/shim-16.1/Cryptlib/OpenSSL/crypto/asn1 -I/builddir/build/BUILD/shim-16.1/Cryptlib/OpenSSL/crypto/evp -I/builddir/build/BUILD/shim-16.1/Cryptlib/OpenSSL/crypto/modes -I/builddir/build/BUILD/shim-16.1/Cryptlib/OpenSSL/crypto/include -isystem /builddir/build/BUILD/shim-16.1/include/system -isystem /usr/lib/gcc/aarch64-redhat-linux/11/include -DL_ENDIAN -D_CRT_SECURE_NO_DEPRECATE -D_CRT_NONSTDC_NO_DEPRECATE -DOPENSSL_SMALL_FOOTPRINT -DPEDANTIC -DMDE_CPU_AARCH64   -c -o crypto/asn1/tasn_dec.o /builddir/build/BUILD/shim-16.1/Cryptlib/OpenSSL/crypto/asn1/tasn_dec.c
DEBUG util.py:461:  gcc -std=gnu11 -ggdb -gdwarf-4 -gstrict-dwarf -ffreestanding -fmacro-prefix-map=/builddir/build/BUILD/shim-16.1/= -fno-stack-protector -fno-strict-aliasing -fpic -fshort-wchar -nostdinc -Os -Wall -Wextra -Wno-missing-field-initializers -Wno-empty-body -Wno-implicit-fallthrough -Wno-old-style-declaration -Wno-unused-but-set-variable -Wno-unused-parameter -Werror -Wno-error=unused-but-set-variable -Wno-error=unused-parameter -I/builddir/build/BUILD/shim-16.1/Cryptlib/OpenSSL -I/builddir/build/BUILD/shim-16.1/Cryptlib -I/builddir/build/BUILD/shim-16.1/Cryptlib/OpenSSL/Include/ -I/builddir/build/BUILD/shim-16.1/Cryptlib/OpenSSL/crypto -I/builddir/build/BUILD/shim-16.1/Cryptlib/Include -I/builddir/build/BUILD/shim-16.1/gnu-efi/inc -I/builddir/build/BUILD/shim-16.1/gnu-efi/inc/aarch64 -I/builddir/build/BUILD/shim-16.1/gnu-efi/inc/protocol -I/builddir/build/BUILD/shim-16.1/Cryptlib/OpenSSL/crypto/asn1 -I/builddir/build/BUILD/shim-16.1/Cryptlib/OpenSSL/crypto/evp -I/builddir/build/BUILD/shim-16.1/Cryptlib/OpenSSL/crypto/modes -I/builddir/build/BUILD/shim-16.1/Cryptlib/OpenSSL/crypto/include -isystem /builddir/build/BUILD/shim-16.1/include/system -isystem /usr/lib/gcc/aarch64-redhat-linux/11/include -DL_ENDIAN -D_CRT_SECURE_NO_DEPRECATE -D_CRT_NONSTDC_NO_DEPRECATE -DOPENSSL_SMALL_FOOTPRINT -DPEDANTIC -DMDE_CPU_AARCH64   -c -o crypto/asn1/tasn_utl.o /builddir/build/BUILD/shim-16.1/Cryptlib/OpenSSL/crypto/asn1/tasn_utl.c
DEBUG util.py:461:  gcc -std=gnu11 -ggdb -gdwarf-4 -gstrict-dwarf -ffreestanding -fmacro-prefix-map=/builddir/build/BUILD/shim-16.1/= -fno-stack-protector -fno-strict-aliasing -fpic -fshort-wchar -nostdinc -Os -Wall -Wextra -Wno-missing-field-initializers -Wno-empty-body -Wno-implicit-fallthrough -Wno-old-style-declaration -Wno-unused-but-set-variable -Wno-unused-parameter -Werror -Wno-error=unused-but-set-variable -Wno-error=unused-parameter -I/builddir/build/BUILD/shim-16.1/Cryptlib/OpenSSL -I/builddir/build/BUILD/shim-16.1/Cryptlib -I/builddir/build/BUILD/shim-16.1/Cryptlib/OpenSSL/Include/ -I/builddir/build/BUILD/shim-16.1/Cryptlib/OpenSSL/crypto -I/builddir/build/BUILD/shim-16.1/Cryptlib/Include -I/builddir/build/BUILD/shim-16.1/gnu-efi/inc -I/builddir/build/BUILD/shim-16.1/gnu-efi/inc/aarch64 -I/builddir/build/BUILD/shim-16.1/gnu-efi/inc/protocol -I/builddir/build/BUILD/shim-16.1/Cryptlib/OpenSSL/crypto/asn1 -I/builddir/build/BUILD/shim-16.1/Cryptlib/OpenSSL/crypto/evp -I/builddir/build/BUILD/shim-16.1/Cryptlib/OpenSSL/crypto/modes -I/builddir/build/BUILD/shim-16.1/Cryptlib/OpenSSL/crypto/include -isystem /builddir/build/BUILD/shim-16.1/include/system -isystem /usr/lib/gcc/aarch64-redhat-linux/11/include -DL_ENDIAN -D_CRT_SECURE_NO_DEPRECATE -D_CRT_NONSTDC_NO_DEPRECATE -DOPENSSL_SMALL_FOOTPRINT -DPEDANTIC -DMDE_CPU_AARCH64   -c -o crypto/asn1/tasn_typ.o /builddir/build/BUILD/shim-16.1/Cryptlib/OpenSSL/crypto/asn1/tasn_typ.c
DEBUG util.py:461:  gcc -std=gnu11 -ggdb -gdwarf-4 -gstrict-dwarf -ffreestanding -fmacro-prefix-map=/builddir/build/BUILD/shim-16.1/= -fno-stack-protector -fno-strict-aliasing -fpic -fshort-wchar -nostdinc -Os -Wall -Wextra -Wno-missing-field-initializers -Wno-empty-body -Wno-implicit-fallthrough -Wno-old-style-declaration -Wno-unused-but-set-variable -Wno-unused-parameter -Werror -Wno-error=unused-but-set-variable -Wno-error=unused-parameter -I/builddir/build/BUILD/shim-16.1/Cryptlib/OpenSSL -I/builddir/build/BUILD/shim-16.1/Cryptlib -I/builddir/build/BUILD/shim-16.1/Cryptlib/OpenSSL/Include/ -I/builddir/build/BUILD/shim-16.1/Cryptlib/OpenSSL/crypto -I/builddir/build/BUILD/shim-16.1/Cryptlib/Include -I/builddir/build/BUILD/shim-16.1/gnu-efi/inc -I/builddir/build/BUILD/shim-16.1/gnu-efi/inc/aarch64 -I/builddir/build/BUILD/shim-16.1/gnu-efi/inc/protocol -I/builddir/build/BUILD/shim-16.1/Cryptlib/OpenSSL/crypto/asn1 -I/builddir/build/BUILD/shim-16.1/Cryptlib/OpenSSL/crypto/evp -I/builddir/build/BUILD/shim-16.1/Cryptlib/OpenSSL/crypto/modes -I/builddir/build/BUILD/shim-16.1/Cryptlib/OpenSSL/crypto/include -isystem /builddir/build/BUILD/shim-16.1/include/system -isystem /usr/lib/gcc/aarch64-redhat-linux/11/include -DL_ENDIAN -D_CRT_SECURE_NO_DEPRECATE -D_CRT_NONSTDC_NO_DEPRECATE -DOPENSSL_SMALL_FOOTPRINT -DPEDANTIC -DMDE_CPU_AARCH64   -c -o crypto/asn1/tasn_prn.o /builddir/build/BUILD/shim-16.1/Cryptlib/OpenSSL/crypto/asn1/tasn_prn.c
DEBUG util.py:461:  gcc -std=gnu11 -ggdb -gdwarf-4 -gstrict-dwarf -ffreestanding -fmacro-prefix-map=/builddir/build/BUILD/shim-16.1/= -fno-stack-protector -fno-strict-aliasing -fpic -fshort-wchar -nostdinc -Os -Wall -Wextra -Wno-missing-field-initializers -Wno-empty-body -Wno-implicit-fallthrough -Wno-old-style-declaration -Wno-unused-but-set-variable -Wno-unused-parameter -Werror -Wno-error=unused-but-set-variable -Wno-error=unused-parameter -I/builddir/build/BUILD/shim-16.1/Cryptlib/OpenSSL -I/builddir/build/BUILD/shim-16.1/Cryptlib -I/builddir/build/BUILD/shim-16.1/Cryptlib/OpenSSL/Include/ -I/builddir/build/BUILD/shim-16.1/Cryptlib/OpenSSL/crypto -I/builddir/build/BUILD/shim-16.1/Cryptlib/Include -I/builddir/build/BUILD/shim-16.1/gnu-efi/inc -I/builddir/build/BUILD/shim-16.1/gnu-efi/inc/aarch64 -I/builddir/build/BUILD/shim-16.1/gnu-efi/inc/protocol -I/builddir/build/BUILD/shim-16.1/Cryptlib/OpenSSL/crypto/asn1 -I/builddir/build/BUILD/shim-16.1/Cryptlib/OpenSSL/crypto/evp -I/builddir/build/BUILD/shim-16.1/Cryptlib/OpenSSL/crypto/modes -I/builddir/build/BUILD/shim-16.1/Cryptlib/OpenSSL/crypto/include -isystem /builddir/build/BUILD/shim-16.1/include/system -isystem /usr/lib/gcc/aarch64-redhat-linux/11/include -DL_ENDIAN -D_CRT_SECURE_NO_DEPRECATE -D_CRT_NONSTDC_NO_DEPRECATE -DOPENSSL_SMALL_FOOTPRINT -DPEDANTIC -DMDE_CPU_AARCH64   -c -o crypto/asn1/ameth_lib.o /builddir/build/BUILD/shim-16.1/Cryptlib/OpenSSL/crypto/asn1/ameth_lib.c
DEBUG util.py:461:  gcc -std=gnu11 -ggdb -gdwarf-4 -gstrict-dwarf -ffreestanding -fmacro-prefix-map=/builddir/build/BUILD/shim-16.1/= -fno-stack-protector -fno-strict-aliasing -fpic -fshort-wchar -nostdinc -Os -Wall -Wextra -Wno-missing-field-initializers -Wno-empty-body -Wno-implicit-fallthrough -Wno-old-style-declaration -Wno-unused-but-set-variable -Wno-unused-parameter -Werror -Wno-error=unused-but-set-variable -Wno-error=unused-parameter -I/builddir/build/BUILD/shim-16.1/Cryptlib/OpenSSL -I/builddir/build/BUILD/shim-16.1/Cryptlib -I/builddir/build/BUILD/shim-16.1/Cryptlib/OpenSSL/Include/ -I/builddir/build/BUILD/shim-16.1/Cryptlib/OpenSSL/crypto -I/builddir/build/BUILD/shim-16.1/Cryptlib/Include -I/builddir/build/BUILD/shim-16.1/gnu-efi/inc -I/builddir/build/BUILD/shim-16.1/gnu-efi/inc/aarch64 -I/builddir/build/BUILD/shim-16.1/gnu-efi/inc/protocol -I/builddir/build/BUILD/shim-16.1/Cryptlib/OpenSSL/crypto/asn1 -I/builddir/build/BUILD/shim-16.1/Cryptlib/OpenSSL/crypto/evp -I/builddir/build/BUILD/shim-16.1/Cryptlib/OpenSSL/crypto/modes -I/builddir/build/BUILD/shim-16.1/Cryptlib/OpenSSL/crypto/include -isystem /builddir/build/BUILD/shim-16.1/include/system -isystem /usr/lib/gcc/aarch64-redhat-linux/11/include -DL_ENDIAN -D_CRT_SECURE_NO_DEPRECATE -D_CRT_NONSTDC_NO_DEPRECATE -DOPENSSL_SMALL_FOOTPRINT -DPEDANTIC -DMDE_CPU_AARCH64   -c -o crypto/asn1/f_int.o /builddir/build/BUILD/shim-16.1/Cryptlib/OpenSSL/crypto/asn1/f_int.c
DEBUG util.py:461:  gcc -std=gnu11 -ggdb -gdwarf-4 -gstrict-dwarf -ffreestanding -fmacro-prefix-map=/builddir/build/BUILD/shim-16.1/= -fno-stack-protector -fno-strict-aliasing -fpic -fshort-wchar -nostdinc -Os -Wall -Wextra -Wno-missing-field-initializers -Wno-empty-body -Wno-implicit-fallthrough -Wno-old-style-declaration -Wno-unused-but-set-variable -Wno-unused-parameter -Werror -Wno-error=unused-but-set-variable -Wno-error=unused-parameter -I/builddir/build/BUILD/shim-16.1/Cryptlib/OpenSSL -I/builddir/build/BUILD/shim-16.1/Cryptlib -I/builddir/build/BUILD/shim-16.1/Cryptlib/OpenSSL/Include/ -I/builddir/build/BUILD/shim-16.1/Cryptlib/OpenSSL/crypto -I/builddir/build/BUILD/shim-16.1/Cryptlib/Include -I/builddir/build/BUILD/shim-16.1/gnu-efi/inc -I/builddir/build/BUILD/shim-16.1/gnu-efi/inc/aarch64 -I/builddir/build/BUILD/shim-16.1/gnu-efi/inc/protocol -I/builddir/build/BUILD/shim-16.1/Cryptlib/OpenSSL/crypto/asn1 -I/builddir/build/BUILD/shim-16.1/Cryptlib/OpenSSL/crypto/evp -I/builddir/build/BUILD/shim-16.1/Cryptlib/OpenSSL/crypto/modes -I/builddir/build/BUILD/shim-16.1/Cryptlib/OpenSSL/crypto/include -isystem /builddir/build/BUILD/shim-16.1/include/system -isystem /usr/lib/gcc/aarch64-redhat-linux/11/include -DL_ENDIAN -D_CRT_SECURE_NO_DEPRECATE -D_CRT_NONSTDC_NO_DEPRECATE -DOPENSSL_SMALL_FOOTPRINT -DPEDANTIC -DMDE_CPU_AARCH64   -c -o crypto/asn1/f_string.o /builddir/build/BUILD/shim-16.1/Cryptlib/OpenSSL/crypto/asn1/f_string.c
DEBUG util.py:461:  gcc -std=gnu11 -ggdb -gdwarf-4 -gstrict-dwarf -ffreestanding -fmacro-prefix-map=/builddir/build/BUILD/shim-16.1/= -fno-stack-protector -fno-strict-aliasing -fpic -fshort-wchar -nostdinc -Os -Wall -Wextra -Wno-missing-field-initializers -Wno-empty-body -Wno-implicit-fallthrough -Wno-old-style-declaration -Wno-unused-but-set-variable -Wno-unused-parameter -Werror -Wno-error=unused-but-set-variable -Wno-error=unused-parameter -I/builddir/build/BUILD/shim-16.1/Cryptlib/OpenSSL -I/builddir/build/BUILD/shim-16.1/Cryptlib -I/builddir/build/BUILD/shim-16.1/Cryptlib/OpenSSL/Include/ -I/builddir/build/BUILD/shim-16.1/Cryptlib/OpenSSL/crypto -I/builddir/build/BUILD/shim-16.1/Cryptlib/Include -I/builddir/build/BUILD/shim-16.1/gnu-efi/inc -I/builddir/build/BUILD/shim-16.1/gnu-efi/inc/aarch64 -I/builddir/build/BUILD/shim-16.1/gnu-efi/inc/protocol -I/builddir/build/BUILD/shim-16.1/Cryptlib/OpenSSL/crypto/asn1 -I/builddir/build/BUILD/shim-16.1/Cryptlib/OpenSSL/crypto/evp -I/builddir/build/BUILD/shim-16.1/Cryptlib/OpenSSL/crypto/modes -I/builddir/build/BUILD/shim-16.1/Cryptlib/OpenSSL/crypto/include -isystem /builddir/build/BUILD/shim-16.1/include/system -isystem /usr/lib/gcc/aarch64-redhat-linux/11/include -DL_ENDIAN -D_CRT_SECURE_NO_DEPRECATE -D_CRT_NONSTDC_NO_DEPRECATE -DOPENSSL_SMALL_FOOTPRINT -DPEDANTIC -DMDE_CPU_AARCH64   -c -o crypto/asn1/n_pkey.o /builddir/build/BUILD/shim-16.1/Cryptlib/OpenSSL/crypto/asn1/n_pkey.c
DEBUG util.py:461:  gcc -std=gnu11 -ggdb -gdwarf-4 -gstrict-dwarf -ffreestanding -fmacro-prefix-map=/builddir/build/BUILD/shim-16.1/= -fno-stack-protector -fno-strict-aliasing -fpic -fshort-wchar -nostdinc -Os -Wall -Wextra -Wno-missing-field-initializers -Wno-empty-body -Wno-implicit-fallthrough -Wno-old-style-declaration -Wno-unused-but-set-variable -Wno-unused-parameter -Werror -Wno-error=unused-but-set-variable -Wno-error=unused-parameter -I/builddir/build/BUILD/shim-16.1/Cryptlib/OpenSSL -I/builddir/build/BUILD/shim-16.1/Cryptlib -I/builddir/build/BUILD/shim-16.1/Cryptlib/OpenSSL/Include/ -I/builddir/build/BUILD/shim-16.1/Cryptlib/OpenSSL/crypto -I/builddir/build/BUILD/shim-16.1/Cryptlib/Include -I/builddir/build/BUILD/shim-16.1/gnu-efi/inc -I/builddir/build/BUILD/shim-16.1/gnu-efi/inc/aarch64 -I/builddir/build/BUILD/shim-16.1/gnu-efi/inc/protocol -I/builddir/build/BUILD/shim-16.1/Cryptlib/OpenSSL/crypto/asn1 -I/builddir/build/BUILD/shim-16.1/Cryptlib/OpenSSL/crypto/evp -I/builddir/build/BUILD/shim-16.1/Cryptlib/OpenSSL/crypto/modes -I/builddir/build/BUILD/shim-16.1/Cryptlib/OpenSSL/crypto/include -isystem /builddir/build/BUILD/shim-16.1/include/system -isystem /usr/lib/gcc/aarch64-redhat-linux/11/include -DL_ENDIAN -D_CRT_SECURE_NO_DEPRECATE -D_CRT_NONSTDC_NO_DEPRECATE -DOPENSSL_SMALL_FOOTPRINT -DPEDANTIC -DMDE_CPU_AARCH64   -c -o crypto/asn1/f_enum.o /builddir/build/BUILD/shim-16.1/Cryptlib/OpenSSL/crypto/asn1/f_enum.c
DEBUG util.py:461:  gcc -std=gnu11 -ggdb -gdwarf-4 -gstrict-dwarf -ffreestanding -fmacro-prefix-map=/builddir/build/BUILD/shim-16.1/= -fno-stack-protector -fno-strict-aliasing -fpic -fshort-wchar -nostdinc -Os -Wall -Wextra -Wno-missing-field-initializers -Wno-empty-body -Wno-implicit-fallthrough -Wno-old-style-declaration -Wno-unused-but-set-variable -Wno-unused-parameter -Werror -Wno-error=unused-but-set-variable -Wno-error=unused-parameter -I/builddir/build/BUILD/shim-16.1/Cryptlib/OpenSSL -I/builddir/build/BUILD/shim-16.1/Cryptlib -I/builddir/build/BUILD/shim-16.1/Cryptlib/OpenSSL/Include/ -I/builddir/build/BUILD/shim-16.1/Cryptlib/OpenSSL/crypto -I/builddir/build/BUILD/shim-16.1/Cryptlib/Include -I/builddir/build/BUILD/shim-16.1/gnu-efi/inc -I/builddir/build/BUILD/shim-16.1/gnu-efi/inc/aarch64 -I/builddir/build/BUILD/shim-16.1/gnu-efi/inc/protocol -I/builddir/build/BUILD/shim-16.1/Cryptlib/OpenSSL/crypto/asn1 -I/builddir/build/BUILD/shim-16.1/Cryptlib/OpenSSL/crypto/evp -I/builddir/build/BUILD/shim-16.1/Cryptlib/OpenSSL/crypto/modes -I/builddir/build/BUILD/shim-16.1/Cryptlib/OpenSSL/crypto/include -isystem /builddir/build/BUILD/shim-16.1/include/system -isystem /usr/lib/gcc/aarch64-redhat-linux/11/include -DL_ENDIAN -D_CRT_SECURE_NO_DEPRECATE -D_CRT_NONSTDC_NO_DEPRECATE -DOPENSSL_SMALL_FOOTPRINT -DPEDANTIC -DMDE_CPU_AARCH64   -c -o crypto/asn1/x_pkey.o /builddir/build/BUILD/shim-16.1/Cryptlib/OpenSSL/crypto/asn1/x_pkey.c
DEBUG util.py:461:  gcc -std=gnu11 -ggdb -gdwarf-4 -gstrict-dwarf -ffreestanding -fmacro-prefix-map=/builddir/build/BUILD/shim-16.1/= -fno-stack-protector -fno-strict-aliasing -fpic -fshort-wchar -nostdinc -Os -Wall -Wextra -Wno-missing-field-initializers -Wno-empty-body -Wno-implicit-fallthrough -Wno-old-style-declaration -Wno-unused-but-set-variable -Wno-unused-parameter -Werror -Wno-error=unused-but-set-variable -Wno-error=unused-parameter -I/builddir/build/BUILD/shim-16.1/Cryptlib/OpenSSL -I/builddir/build/BUILD/shim-16.1/Cryptlib -I/builddir/build/BUILD/shim-16.1/Cryptlib/OpenSSL/Include/ -I/builddir/build/BUILD/shim-16.1/Cryptlib/OpenSSL/crypto -I/builddir/build/BUILD/shim-16.1/Cryptlib/Include -I/builddir/build/BUILD/shim-16.1/gnu-efi/inc -I/builddir/build/BUILD/shim-16.1/gnu-efi/inc/aarch64 -I/builddir/build/BUILD/shim-16.1/gnu-efi/inc/protocol -I/builddir/build/BUILD/shim-16.1/Cryptlib/OpenSSL/crypto/asn1 -I/builddir/build/BUILD/shim-16.1/Cryptlib/OpenSSL/crypto/evp -I/builddir/build/BUILD/shim-16.1/Cryptlib/OpenSSL/crypto/modes -I/builddir/build/BUILD/shim-16.1/Cryptlib/OpenSSL/crypto/include -isystem /builddir/build/BUILD/shim-16.1/include/system -isystem /usr/lib/gcc/aarch64-redhat-linux/11/include -DL_ENDIAN -D_CRT_SECURE_NO_DEPRECATE -D_CRT_NONSTDC_NO_DEPRECATE -DOPENSSL_SMALL_FOOTPRINT -DPEDANTIC -DMDE_CPU_AARCH64   -c -o crypto/asn1/a_bool.o /builddir/build/BUILD/shim-16.1/Cryptlib/OpenSSL/crypto/asn1/a_bool.c
DEBUG util.py:461:  gcc -std=gnu11 -ggdb -gdwarf-4 -gstrict-dwarf -ffreestanding -fmacro-prefix-map=/builddir/build/BUILD/shim-16.1/= -fno-stack-protector -fno-strict-aliasing -fpic -fshort-wchar -nostdinc -Os -Wall -Wextra -Wno-missing-field-initializers -Wno-empty-body -Wno-implicit-fallthrough -Wno-old-style-declaration -Wno-unused-but-set-variable -Wno-unused-parameter -Werror -Wno-error=unused-but-set-variable -Wno-error=unused-parameter -I/builddir/build/BUILD/shim-16.1/Cryptlib/OpenSSL -I/builddir/build/BUILD/shim-16.1/Cryptlib -I/builddir/build/BUILD/shim-16.1/Cryptlib/OpenSSL/Include/ -I/builddir/build/BUILD/shim-16.1/Cryptlib/OpenSSL/crypto -I/builddir/build/BUILD/shim-16.1/Cryptlib/Include -I/builddir/build/BUILD/shim-16.1/gnu-efi/inc -I/builddir/build/BUILD/shim-16.1/gnu-efi/inc/aarch64 -I/builddir/build/BUILD/shim-16.1/gnu-efi/inc/protocol -I/builddir/build/BUILD/shim-16.1/Cryptlib/OpenSSL/crypto/asn1 -I/builddir/build/BUILD/shim-16.1/Cryptlib/OpenSSL/crypto/evp -I/builddir/build/BUILD/shim-16.1/Cryptlib/OpenSSL/crypto/modes -I/builddir/build/BUILD/shim-16.1/Cryptlib/OpenSSL/crypto/include -isystem /builddir/build/BUILD/shim-16.1/include/system -isystem /usr/lib/gcc/aarch64-redhat-linux/11/include -DL_ENDIAN -D_CRT_SECURE_NO_DEPRECATE -D_CRT_NONSTDC_NO_DEPRECATE -DOPENSSL_SMALL_FOOTPRINT -DPEDANTIC -DMDE_CPU_AARCH64   -c -o crypto/asn1/x_exten.o /builddir/build/BUILD/shim-16.1/Cryptlib/OpenSSL/crypto/asn1/x_exten.c
DEBUG util.py:461:  gcc -std=gnu11 -ggdb -gdwarf-4 -gstrict-dwarf -ffreestanding -fmacro-prefix-map=/builddir/build/BUILD/shim-16.1/= -fno-stack-protector -fno-strict-aliasing -fpic -fshort-wchar -nostdinc -Os -Wall -Wextra -Wno-missing-field-initializers -Wno-empty-body -Wno-implicit-fallthrough -Wno-old-style-declaration -Wno-unused-but-set-variable -Wno-unused-parameter -Werror -Wno-error=unused-but-set-variable -Wno-error=unused-parameter -I/builddir/build/BUILD/shim-16.1/Cryptlib/OpenSSL -I/builddir/build/BUILD/shim-16.1/Cryptlib -I/builddir/build/BUILD/shim-16.1/Cryptlib/OpenSSL/Include/ -I/builddir/build/BUILD/shim-16.1/Cryptlib/OpenSSL/crypto -I/builddir/build/BUILD/shim-16.1/Cryptlib/Include -I/builddir/build/BUILD/shim-16.1/gnu-efi/inc -I/builddir/build/BUILD/shim-16.1/gnu-efi/inc/aarch64 -I/builddir/build/BUILD/shim-16.1/gnu-efi/inc/protocol -I/builddir/build/BUILD/shim-16.1/Cryptlib/OpenSSL/crypto/asn1 -I/builddir/build/BUILD/shim-16.1/Cryptlib/OpenSSL/crypto/evp -I/builddir/build/BUILD/shim-16.1/Cryptlib/OpenSSL/crypto/modes -I/builddir/build/BUILD/shim-16.1/Cryptlib/OpenSSL/crypto/include -isystem /builddir/build/BUILD/shim-16.1/include/system -isystem /usr/lib/gcc/aarch64-redhat-linux/11/include -DL_ENDIAN -D_CRT_SECURE_NO_DEPRECATE -D_CRT_NONSTDC_NO_DEPRECATE -DOPENSSL_SMALL_FOOTPRINT -DPEDANTIC -DMDE_CPU_AARCH64   -c -o crypto/asn1/bio_asn1.o /builddir/build/BUILD/shim-16.1/Cryptlib/OpenSSL/crypto/asn1/bio_asn1.c
DEBUG util.py:461:  gcc -std=gnu11 -ggdb -gdwarf-4 -gstrict-dwarf -ffreestanding -fmacro-prefix-map=/builddir/build/BUILD/shim-16.1/= -fno-stack-protector -fno-strict-aliasing -fpic -fshort-wchar -nostdinc -Os -Wall -Wextra -Wno-missing-field-initializers -Wno-empty-body -Wno-implicit-fallthrough -Wno-old-style-declaration -Wno-unused-but-set-variable -Wno-unused-parameter -Werror -Wno-error=unused-but-set-variable -Wno-error=unused-parameter -I/builddir/build/BUILD/shim-16.1/Cryptlib/OpenSSL -I/builddir/build/BUILD/shim-16.1/Cryptlib -I/builddir/build/BUILD/shim-16.1/Cryptlib/OpenSSL/Include/ -I/builddir/build/BUILD/shim-16.1/Cryptlib/OpenSSL/crypto -I/builddir/build/BUILD/shim-16.1/Cryptlib/Include -I/builddir/build/BUILD/shim-16.1/gnu-efi/inc -I/builddir/build/BUILD/shim-16.1/gnu-efi/inc/aarch64 -I/builddir/build/BUILD/shim-16.1/gnu-efi/inc/protocol -I/builddir/build/BUILD/shim-16.1/Cryptlib/OpenSSL/crypto/asn1 -I/builddir/build/BUILD/shim-16.1/Cryptlib/OpenSSL/crypto/evp -I/builddir/build/BUILD/shim-16.1/Cryptlib/OpenSSL/crypto/modes -I/builddir/build/BUILD/shim-16.1/Cryptlib/OpenSSL/crypto/include -isystem /builddir/build/BUILD/shim-16.1/include/system -isystem /usr/lib/gcc/aarch64-redhat-linux/11/include -DL_ENDIAN -D_CRT_SECURE_NO_DEPRECATE -D_CRT_NONSTDC_NO_DEPRECATE -DOPENSSL_SMALL_FOOTPRINT -DPEDANTIC -DMDE_CPU_AARCH64   -c -o crypto/asn1/bio_ndef.o /builddir/build/BUILD/shim-16.1/Cryptlib/OpenSSL/crypto/asn1/bio_ndef.c
DEBUG util.py:461:  gcc -std=gnu11 -ggdb -gdwarf-4 -gstrict-dwarf -ffreestanding -fmacro-prefix-map=/builddir/build/BUILD/shim-16.1/= -fno-stack-protector -fno-strict-aliasing -fpic -fshort-wchar -nostdinc -Os -Wall -Wextra -Wno-missing-field-initializers -Wno-empty-body -Wno-implicit-fallthrough -Wno-old-style-declaration -Wno-unused-but-set-variable -Wno-unused-parameter -Werror -Wno-error=unused-but-set-variable -Wno-error=unused-parameter -I/builddir/build/BUILD/shim-16.1/Cryptlib/OpenSSL -I/builddir/build/BUILD/shim-16.1/Cryptlib -I/builddir/build/BUILD/shim-16.1/Cryptlib/OpenSSL/Include/ -I/builddir/build/BUILD/shim-16.1/Cryptlib/OpenSSL/crypto -I/builddir/build/BUILD/shim-16.1/Cryptlib/Include -I/builddir/build/BUILD/shim-16.1/gnu-efi/inc -I/builddir/build/BUILD/shim-16.1/gnu-efi/inc/aarch64 -I/builddir/build/BUILD/shim-16.1/gnu-efi/inc/protocol -I/builddir/build/BUILD/shim-16.1/Cryptlib/OpenSSL/crypto/asn1 -I/builddir/build/BUILD/shim-16.1/Cryptlib/OpenSSL/crypto/evp -I/builddir/build/BUILD/shim-16.1/Cryptlib/OpenSSL/crypto/modes -I/builddir/build/BUILD/shim-16.1/Cryptlib/OpenSSL/crypto/include -isystem /builddir/build/BUILD/shim-16.1/include/system -isystem /usr/lib/gcc/aarch64-redhat-linux/11/include -DL_ENDIAN -D_CRT_SECURE_NO_DEPRECATE -D_CRT_NONSTDC_NO_DEPRECATE -DOPENSSL_SMALL_FOOTPRINT -DPEDANTIC -DMDE_CPU_AARCH64   -c -o crypto/asn1/asn_mime.o /builddir/build/BUILD/shim-16.1/Cryptlib/OpenSSL/crypto/asn1/asn_mime.c
DEBUG util.py:461:  gcc -std=gnu11 -ggdb -gdwarf-4 -gstrict-dwarf -ffreestanding -fmacro-prefix-map=/builddir/build/BUILD/shim-16.1/= -fno-stack-protector -fno-strict-aliasing -fpic -fshort-wchar -nostdinc -Os -Wall -Wextra -Wno-missing-field-initializers -Wno-empty-body -Wno-implicit-fallthrough -Wno-old-style-declaration -Wno-unused-but-set-variable -Wno-unused-parameter -Werror -Wno-error=unused-but-set-variable -Wno-error=unused-parameter -I/builddir/build/BUILD/shim-16.1/Cryptlib/OpenSSL -I/builddir/build/BUILD/shim-16.1/Cryptlib -I/builddir/build/BUILD/shim-16.1/Cryptlib/OpenSSL/Include/ -I/builddir/build/BUILD/shim-16.1/Cryptlib/OpenSSL/crypto -I/builddir/build/BUILD/shim-16.1/Cryptlib/Include -I/builddir/build/BUILD/shim-16.1/gnu-efi/inc -I/builddir/build/BUILD/shim-16.1/gnu-efi/inc/aarch64 -I/builddir/build/BUILD/shim-16.1/gnu-efi/inc/protocol -I/builddir/build/BUILD/shim-16.1/Cryptlib/OpenSSL/crypto/asn1 -I/builddir/build/BUILD/shim-16.1/Cryptlib/OpenSSL/crypto/evp -I/builddir/build/BUILD/shim-16.1/Cryptlib/OpenSSL/crypto/modes -I/builddir/build/BUILD/shim-16.1/Cryptlib/OpenSSL/crypto/include -isystem /builddir/build/BUILD/shim-16.1/include/system -isystem /usr/lib/gcc/aarch64-redhat-linux/11/include -DL_ENDIAN -D_CRT_SECURE_NO_DEPRECATE -D_CRT_NONSTDC_NO_DEPRECATE -DOPENSSL_SMALL_FOOTPRINT -DPEDANTIC -DMDE_CPU_AARCH64   -c -o crypto/asn1/asn1_gen.o /builddir/build/BUILD/shim-16.1/Cryptlib/OpenSSL/crypto/asn1/asn1_gen.c
DEBUG util.py:461:  gcc -std=gnu11 -ggdb -gdwarf-4 -gstrict-dwarf -ffreestanding -fmacro-prefix-map=/builddir/build/BUILD/shim-16.1/= -fno-stack-protector -fno-strict-aliasing -fpic -fshort-wchar -nostdinc -Os -Wall -Wextra -Wno-missing-field-initializers -Wno-empty-body -Wno-implicit-fallthrough -Wno-old-style-declaration -Wno-unused-but-set-variable -Wno-unused-parameter -Werror -Wno-error=unused-but-set-variable -Wno-error=unused-parameter -I/builddir/build/BUILD/shim-16.1/Cryptlib/OpenSSL -I/builddir/build/BUILD/shim-16.1/Cryptlib -I/builddir/build/BUILD/shim-16.1/Cryptlib/OpenSSL/Include/ -I/builddir/build/BUILD/shim-16.1/Cryptlib/OpenSSL/crypto -I/builddir/build/BUILD/shim-16.1/Cryptlib/Include -I/builddir/build/BUILD/shim-16.1/gnu-efi/inc -I/builddir/build/BUILD/shim-16.1/gnu-efi/inc/aarch64 -I/builddir/build/BUILD/shim-16.1/gnu-efi/inc/protocol -I/builddir/build/BUILD/shim-16.1/Cryptlib/OpenSSL/crypto/asn1 -I/builddir/build/BUILD/shim-16.1/Cryptlib/OpenSSL/crypto/evp -I/builddir/build/BUILD/shim-16.1/Cryptlib/OpenSSL/crypto/modes -I/builddir/build/BUILD/shim-16.1/Cryptlib/OpenSSL/crypto/include -isystem /builddir/build/BUILD/shim-16.1/include/system -isystem /usr/lib/gcc/aarch64-redhat-linux/11/include -DL_ENDIAN -D_CRT_SECURE_NO_DEPRECATE -D_CRT_NONSTDC_NO_DEPRECATE -DOPENSSL_SMALL_FOOTPRINT -DPEDANTIC -DMDE_CPU_AARCH64   -c -o crypto/asn1/asn1_par.o /builddir/build/BUILD/shim-16.1/Cryptlib/OpenSSL/crypto/asn1/asn1_par.c
DEBUG util.py:461:  gcc -std=gnu11 -ggdb -gdwarf-4 -gstrict-dwarf -ffreestanding -fmacro-prefix-map=/builddir/build/BUILD/shim-16.1/= -fno-stack-protector -fno-strict-aliasing -fpic -fshort-wchar -nostdinc -Os -Wall -Wextra -Wno-missing-field-initializers -Wno-empty-body -Wno-implicit-fallthrough -Wno-old-style-declaration -Wno-unused-but-set-variable -Wno-unused-parameter -Werror -Wno-error=unused-but-set-variable -Wno-error=unused-parameter -I/builddir/build/BUILD/shim-16.1/Cryptlib/OpenSSL -I/builddir/build/BUILD/shim-16.1/Cryptlib -I/builddir/build/BUILD/shim-16.1/Cryptlib/OpenSSL/Include/ -I/builddir/build/BUILD/shim-16.1/Cryptlib/OpenSSL/crypto -I/builddir/build/BUILD/shim-16.1/Cryptlib/Include -I/builddir/build/BUILD/shim-16.1/gnu-efi/inc -I/builddir/build/BUILD/shim-16.1/gnu-efi/inc/aarch64 -I/builddir/build/BUILD/shim-16.1/gnu-efi/inc/protocol -I/builddir/build/BUILD/shim-16.1/Cryptlib/OpenSSL/crypto/asn1 -I/builddir/build/BUILD/shim-16.1/Cryptlib/OpenSSL/crypto/evp -I/builddir/build/BUILD/shim-16.1/Cryptlib/OpenSSL/crypto/modes -I/builddir/build/BUILD/shim-16.1/Cryptlib/OpenSSL/crypto/include -isystem /builddir/build/BUILD/shim-16.1/include/system -isystem /usr/lib/gcc/aarch64-redhat-linux/11/include -DL_ENDIAN -D_CRT_SECURE_NO_DEPRECATE -D_CRT_NONSTDC_NO_DEPRECATE -DOPENSSL_SMALL_FOOTPRINT -DPEDANTIC -DMDE_CPU_AARCH64   -c -o crypto/asn1/asn1_lib.o /builddir/build/BUILD/shim-16.1/Cryptlib/OpenSSL/crypto/asn1/asn1_lib.c
DEBUG util.py:461:  gcc -std=gnu11 -ggdb -gdwarf-4 -gstrict-dwarf -ffreestanding -fmacro-prefix-map=/builddir/build/BUILD/shim-16.1/= -fno-stack-protector -fno-strict-aliasing -fpic -fshort-wchar -nostdinc -Os -Wall -Wextra -Wno-missing-field-initializers -Wno-empty-body -Wno-implicit-fallthrough -Wno-old-style-declaration -Wno-unused-but-set-variable -Wno-unused-parameter -Werror -Wno-error=unused-but-set-variable -Wno-error=unused-parameter -I/builddir/build/BUILD/shim-16.1/Cryptlib/OpenSSL -I/builddir/build/BUILD/shim-16.1/Cryptlib -I/builddir/build/BUILD/shim-16.1/Cryptlib/OpenSSL/Include/ -I/builddir/build/BUILD/shim-16.1/Cryptlib/OpenSSL/crypto -I/builddir/build/BUILD/shim-16.1/Cryptlib/Include -I/builddir/build/BUILD/shim-16.1/gnu-efi/inc -I/builddir/build/BUILD/shim-16.1/gnu-efi/inc/aarch64 -I/builddir/build/BUILD/shim-16.1/gnu-efi/inc/protocol -I/builddir/build/BUILD/shim-16.1/Cryptlib/OpenSSL/crypto/asn1 -I/builddir/build/BUILD/shim-16.1/Cryptlib/OpenSSL/crypto/evp -I/builddir/build/BUILD/shim-16.1/Cryptlib/OpenSSL/crypto/modes -I/builddir/build/BUILD/shim-16.1/Cryptlib/OpenSSL/crypto/include -isystem /builddir/build/BUILD/shim-16.1/include/system -isystem /usr/lib/gcc/aarch64-redhat-linux/11/include -DL_ENDIAN -D_CRT_SECURE_NO_DEPRECATE -D_CRT_NONSTDC_NO_DEPRECATE -DOPENSSL_SMALL_FOOTPRINT -DPEDANTIC -DMDE_CPU_AARCH64   -c -o crypto/asn1/asn1_err.o /builddir/build/BUILD/shim-16.1/Cryptlib/OpenSSL/crypto/asn1/asn1_err.c
DEBUG util.py:461:  gcc -std=gnu11 -ggdb -gdwarf-4 -gstrict-dwarf -ffreestanding -fmacro-prefix-map=/builddir/build/BUILD/shim-16.1/= -fno-stack-protector -fno-strict-aliasing -fpic -fshort-wchar -nostdinc -Os -Wall -Wextra -Wno-missing-field-initializers -Wno-empty-body -Wno-implicit-fallthrough -Wno-old-style-declaration -Wno-unused-but-set-variable -Wno-unused-parameter -Werror -Wno-error=unused-but-set-variable -Wno-error=unused-parameter -I/builddir/build/BUILD/shim-16.1/Cryptlib/OpenSSL -I/builddir/build/BUILD/shim-16.1/Cryptlib -I/builddir/build/BUILD/shim-16.1/Cryptlib/OpenSSL/Include/ -I/builddir/build/BUILD/shim-16.1/Cryptlib/OpenSSL/crypto -I/builddir/build/BUILD/shim-16.1/Cryptlib/Include -I/builddir/build/BUILD/shim-16.1/gnu-efi/inc -I/builddir/build/BUILD/shim-16.1/gnu-efi/inc/aarch64 -I/builddir/build/BUILD/shim-16.1/gnu-efi/inc/protocol -I/builddir/build/BUILD/shim-16.1/Cryptlib/OpenSSL/crypto/asn1 -I/builddir/build/BUILD/shim-16.1/Cryptlib/OpenSSL/crypto/evp -I/builddir/build/BUILD/shim-16.1/Cryptlib/OpenSSL/crypto/modes -I/builddir/build/BUILD/shim-16.1/Cryptlib/OpenSSL/crypto/include -isystem /builddir/build/BUILD/shim-16.1/include/system -isystem /usr/lib/gcc/aarch64-redhat-linux/11/include -DL_ENDIAN -D_CRT_SECURE_NO_DEPRECATE -D_CRT_NONSTDC_NO_DEPRECATE -DOPENSSL_SMALL_FOOTPRINT -DPEDANTIC -DMDE_CPU_AARCH64   -c -o crypto/asn1/a_bytes.o /builddir/build/BUILD/shim-16.1/Cryptlib/OpenSSL/crypto/asn1/a_bytes.c
DEBUG util.py:461:  gcc -std=gnu11 -ggdb -gdwarf-4 -gstrict-dwarf -ffreestanding -fmacro-prefix-map=/builddir/build/BUILD/shim-16.1/= -fno-stack-protector -fno-strict-aliasing -fpic -fshort-wchar -nostdinc -Os -Wall -Wextra -Wno-missing-field-initializers -Wno-empty-body -Wno-implicit-fallthrough -Wno-old-style-declaration -Wno-unused-but-set-variable -Wno-unused-parameter -Werror -Wno-error=unused-but-set-variable -Wno-error=unused-parameter -I/builddir/build/BUILD/shim-16.1/Cryptlib/OpenSSL -I/builddir/build/BUILD/shim-16.1/Cryptlib -I/builddir/build/BUILD/shim-16.1/Cryptlib/OpenSSL/Include/ -I/builddir/build/BUILD/shim-16.1/Cryptlib/OpenSSL/crypto -I/builddir/build/BUILD/shim-16.1/Cryptlib/Include -I/builddir/build/BUILD/shim-16.1/gnu-efi/inc -I/builddir/build/BUILD/shim-16.1/gnu-efi/inc/aarch64 -I/builddir/build/BUILD/shim-16.1/gnu-efi/inc/protocol -I/builddir/build/BUILD/shim-16.1/Cryptlib/OpenSSL/crypto/asn1 -I/builddir/build/BUILD/shim-16.1/Cryptlib/OpenSSL/crypto/evp -I/builddir/build/BUILD/shim-16.1/Cryptlib/OpenSSL/crypto/modes -I/builddir/build/BUILD/shim-16.1/Cryptlib/OpenSSL/crypto/include -isystem /builddir/build/BUILD/shim-16.1/include/system -isystem /usr/lib/gcc/aarch64-redhat-linux/11/include -DL_ENDIAN -D_CRT_SECURE_NO_DEPRECATE -D_CRT_NONSTDC_NO_DEPRECATE -DOPENSSL_SMALL_FOOTPRINT -DPEDANTIC -DMDE_CPU_AARCH64   -c -o crypto/asn1/a_strnid.o /builddir/build/BUILD/shim-16.1/Cryptlib/OpenSSL/crypto/asn1/a_strnid.c
DEBUG util.py:461:  gcc -std=gnu11 -ggdb -gdwarf-4 -gstrict-dwarf -ffreestanding -fmacro-prefix-map=/builddir/build/BUILD/shim-16.1/= -fno-stack-protector -fno-strict-aliasing -fpic -fshort-wchar -nostdinc -Os -Wall -Wextra -Wno-missing-field-initializers -Wno-empty-body -Wno-implicit-fallthrough -Wno-old-style-declaration -Wno-unused-but-set-variable -Wno-unused-parameter -Werror -Wno-error=unused-but-set-variable -Wno-error=unused-parameter -I/builddir/build/BUILD/shim-16.1/Cryptlib/OpenSSL -I/builddir/build/BUILD/shim-16.1/Cryptlib -I/builddir/build/BUILD/shim-16.1/Cryptlib/OpenSSL/Include/ -I/builddir/build/BUILD/shim-16.1/Cryptlib/OpenSSL/crypto -I/builddir/build/BUILD/shim-16.1/Cryptlib/Include -I/builddir/build/BUILD/shim-16.1/gnu-efi/inc -I/builddir/build/BUILD/shim-16.1/gnu-efi/inc/aarch64 -I/builddir/build/BUILD/shim-16.1/gnu-efi/inc/protocol -I/builddir/build/BUILD/shim-16.1/Cryptlib/OpenSSL/crypto/asn1 -I/builddir/build/BUILD/shim-16.1/Cryptlib/OpenSSL/crypto/evp -I/builddir/build/BUILD/shim-16.1/Cryptlib/OpenSSL/crypto/modes -I/builddir/build/BUILD/shim-16.1/Cryptlib/OpenSSL/crypto/include -isystem /builddir/build/BUILD/shim-16.1/include/system -isystem /usr/lib/gcc/aarch64-redhat-linux/11/include -DL_ENDIAN -D_CRT_SECURE_NO_DEPRECATE -D_CRT_NONSTDC_NO_DEPRECATE -DOPENSSL_SMALL_FOOTPRINT -DPEDANTIC -DMDE_CPU_AARCH64   -c -o crypto/asn1/evp_asn1.o /builddir/build/BUILD/shim-16.1/Cryptlib/OpenSSL/crypto/asn1/evp_asn1.c
DEBUG util.py:461:  gcc -std=gnu11 -ggdb -gdwarf-4 -gstrict-dwarf -ffreestanding -fmacro-prefix-map=/builddir/build/BUILD/shim-16.1/= -fno-stack-protector -fno-strict-aliasing -fpic -fshort-wchar -nostdinc -Os -Wall -Wextra -Wno-missing-field-initializers -Wno-empty-body -Wno-implicit-fallthrough -Wno-old-style-declaration -Wno-unused-but-set-variable -Wno-unused-parameter -Werror -Wno-error=unused-but-set-variable -Wno-error=unused-parameter -I/builddir/build/BUILD/shim-16.1/Cryptlib/OpenSSL -I/builddir/build/BUILD/shim-16.1/Cryptlib -I/builddir/build/BUILD/shim-16.1/Cryptlib/OpenSSL/Include/ -I/builddir/build/BUILD/shim-16.1/Cryptlib/OpenSSL/crypto -I/builddir/build/BUILD/shim-16.1/Cryptlib/Include -I/builddir/build/BUILD/shim-16.1/gnu-efi/inc -I/builddir/build/BUILD/shim-16.1/gnu-efi/inc/aarch64 -I/builddir/build/BUILD/shim-16.1/gnu-efi/inc/protocol -I/builddir/build/BUILD/shim-16.1/Cryptlib/OpenSSL/crypto/asn1 -I/builddir/build/BUILD/shim-16.1/Cryptlib/OpenSSL/crypto/evp -I/builddir/build/BUILD/shim-16.1/Cryptlib/OpenSSL/crypto/modes -I/builddir/build/BUILD/shim-16.1/Cryptlib/OpenSSL/crypto/include -isystem /builddir/build/BUILD/shim-16.1/include/system -isystem /usr/lib/gcc/aarch64-redhat-linux/11/include -DL_ENDIAN -D_CRT_SECURE_NO_DEPRECATE -D_CRT_NONSTDC_NO_DEPRECATE -DOPENSSL_SMALL_FOOTPRINT -DPEDANTIC -DMDE_CPU_AARCH64   -c -o crypto/asn1/asn_pack.o /builddir/build/BUILD/shim-16.1/Cryptlib/OpenSSL/crypto/asn1/asn_pack.c
DEBUG util.py:461:  gcc -std=gnu11 -ggdb -gdwarf-4 -gstrict-dwarf -ffreestanding -fmacro-prefix-map=/builddir/build/BUILD/shim-16.1/= -fno-stack-protector -fno-strict-aliasing -fpic -fshort-wchar -nostdinc -Os -Wall -Wextra -Wno-missing-field-initializers -Wno-empty-body -Wno-implicit-fallthrough -Wno-old-style-declaration -Wno-unused-but-set-variable -Wno-unused-parameter -Werror -Wno-error=unused-but-set-variable -Wno-error=unused-parameter -I/builddir/build/BUILD/shim-16.1/Cryptlib/OpenSSL -I/builddir/build/BUILD/shim-16.1/Cryptlib -I/builddir/build/BUILD/shim-16.1/Cryptlib/OpenSSL/Include/ -I/builddir/build/BUILD/shim-16.1/Cryptlib/OpenSSL/crypto -I/builddir/build/BUILD/shim-16.1/Cryptlib/Include -I/builddir/build/BUILD/shim-16.1/gnu-efi/inc -I/builddir/build/BUILD/shim-16.1/gnu-efi/inc/aarch64 -I/builddir/build/BUILD/shim-16.1/gnu-efi/inc/protocol -I/builddir/build/BUILD/shim-16.1/Cryptlib/OpenSSL/crypto/asn1 -I/builddir/build/BUILD/shim-16.1/Cryptlib/OpenSSL/crypto/evp -I/builddir/build/BUILD/shim-16.1/Cryptlib/OpenSSL/crypto/modes -I/builddir/build/BUILD/shim-16.1/Cryptlib/OpenSSL/crypto/include -isystem /builddir/build/BUILD/shim-16.1/include/system -isystem /usr/lib/gcc/aarch64-redhat-linux/11/include -DL_ENDIAN -D_CRT_SECURE_NO_DEPRECATE -D_CRT_NONSTDC_NO_DEPRECATE -DOPENSSL_SMALL_FOOTPRINT -DPEDANTIC -DMDE_CPU_AARCH64   -c -o crypto/asn1/p5_pbe.o /builddir/build/BUILD/shim-16.1/Cryptlib/OpenSSL/crypto/asn1/p5_pbe.c
DEBUG util.py:461:  gcc -std=gnu11 -ggdb -gdwarf-4 -gstrict-dwarf -ffreestanding -fmacro-prefix-map=/builddir/build/BUILD/shim-16.1/= -fno-stack-protector -fno-strict-aliasing -fpic -fshort-wchar -nostdinc -Os -Wall -Wextra -Wno-missing-field-initializers -Wno-empty-body -Wno-implicit-fallthrough -Wno-old-style-declaration -Wno-unused-but-set-variable -Wno-unused-parameter -Werror -Wno-error=unused-but-set-variable -Wno-error=unused-parameter -I/builddir/build/BUILD/shim-16.1/Cryptlib/OpenSSL -I/builddir/build/BUILD/shim-16.1/Cryptlib -I/builddir/build/BUILD/shim-16.1/Cryptlib/OpenSSL/Include/ -I/builddir/build/BUILD/shim-16.1/Cryptlib/OpenSSL/crypto -I/builddir/build/BUILD/shim-16.1/Cryptlib/Include -I/builddir/build/BUILD/shim-16.1/gnu-efi/inc -I/builddir/build/BUILD/shim-16.1/gnu-efi/inc/aarch64 -I/builddir/build/BUILD/shim-16.1/gnu-efi/inc/protocol -I/builddir/build/BUILD/shim-16.1/Cryptlib/OpenSSL/crypto/asn1 -I/builddir/build/BUILD/shim-16.1/Cryptlib/OpenSSL/crypto/evp -I/builddir/build/BUILD/shim-16.1/Cryptlib/OpenSSL/crypto/modes -I/builddir/build/BUILD/shim-16.1/Cryptlib/OpenSSL/crypto/include -isystem /builddir/build/BUILD/shim-16.1/include/system -isystem /usr/lib/gcc/aarch64-redhat-linux/11/include -DL_ENDIAN -D_CRT_SECURE_NO_DEPRECATE -D_CRT_NONSTDC_NO_DEPRECATE -DOPENSSL_SMALL_FOOTPRINT -DPEDANTIC -DMDE_CPU_AARCH64   -c -o crypto/asn1/p5_pbev2.o /builddir/build/BUILD/shim-16.1/Cryptlib/OpenSSL/crypto/asn1/p5_pbev2.c
DEBUG util.py:461:  gcc -std=gnu11 -ggdb -gdwarf-4 -gstrict-dwarf -ffreestanding -fmacro-prefix-map=/builddir/build/BUILD/shim-16.1/= -fno-stack-protector -fno-strict-aliasing -fpic -fshort-wchar -nostdinc -Os -Wall -Wextra -Wno-missing-field-initializers -Wno-empty-body -Wno-implicit-fallthrough -Wno-old-style-declaration -Wno-unused-but-set-variable -Wno-unused-parameter -Werror -Wno-error=unused-but-set-variable -Wno-error=unused-parameter -I/builddir/build/BUILD/shim-16.1/Cryptlib/OpenSSL -I/builddir/build/BUILD/shim-16.1/Cryptlib -I/builddir/build/BUILD/shim-16.1/Cryptlib/OpenSSL/Include/ -I/builddir/build/BUILD/shim-16.1/Cryptlib/OpenSSL/crypto -I/builddir/build/BUILD/shim-16.1/Cryptlib/Include -I/builddir/build/BUILD/shim-16.1/gnu-efi/inc -I/builddir/build/BUILD/shim-16.1/gnu-efi/inc/aarch64 -I/builddir/build/BUILD/shim-16.1/gnu-efi/inc/protocol -I/builddir/build/BUILD/shim-16.1/Cryptlib/OpenSSL/crypto/asn1 -I/builddir/build/BUILD/shim-16.1/Cryptlib/OpenSSL/crypto/evp -I/builddir/build/BUILD/shim-16.1/Cryptlib/OpenSSL/crypto/modes -I/builddir/build/BUILD/shim-16.1/Cryptlib/OpenSSL/crypto/include -isystem /builddir/build/BUILD/shim-16.1/include/system -isystem /usr/lib/gcc/aarch64-redhat-linux/11/include -DL_ENDIAN -D_CRT_SECURE_NO_DEPRECATE -D_CRT_NONSTDC_NO_DEPRECATE -DOPENSSL_SMALL_FOOTPRINT -DPEDANTIC -DMDE_CPU_AARCH64   -c -o crypto/asn1/p8_pkey.o /builddir/build/BUILD/shim-16.1/Cryptlib/OpenSSL/crypto/asn1/p8_pkey.c
DEBUG util.py:461:  gcc -std=gnu11 -ggdb -gdwarf-4 -gstrict-dwarf -ffreestanding -fmacro-prefix-map=/builddir/build/BUILD/shim-16.1/= -fno-stack-protector -fno-strict-aliasing -fpic -fshort-wchar -nostdinc -Os -Wall -Wextra -Wno-missing-field-initializers -Wno-empty-body -Wno-implicit-fallthrough -Wno-old-style-declaration -Wno-unused-but-set-variable -Wno-unused-parameter -Werror -Wno-error=unused-but-set-variable -Wno-error=unused-parameter -I/builddir/build/BUILD/shim-16.1/Cryptlib/OpenSSL -I/builddir/build/BUILD/shim-16.1/Cryptlib -I/builddir/build/BUILD/shim-16.1/Cryptlib/OpenSSL/Include/ -I/builddir/build/BUILD/shim-16.1/Cryptlib/OpenSSL/crypto -I/builddir/build/BUILD/shim-16.1/Cryptlib/Include -I/builddir/build/BUILD/shim-16.1/gnu-efi/inc -I/builddir/build/BUILD/shim-16.1/gnu-efi/inc/aarch64 -I/builddir/build/BUILD/shim-16.1/gnu-efi/inc/protocol -I/builddir/build/BUILD/shim-16.1/Cryptlib/OpenSSL/crypto/asn1 -I/builddir/build/BUILD/shim-16.1/Cryptlib/OpenSSL/crypto/evp -I/builddir/build/BUILD/shim-16.1/Cryptlib/OpenSSL/crypto/modes -I/builddir/build/BUILD/shim-16.1/Cryptlib/OpenSSL/crypto/include -isystem /builddir/build/BUILD/shim-16.1/include/system -isystem /usr/lib/gcc/aarch64-redhat-linux/11/include -DL_ENDIAN -D_CRT_SECURE_NO_DEPRECATE -D_CRT_NONSTDC_NO_DEPRECATE -DOPENSSL_SMALL_FOOTPRINT -DPEDANTIC -DMDE_CPU_AARCH64   -c -o crypto/asn1/asn_moid.o /builddir/build/BUILD/shim-16.1/Cryptlib/OpenSSL/crypto/asn1/asn_moid.c
DEBUG util.py:461:  gcc -std=gnu11 -ggdb -gdwarf-4 -gstrict-dwarf -ffreestanding -fmacro-prefix-map=/builddir/build/BUILD/shim-16.1/= -fno-stack-protector -fno-strict-aliasing -fpic -fshort-wchar -nostdinc -Os -Wall -Wextra -Wno-missing-field-initializers -Wno-empty-body -Wno-implicit-fallthrough -Wno-old-style-declaration -Wno-unused-but-set-variable -Wno-unused-parameter -Werror -Wno-error=unused-but-set-variable -Wno-error=unused-parameter -I/builddir/build/BUILD/shim-16.1/Cryptlib/OpenSSL -I/builddir/build/BUILD/shim-16.1/Cryptlib -I/builddir/build/BUILD/shim-16.1/Cryptlib/OpenSSL/Include/ -I/builddir/build/BUILD/shim-16.1/Cryptlib/OpenSSL/crypto -I/builddir/build/BUILD/shim-16.1/Cryptlib/Include -I/builddir/build/BUILD/shim-16.1/gnu-efi/inc -I/builddir/build/BUILD/shim-16.1/gnu-efi/inc/aarch64 -I/builddir/build/BUILD/shim-16.1/gnu-efi/inc/protocol -I/builddir/build/BUILD/shim-16.1/Cryptlib/OpenSSL/crypto/asn1 -I/builddir/build/BUILD/shim-16.1/Cryptlib/OpenSSL/crypto/evp -I/builddir/build/BUILD/shim-16.1/Cryptlib/OpenSSL/crypto/modes -I/builddir/build/BUILD/shim-16.1/Cryptlib/OpenSSL/crypto/include -isystem /builddir/build/BUILD/shim-16.1/include/system -isystem /usr/lib/gcc/aarch64-redhat-linux/11/include -DL_ENDIAN -D_CRT_SECURE_NO_DEPRECATE -D_CRT_NONSTDC_NO_DEPRECATE -DOPENSSL_SMALL_FOOTPRINT -DPEDANTIC -DMDE_CPU_AARCH64   -c -o crypto/pem/pem_sign.o /builddir/build/BUILD/shim-16.1/Cryptlib/OpenSSL/crypto/pem/pem_sign.c
DEBUG util.py:461:  gcc -std=gnu11 -ggdb -gdwarf-4 -gstrict-dwarf -ffreestanding -fmacro-prefix-map=/builddir/build/BUILD/shim-16.1/= -fno-stack-protector -fno-strict-aliasing -fpic -fshort-wchar -nostdinc -Os -Wall -Wextra -Wno-missing-field-initializers -Wno-empty-body -Wno-implicit-fallthrough -Wno-old-style-declaration -Wno-unused-but-set-variable -Wno-unused-parameter -Werror -Wno-error=unused-but-set-variable -Wno-error=unused-parameter -I/builddir/build/BUILD/shim-16.1/Cryptlib/OpenSSL -I/builddir/build/BUILD/shim-16.1/Cryptlib -I/builddir/build/BUILD/shim-16.1/Cryptlib/OpenSSL/Include/ -I/builddir/build/BUILD/shim-16.1/Cryptlib/OpenSSL/crypto -I/builddir/build/BUILD/shim-16.1/Cryptlib/Include -I/builddir/build/BUILD/shim-16.1/gnu-efi/inc -I/builddir/build/BUILD/shim-16.1/gnu-efi/inc/aarch64 -I/builddir/build/BUILD/shim-16.1/gnu-efi/inc/protocol -I/builddir/build/BUILD/shim-16.1/Cryptlib/OpenSSL/crypto/asn1 -I/builddir/build/BUILD/shim-16.1/Cryptlib/OpenSSL/crypto/evp -I/builddir/build/BUILD/shim-16.1/Cryptlib/OpenSSL/crypto/modes -I/builddir/build/BUILD/shim-16.1/Cryptlib/OpenSSL/crypto/include -isystem /builddir/build/BUILD/shim-16.1/include/system -isystem /usr/lib/gcc/aarch64-redhat-linux/11/include -DL_ENDIAN -D_CRT_SECURE_NO_DEPRECATE -D_CRT_NONSTDC_NO_DEPRECATE -DOPENSSL_SMALL_FOOTPRINT -DPEDANTIC -DMDE_CPU_AARCH64   -c -o crypto/pem/pem_seal.o /builddir/build/BUILD/shim-16.1/Cryptlib/OpenSSL/crypto/pem/pem_seal.c
DEBUG util.py:461:  gcc -std=gnu11 -ggdb -gdwarf-4 -gstrict-dwarf -ffreestanding -fmacro-prefix-map=/builddir/build/BUILD/shim-16.1/= -fno-stack-protector -fno-strict-aliasing -fpic -fshort-wchar -nostdinc -Os -Wall -Wextra -Wno-missing-field-initializers -Wno-empty-body -Wno-implicit-fallthrough -Wno-old-style-declaration -Wno-unused-but-set-variable -Wno-unused-parameter -Werror -Wno-error=unused-but-set-variable -Wno-error=unused-parameter -I/builddir/build/BUILD/shim-16.1/Cryptlib/OpenSSL -I/builddir/build/BUILD/shim-16.1/Cryptlib -I/builddir/build/BUILD/shim-16.1/Cryptlib/OpenSSL/Include/ -I/builddir/build/BUILD/shim-16.1/Cryptlib/OpenSSL/crypto -I/builddir/build/BUILD/shim-16.1/Cryptlib/Include -I/builddir/build/BUILD/shim-16.1/gnu-efi/inc -I/builddir/build/BUILD/shim-16.1/gnu-efi/inc/aarch64 -I/builddir/build/BUILD/shim-16.1/gnu-efi/inc/protocol -I/builddir/build/BUILD/shim-16.1/Cryptlib/OpenSSL/crypto/asn1 -I/builddir/build/BUILD/shim-16.1/Cryptlib/OpenSSL/crypto/evp -I/builddir/build/BUILD/shim-16.1/Cryptlib/OpenSSL/crypto/modes -I/builddir/build/BUILD/shim-16.1/Cryptlib/OpenSSL/crypto/include -isystem /builddir/build/BUILD/shim-16.1/include/system -isystem /usr/lib/gcc/aarch64-redhat-linux/11/include -DL_ENDIAN -D_CRT_SECURE_NO_DEPRECATE -D_CRT_NONSTDC_NO_DEPRECATE -DOPENSSL_SMALL_FOOTPRINT -DPEDANTIC -DMDE_CPU_AARCH64   -c -o crypto/pem/pem_info.o /builddir/build/BUILD/shim-16.1/Cryptlib/OpenSSL/crypto/pem/pem_info.c
DEBUG util.py:461:  gcc -std=gnu11 -ggdb -gdwarf-4 -gstrict-dwarf -ffreestanding -fmacro-prefix-map=/builddir/build/BUILD/shim-16.1/= -fno-stack-protector -fno-strict-aliasing -fpic -fshort-wchar -nostdinc -Os -Wall -Wextra -Wno-missing-field-initializers -Wno-empty-body -Wno-implicit-fallthrough -Wno-old-style-declaration -Wno-unused-but-set-variable -Wno-unused-parameter -Werror -Wno-error=unused-but-set-variable -Wno-error=unused-parameter -I/builddir/build/BUILD/shim-16.1/Cryptlib/OpenSSL -I/builddir/build/BUILD/shim-16.1/Cryptlib -I/builddir/build/BUILD/shim-16.1/Cryptlib/OpenSSL/Include/ -I/builddir/build/BUILD/shim-16.1/Cryptlib/OpenSSL/crypto -I/builddir/build/BUILD/shim-16.1/Cryptlib/Include -I/builddir/build/BUILD/shim-16.1/gnu-efi/inc -I/builddir/build/BUILD/shim-16.1/gnu-efi/inc/aarch64 -I/builddir/build/BUILD/shim-16.1/gnu-efi/inc/protocol -I/builddir/build/BUILD/shim-16.1/Cryptlib/OpenSSL/crypto/asn1 -I/builddir/build/BUILD/shim-16.1/Cryptlib/OpenSSL/crypto/evp -I/builddir/build/BUILD/shim-16.1/Cryptlib/OpenSSL/crypto/modes -I/builddir/build/BUILD/shim-16.1/Cryptlib/OpenSSL/crypto/include -isystem /builddir/build/BUILD/shim-16.1/include/system -isystem /usr/lib/gcc/aarch64-redhat-linux/11/include -DL_ENDIAN -D_CRT_SECURE_NO_DEPRECATE -D_CRT_NONSTDC_NO_DEPRECATE -DOPENSSL_SMALL_FOOTPRINT -DPEDANTIC -DMDE_CPU_AARCH64   -c -o crypto/pem/pem_lib.o /builddir/build/BUILD/shim-16.1/Cryptlib/OpenSSL/crypto/pem/pem_lib.c
DEBUG util.py:461:  gcc -std=gnu11 -ggdb -gdwarf-4 -gstrict-dwarf -ffreestanding -fmacro-prefix-map=/builddir/build/BUILD/shim-16.1/= -fno-stack-protector -fno-strict-aliasing -fpic -fshort-wchar -nostdinc -Os -Wall -Wextra -Wno-missing-field-initializers -Wno-empty-body -Wno-implicit-fallthrough -Wno-old-style-declaration -Wno-unused-but-set-variable -Wno-unused-parameter -Werror -Wno-error=unused-but-set-variable -Wno-error=unused-parameter -I/builddir/build/BUILD/shim-16.1/Cryptlib/OpenSSL -I/builddir/build/BUILD/shim-16.1/Cryptlib -I/builddir/build/BUILD/shim-16.1/Cryptlib/OpenSSL/Include/ -I/builddir/build/BUILD/shim-16.1/Cryptlib/OpenSSL/crypto -I/builddir/build/BUILD/shim-16.1/Cryptlib/Include -I/builddir/build/BUILD/shim-16.1/gnu-efi/inc -I/builddir/build/BUILD/shim-16.1/gnu-efi/inc/aarch64 -I/builddir/build/BUILD/shim-16.1/gnu-efi/inc/protocol -I/builddir/build/BUILD/shim-16.1/Cryptlib/OpenSSL/crypto/asn1 -I/builddir/build/BUILD/shim-16.1/Cryptlib/OpenSSL/crypto/evp -I/builddir/build/BUILD/shim-16.1/Cryptlib/OpenSSL/crypto/modes -I/builddir/build/BUILD/shim-16.1/Cryptlib/OpenSSL/crypto/include -isystem /builddir/build/BUILD/shim-16.1/include/system -isystem /usr/lib/gcc/aarch64-redhat-linux/11/include -DL_ENDIAN -D_CRT_SECURE_NO_DEPRECATE -D_CRT_NONSTDC_NO_DEPRECATE -DOPENSSL_SMALL_FOOTPRINT -DPEDANTIC -DMDE_CPU_AARCH64   -c -o crypto/pem/pem_all.o /builddir/build/BUILD/shim-16.1/Cryptlib/OpenSSL/crypto/pem/pem_all.c
DEBUG util.py:461:  gcc -std=gnu11 -ggdb -gdwarf-4 -gstrict-dwarf -ffreestanding -fmacro-prefix-map=/builddir/build/BUILD/shim-16.1/= -fno-stack-protector -fno-strict-aliasing -fpic -fshort-wchar -nostdinc -Os -Wall -Wextra -Wno-missing-field-initializers -Wno-empty-body -Wno-implicit-fallthrough -Wno-old-style-declaration -Wno-unused-but-set-variable -Wno-unused-parameter -Werror -Wno-error=unused-but-set-variable -Wno-error=unused-parameter -I/builddir/build/BUILD/shim-16.1/Cryptlib/OpenSSL -I/builddir/build/BUILD/shim-16.1/Cryptlib -I/builddir/build/BUILD/shim-16.1/Cryptlib/OpenSSL/Include/ -I/builddir/build/BUILD/shim-16.1/Cryptlib/OpenSSL/crypto -I/builddir/build/BUILD/shim-16.1/Cryptlib/Include -I/builddir/build/BUILD/shim-16.1/gnu-efi/inc -I/builddir/build/BUILD/shim-16.1/gnu-efi/inc/aarch64 -I/builddir/build/BUILD/shim-16.1/gnu-efi/inc/protocol -I/builddir/build/BUILD/shim-16.1/Cryptlib/OpenSSL/crypto/asn1 -I/builddir/build/BUILD/shim-16.1/Cryptlib/OpenSSL/crypto/evp -I/builddir/build/BUILD/shim-16.1/Cryptlib/OpenSSL/crypto/modes -I/builddir/build/BUILD/shim-16.1/Cryptlib/OpenSSL/crypto/include -isystem /builddir/build/BUILD/shim-16.1/include/system -isystem /usr/lib/gcc/aarch64-redhat-linux/11/include -DL_ENDIAN -D_CRT_SECURE_NO_DEPRECATE -D_CRT_NONSTDC_NO_DEPRECATE -DOPENSSL_SMALL_FOOTPRINT -DPEDANTIC -DMDE_CPU_AARCH64   -c -o crypto/pem/pem_err.o /builddir/build/BUILD/shim-16.1/Cryptlib/OpenSSL/crypto/pem/pem_err.c
DEBUG util.py:461:  gcc -std=gnu11 -ggdb -gdwarf-4 -gstrict-dwarf -ffreestanding -fmacro-prefix-map=/builddir/build/BUILD/shim-16.1/= -fno-stack-protector -fno-strict-aliasing -fpic -fshort-wchar -nostdinc -Os -Wall -Wextra -Wno-missing-field-initializers -Wno-empty-body -Wno-implicit-fallthrough -Wno-old-style-declaration -Wno-unused-but-set-variable -Wno-unused-parameter -Werror -Wno-error=unused-but-set-variable -Wno-error=unused-parameter -I/builddir/build/BUILD/shim-16.1/Cryptlib/OpenSSL -I/builddir/build/BUILD/shim-16.1/Cryptlib -I/builddir/build/BUILD/shim-16.1/Cryptlib/OpenSSL/Include/ -I/builddir/build/BUILD/shim-16.1/Cryptlib/OpenSSL/crypto -I/builddir/build/BUILD/shim-16.1/Cryptlib/Include -I/builddir/build/BUILD/shim-16.1/gnu-efi/inc -I/builddir/build/BUILD/shim-16.1/gnu-efi/inc/aarch64 -I/builddir/build/BUILD/shim-16.1/gnu-efi/inc/protocol -I/builddir/build/BUILD/shim-16.1/Cryptlib/OpenSSL/crypto/asn1 -I/builddir/build/BUILD/shim-16.1/Cryptlib/OpenSSL/crypto/evp -I/builddir/build/BUILD/shim-16.1/Cryptlib/OpenSSL/crypto/modes -I/builddir/build/BUILD/shim-16.1/Cryptlib/OpenSSL/crypto/include -isystem /builddir/build/BUILD/shim-16.1/include/system -isystem /usr/lib/gcc/aarch64-redhat-linux/11/include -DL_ENDIAN -D_CRT_SECURE_NO_DEPRECATE -D_CRT_NONSTDC_NO_DEPRECATE -DOPENSSL_SMALL_FOOTPRINT -DPEDANTIC -DMDE_CPU_AARCH64   -c -o crypto/pem/pem_x509.o /builddir/build/BUILD/shim-16.1/Cryptlib/OpenSSL/crypto/pem/pem_x509.c
DEBUG util.py:461:  gcc -std=gnu11 -ggdb -gdwarf-4 -gstrict-dwarf -ffreestanding -fmacro-prefix-map=/builddir/build/BUILD/shim-16.1/= -fno-stack-protector -fno-strict-aliasing -fpic -fshort-wchar -nostdinc -Os -Wall -Wextra -Wno-missing-field-initializers -Wno-empty-body -Wno-implicit-fallthrough -Wno-old-style-declaration -Wno-unused-but-set-variable -Wno-unused-parameter -Werror -Wno-error=unused-but-set-variable -Wno-error=unused-parameter -I/builddir/build/BUILD/shim-16.1/Cryptlib/OpenSSL -I/builddir/build/BUILD/shim-16.1/Cryptlib -I/builddir/build/BUILD/shim-16.1/Cryptlib/OpenSSL/Include/ -I/builddir/build/BUILD/shim-16.1/Cryptlib/OpenSSL/crypto -I/builddir/build/BUILD/shim-16.1/Cryptlib/Include -I/builddir/build/BUILD/shim-16.1/gnu-efi/inc -I/builddir/build/BUILD/shim-16.1/gnu-efi/inc/aarch64 -I/builddir/build/BUILD/shim-16.1/gnu-efi/inc/protocol -I/builddir/build/BUILD/shim-16.1/Cryptlib/OpenSSL/crypto/asn1 -I/builddir/build/BUILD/shim-16.1/Cryptlib/OpenSSL/crypto/evp -I/builddir/build/BUILD/shim-16.1/Cryptlib/OpenSSL/crypto/modes -I/builddir/build/BUILD/shim-16.1/Cryptlib/OpenSSL/crypto/include -isystem /builddir/build/BUILD/shim-16.1/include/system -isystem /usr/lib/gcc/aarch64-redhat-linux/11/include -DL_ENDIAN -D_CRT_SECURE_NO_DEPRECATE -D_CRT_NONSTDC_NO_DEPRECATE -DOPENSSL_SMALL_FOOTPRINT -DPEDANTIC -DMDE_CPU_AARCH64   -c -o crypto/pem/pem_xaux.o /builddir/build/BUILD/shim-16.1/Cryptlib/OpenSSL/crypto/pem/pem_xaux.c
DEBUG util.py:461:  gcc -std=gnu11 -ggdb -gdwarf-4 -gstrict-dwarf -ffreestanding -fmacro-prefix-map=/builddir/build/BUILD/shim-16.1/= -fno-stack-protector -fno-strict-aliasing -fpic -fshort-wchar -nostdinc -Os -Wall -Wextra -Wno-missing-field-initializers -Wno-empty-body -Wno-implicit-fallthrough -Wno-old-style-declaration -Wno-unused-but-set-variable -Wno-unused-parameter -Werror -Wno-error=unused-but-set-variable -Wno-error=unused-parameter -I/builddir/build/BUILD/shim-16.1/Cryptlib/OpenSSL -I/builddir/build/BUILD/shim-16.1/Cryptlib -I/builddir/build/BUILD/shim-16.1/Cryptlib/OpenSSL/Include/ -I/builddir/build/BUILD/shim-16.1/Cryptlib/OpenSSL/crypto -I/builddir/build/BUILD/shim-16.1/Cryptlib/Include -I/builddir/build/BUILD/shim-16.1/gnu-efi/inc -I/builddir/build/BUILD/shim-16.1/gnu-efi/inc/aarch64 -I/builddir/build/BUILD/shim-16.1/gnu-efi/inc/protocol -I/builddir/build/BUILD/shim-16.1/Cryptlib/OpenSSL/crypto/asn1 -I/builddir/build/BUILD/shim-16.1/Cryptlib/OpenSSL/crypto/evp -I/builddir/build/BUILD/shim-16.1/Cryptlib/OpenSSL/crypto/modes -I/builddir/build/BUILD/shim-16.1/Cryptlib/OpenSSL/crypto/include -isystem /builddir/build/BUILD/shim-16.1/include/system -isystem /usr/lib/gcc/aarch64-redhat-linux/11/include -DL_ENDIAN -D_CRT_SECURE_NO_DEPRECATE -D_CRT_NONSTDC_NO_DEPRECATE -DOPENSSL_SMALL_FOOTPRINT -DPEDANTIC -DMDE_CPU_AARCH64   -c -o crypto/pem/pem_oth.o /builddir/build/BUILD/shim-16.1/Cryptlib/OpenSSL/crypto/pem/pem_oth.c
DEBUG util.py:461:  gcc -std=gnu11 -ggdb -gdwarf-4 -gstrict-dwarf -ffreestanding -fmacro-prefix-map=/builddir/build/BUILD/shim-16.1/= -fno-stack-protector -fno-strict-aliasing -fpic -fshort-wchar -nostdinc -Os -Wall -Wextra -Wno-missing-field-initializers -Wno-empty-body -Wno-implicit-fallthrough -Wno-old-style-declaration -Wno-unused-but-set-variable -Wno-unused-parameter -Werror -Wno-error=unused-but-set-variable -Wno-error=unused-parameter -I/builddir/build/BUILD/shim-16.1/Cryptlib/OpenSSL -I/builddir/build/BUILD/shim-16.1/Cryptlib -I/builddir/build/BUILD/shim-16.1/Cryptlib/OpenSSL/Include/ -I/builddir/build/BUILD/shim-16.1/Cryptlib/OpenSSL/crypto -I/builddir/build/BUILD/shim-16.1/Cryptlib/Include -I/builddir/build/BUILD/shim-16.1/gnu-efi/inc -I/builddir/build/BUILD/shim-16.1/gnu-efi/inc/aarch64 -I/builddir/build/BUILD/shim-16.1/gnu-efi/inc/protocol -I/builddir/build/BUILD/shim-16.1/Cryptlib/OpenSSL/crypto/asn1 -I/builddir/build/BUILD/shim-16.1/Cryptlib/OpenSSL/crypto/evp -I/builddir/build/BUILD/shim-16.1/Cryptlib/OpenSSL/crypto/modes -I/builddir/build/BUILD/shim-16.1/Cryptlib/OpenSSL/crypto/include -isystem /builddir/build/BUILD/shim-16.1/include/system -isystem /usr/lib/gcc/aarch64-redhat-linux/11/include -DL_ENDIAN -D_CRT_SECURE_NO_DEPRECATE -D_CRT_NONSTDC_NO_DEPRECATE -DOPENSSL_SMALL_FOOTPRINT -DPEDANTIC -DMDE_CPU_AARCH64   -c -o crypto/pem/pem_pk8.o /builddir/build/BUILD/shim-16.1/Cryptlib/OpenSSL/crypto/pem/pem_pk8.c
DEBUG util.py:461:  gcc -std=gnu11 -ggdb -gdwarf-4 -gstrict-dwarf -ffreestanding -fmacro-prefix-map=/builddir/build/BUILD/shim-16.1/= -fno-stack-protector -fno-strict-aliasing -fpic -fshort-wchar -nostdinc -Os -Wall -Wextra -Wno-missing-field-initializers -Wno-empty-body -Wno-implicit-fallthrough -Wno-old-style-declaration -Wno-unused-but-set-variable -Wno-unused-parameter -Werror -Wno-error=unused-but-set-variable -Wno-error=unused-parameter -I/builddir/build/BUILD/shim-16.1/Cryptlib/OpenSSL -I/builddir/build/BUILD/shim-16.1/Cryptlib -I/builddir/build/BUILD/shim-16.1/Cryptlib/OpenSSL/Include/ -I/builddir/build/BUILD/shim-16.1/Cryptlib/OpenSSL/crypto -I/builddir/build/BUILD/shim-16.1/Cryptlib/Include -I/builddir/build/BUILD/shim-16.1/gnu-efi/inc -I/builddir/build/BUILD/shim-16.1/gnu-efi/inc/aarch64 -I/builddir/build/BUILD/shim-16.1/gnu-efi/inc/protocol -I/builddir/build/BUILD/shim-16.1/Cryptlib/OpenSSL/crypto/asn1 -I/builddir/build/BUILD/shim-16.1/Cryptlib/OpenSSL/crypto/evp -I/builddir/build/BUILD/shim-16.1/Cryptlib/OpenSSL/crypto/modes -I/builddir/build/BUILD/shim-16.1/Cryptlib/OpenSSL/crypto/include -isystem /builddir/build/BUILD/shim-16.1/include/system -isystem /usr/lib/gcc/aarch64-redhat-linux/11/include -DL_ENDIAN -D_CRT_SECURE_NO_DEPRECATE -D_CRT_NONSTDC_NO_DEPRECATE -DOPENSSL_SMALL_FOOTPRINT -DPEDANTIC -DMDE_CPU_AARCH64   -c -o crypto/pem/pem_pkey.o /builddir/build/BUILD/shim-16.1/Cryptlib/OpenSSL/crypto/pem/pem_pkey.c
DEBUG util.py:461:  gcc -std=gnu11 -ggdb -gdwarf-4 -gstrict-dwarf -ffreestanding -fmacro-prefix-map=/builddir/build/BUILD/shim-16.1/= -fno-stack-protector -fno-strict-aliasing -fpic -fshort-wchar -nostdinc -Os -Wall -Wextra -Wno-missing-field-initializers -Wno-empty-body -Wno-implicit-fallthrough -Wno-old-style-declaration -Wno-unused-but-set-variable -Wno-unused-parameter -Werror -Wno-error=unused-but-set-variable -Wno-error=unused-parameter -I/builddir/build/BUILD/shim-16.1/Cryptlib/OpenSSL -I/builddir/build/BUILD/shim-16.1/Cryptlib -I/builddir/build/BUILD/shim-16.1/Cryptlib/OpenSSL/Include/ -I/builddir/build/BUILD/shim-16.1/Cryptlib/OpenSSL/crypto -I/builddir/build/BUILD/shim-16.1/Cryptlib/Include -I/builddir/build/BUILD/shim-16.1/gnu-efi/inc -I/builddir/build/BUILD/shim-16.1/gnu-efi/inc/aarch64 -I/builddir/build/BUILD/shim-16.1/gnu-efi/inc/protocol -I/builddir/build/BUILD/shim-16.1/Cryptlib/OpenSSL/crypto/asn1 -I/builddir/build/BUILD/shim-16.1/Cryptlib/OpenSSL/crypto/evp -I/builddir/build/BUILD/shim-16.1/Cryptlib/OpenSSL/crypto/modes -I/builddir/build/BUILD/shim-16.1/Cryptlib/OpenSSL/crypto/include -isystem /builddir/build/BUILD/shim-16.1/include/system -isystem /usr/lib/gcc/aarch64-redhat-linux/11/include -DL_ENDIAN -D_CRT_SECURE_NO_DEPRECATE -D_CRT_NONSTDC_NO_DEPRECATE -DOPENSSL_SMALL_FOOTPRINT -DPEDANTIC -DMDE_CPU_AARCH64   -c -o crypto/pem/pvkfmt.o /builddir/build/BUILD/shim-16.1/Cryptlib/OpenSSL/crypto/pem/pvkfmt.c
DEBUG util.py:461:  gcc -std=gnu11 -ggdb -gdwarf-4 -gstrict-dwarf -ffreestanding -fmacro-prefix-map=/builddir/build/BUILD/shim-16.1/= -fno-stack-protector -fno-strict-aliasing -fpic -fshort-wchar -nostdinc -Os -Wall -Wextra -Wno-missing-field-initializers -Wno-empty-body -Wno-implicit-fallthrough -Wno-old-style-declaration -Wno-unused-but-set-variable -Wno-unused-parameter -Werror -Wno-error=unused-but-set-variable -Wno-error=unused-parameter -I/builddir/build/BUILD/shim-16.1/Cryptlib/OpenSSL -I/builddir/build/BUILD/shim-16.1/Cryptlib -I/builddir/build/BUILD/shim-16.1/Cryptlib/OpenSSL/Include/ -I/builddir/build/BUILD/shim-16.1/Cryptlib/OpenSSL/crypto -I/builddir/build/BUILD/shim-16.1/Cryptlib/Include -I/builddir/build/BUILD/shim-16.1/gnu-efi/inc -I/builddir/build/BUILD/shim-16.1/gnu-efi/inc/aarch64 -I/builddir/build/BUILD/shim-16.1/gnu-efi/inc/protocol -I/builddir/build/BUILD/shim-16.1/Cryptlib/OpenSSL/crypto/asn1 -I/builddir/build/BUILD/shim-16.1/Cryptlib/OpenSSL/crypto/evp -I/builddir/build/BUILD/shim-16.1/Cryptlib/OpenSSL/crypto/modes -I/builddir/build/BUILD/shim-16.1/Cryptlib/OpenSSL/crypto/include -isystem /builddir/build/BUILD/shim-16.1/include/system -isystem /usr/lib/gcc/aarch64-redhat-linux/11/include -DL_ENDIAN -D_CRT_SECURE_NO_DEPRECATE -D_CRT_NONSTDC_NO_DEPRECATE -DOPENSSL_SMALL_FOOTPRINT -DPEDANTIC -DMDE_CPU_AARCH64   -c -o crypto/x509/x509_def.o /builddir/build/BUILD/shim-16.1/Cryptlib/OpenSSL/crypto/x509/x509_def.c
DEBUG util.py:461:  gcc -std=gnu11 -ggdb -gdwarf-4 -gstrict-dwarf -ffreestanding -fmacro-prefix-map=/builddir/build/BUILD/shim-16.1/= -fno-stack-protector -fno-strict-aliasing -fpic -fshort-wchar -nostdinc -Os -Wall -Wextra -Wno-missing-field-initializers -Wno-empty-body -Wno-implicit-fallthrough -Wno-old-style-declaration -Wno-unused-but-set-variable -Wno-unused-parameter -Werror -Wno-error=unused-but-set-variable -Wno-error=unused-parameter -I/builddir/build/BUILD/shim-16.1/Cryptlib/OpenSSL -I/builddir/build/BUILD/shim-16.1/Cryptlib -I/builddir/build/BUILD/shim-16.1/Cryptlib/OpenSSL/Include/ -I/builddir/build/BUILD/shim-16.1/Cryptlib/OpenSSL/crypto -I/builddir/build/BUILD/shim-16.1/Cryptlib/Include -I/builddir/build/BUILD/shim-16.1/gnu-efi/inc -I/builddir/build/BUILD/shim-16.1/gnu-efi/inc/aarch64 -I/builddir/build/BUILD/shim-16.1/gnu-efi/inc/protocol -I/builddir/build/BUILD/shim-16.1/Cryptlib/OpenSSL/crypto/asn1 -I/builddir/build/BUILD/shim-16.1/Cryptlib/OpenSSL/crypto/evp -I/builddir/build/BUILD/shim-16.1/Cryptlib/OpenSSL/crypto/modes -I/builddir/build/BUILD/shim-16.1/Cryptlib/OpenSSL/crypto/include -isystem /builddir/build/BUILD/shim-16.1/include/system -isystem /usr/lib/gcc/aarch64-redhat-linux/11/include -DL_ENDIAN -D_CRT_SECURE_NO_DEPRECATE -D_CRT_NONSTDC_NO_DEPRECATE -DOPENSSL_SMALL_FOOTPRINT -DPEDANTIC -DMDE_CPU_AARCH64   -c -o crypto/x509/x509_d2.o /builddir/build/BUILD/shim-16.1/Cryptlib/OpenSSL/crypto/x509/x509_d2.c
DEBUG util.py:461:  gcc -std=gnu11 -ggdb -gdwarf-4 -gstrict-dwarf -ffreestanding -fmacro-prefix-map=/builddir/build/BUILD/shim-16.1/= -fno-stack-protector -fno-strict-aliasing -fpic -fshort-wchar -nostdinc -Os -Wall -Wextra -Wno-missing-field-initializers -Wno-empty-body -Wno-implicit-fallthrough -Wno-old-style-declaration -Wno-unused-but-set-variable -Wno-unused-parameter -Werror -Wno-error=unused-but-set-variable -Wno-error=unused-parameter -I/builddir/build/BUILD/shim-16.1/Cryptlib/OpenSSL -I/builddir/build/BUILD/shim-16.1/Cryptlib -I/builddir/build/BUILD/shim-16.1/Cryptlib/OpenSSL/Include/ -I/builddir/build/BUILD/shim-16.1/Cryptlib/OpenSSL/crypto -I/builddir/build/BUILD/shim-16.1/Cryptlib/Include -I/builddir/build/BUILD/shim-16.1/gnu-efi/inc -I/builddir/build/BUILD/shim-16.1/gnu-efi/inc/aarch64 -I/builddir/build/BUILD/shim-16.1/gnu-efi/inc/protocol -I/builddir/build/BUILD/shim-16.1/Cryptlib/OpenSSL/crypto/asn1 -I/builddir/build/BUILD/shim-16.1/Cryptlib/OpenSSL/crypto/evp -I/builddir/build/BUILD/shim-16.1/Cryptlib/OpenSSL/crypto/modes -I/builddir/build/BUILD/shim-16.1/Cryptlib/OpenSSL/crypto/include -isystem /builddir/build/BUILD/shim-16.1/include/system -isystem /usr/lib/gcc/aarch64-redhat-linux/11/include -DL_ENDIAN -D_CRT_SECURE_NO_DEPRECATE -D_CRT_NONSTDC_NO_DEPRECATE -DOPENSSL_SMALL_FOOTPRINT -DPEDANTIC -DMDE_CPU_AARCH64   -c -o crypto/x509/x509_r2x.o /builddir/build/BUILD/shim-16.1/Cryptlib/OpenSSL/crypto/x509/x509_r2x.c
DEBUG util.py:461:  gcc -std=gnu11 -ggdb -gdwarf-4 -gstrict-dwarf -ffreestanding -fmacro-prefix-map=/builddir/build/BUILD/shim-16.1/= -fno-stack-protector -fno-strict-aliasing -fpic -fshort-wchar -nostdinc -Os -Wall -Wextra -Wno-missing-field-initializers -Wno-empty-body -Wno-implicit-fallthrough -Wno-old-style-declaration -Wno-unused-but-set-variable -Wno-unused-parameter -Werror -Wno-error=unused-but-set-variable -Wno-error=unused-parameter -I/builddir/build/BUILD/shim-16.1/Cryptlib/OpenSSL -I/builddir/build/BUILD/shim-16.1/Cryptlib -I/builddir/build/BUILD/shim-16.1/Cryptlib/OpenSSL/Include/ -I/builddir/build/BUILD/shim-16.1/Cryptlib/OpenSSL/crypto -I/builddir/build/BUILD/shim-16.1/Cryptlib/Include -I/builddir/build/BUILD/shim-16.1/gnu-efi/inc -I/builddir/build/BUILD/shim-16.1/gnu-efi/inc/aarch64 -I/builddir/build/BUILD/shim-16.1/gnu-efi/inc/protocol -I/builddir/build/BUILD/shim-16.1/Cryptlib/OpenSSL/crypto/asn1 -I/builddir/build/BUILD/shim-16.1/Cryptlib/OpenSSL/crypto/evp -I/builddir/build/BUILD/shim-16.1/Cryptlib/OpenSSL/crypto/modes -I/builddir/build/BUILD/shim-16.1/Cryptlib/OpenSSL/crypto/include -isystem /builddir/build/BUILD/shim-16.1/include/system -isystem /usr/lib/gcc/aarch64-redhat-linux/11/include -DL_ENDIAN -D_CRT_SECURE_NO_DEPRECATE -D_CRT_NONSTDC_NO_DEPRECATE -DOPENSSL_SMALL_FOOTPRINT -DPEDANTIC -DMDE_CPU_AARCH64   -c -o crypto/x509/x509_cmp.o /builddir/build/BUILD/shim-16.1/Cryptlib/OpenSSL/crypto/x509/x509_cmp.c
DEBUG util.py:461:  gcc -std=gnu11 -ggdb -gdwarf-4 -gstrict-dwarf -ffreestanding -fmacro-prefix-map=/builddir/build/BUILD/shim-16.1/= -fno-stack-protector -fno-strict-aliasing -fpic -fshort-wchar -nostdinc -Os -Wall -Wextra -Wno-missing-field-initializers -Wno-empty-body -Wno-implicit-fallthrough -Wno-old-style-declaration -Wno-unused-but-set-variable -Wno-unused-parameter -Werror -Wno-error=unused-but-set-variable -Wno-error=unused-parameter -I/builddir/build/BUILD/shim-16.1/Cryptlib/OpenSSL -I/builddir/build/BUILD/shim-16.1/Cryptlib -I/builddir/build/BUILD/shim-16.1/Cryptlib/OpenSSL/Include/ -I/builddir/build/BUILD/shim-16.1/Cryptlib/OpenSSL/crypto -I/builddir/build/BUILD/shim-16.1/Cryptlib/Include -I/builddir/build/BUILD/shim-16.1/gnu-efi/inc -I/builddir/build/BUILD/shim-16.1/gnu-efi/inc/aarch64 -I/builddir/build/BUILD/shim-16.1/gnu-efi/inc/protocol -I/builddir/build/BUILD/shim-16.1/Cryptlib/OpenSSL/crypto/asn1 -I/builddir/build/BUILD/shim-16.1/Cryptlib/OpenSSL/crypto/evp -I/builddir/build/BUILD/shim-16.1/Cryptlib/OpenSSL/crypto/modes -I/builddir/build/BUILD/shim-16.1/Cryptlib/OpenSSL/crypto/include -isystem /builddir/build/BUILD/shim-16.1/include/system -isystem /usr/lib/gcc/aarch64-redhat-linux/11/include -DL_ENDIAN -D_CRT_SECURE_NO_DEPRECATE -D_CRT_NONSTDC_NO_DEPRECATE -DOPENSSL_SMALL_FOOTPRINT -DPEDANTIC -DMDE_CPU_AARCH64   -c -o crypto/x509/x509_obj.o /builddir/build/BUILD/shim-16.1/Cryptlib/OpenSSL/crypto/x509/x509_obj.c
DEBUG util.py:461:  gcc -std=gnu11 -ggdb -gdwarf-4 -gstrict-dwarf -ffreestanding -fmacro-prefix-map=/builddir/build/BUILD/shim-16.1/= -fno-stack-protector -fno-strict-aliasing -fpic -fshort-wchar -nostdinc -Os -Wall -Wextra -Wno-missing-field-initializers -Wno-empty-body -Wno-implicit-fallthrough -Wno-old-style-declaration -Wno-unused-but-set-variable -Wno-unused-parameter -Werror -Wno-error=unused-but-set-variable -Wno-error=unused-parameter -I/builddir/build/BUILD/shim-16.1/Cryptlib/OpenSSL -I/builddir/build/BUILD/shim-16.1/Cryptlib -I/builddir/build/BUILD/shim-16.1/Cryptlib/OpenSSL/Include/ -I/builddir/build/BUILD/shim-16.1/Cryptlib/OpenSSL/crypto -I/builddir/build/BUILD/shim-16.1/Cryptlib/Include -I/builddir/build/BUILD/shim-16.1/gnu-efi/inc -I/builddir/build/BUILD/shim-16.1/gnu-efi/inc/aarch64 -I/builddir/build/BUILD/shim-16.1/gnu-efi/inc/protocol -I/builddir/build/BUILD/shim-16.1/Cryptlib/OpenSSL/crypto/asn1 -I/builddir/build/BUILD/shim-16.1/Cryptlib/OpenSSL/crypto/evp -I/builddir/build/BUILD/shim-16.1/Cryptlib/OpenSSL/crypto/modes -I/builddir/build/BUILD/shim-16.1/Cryptlib/OpenSSL/crypto/include -isystem /builddir/build/BUILD/shim-16.1/include/system -isystem /usr/lib/gcc/aarch64-redhat-linux/11/include -DL_ENDIAN -D_CRT_SECURE_NO_DEPRECATE -D_CRT_NONSTDC_NO_DEPRECATE -DOPENSSL_SMALL_FOOTPRINT -DPEDANTIC -DMDE_CPU_AARCH64   -c -o crypto/x509/x509_req.o /builddir/build/BUILD/shim-16.1/Cryptlib/OpenSSL/crypto/x509/x509_req.c
DEBUG util.py:461:  gcc -std=gnu11 -ggdb -gdwarf-4 -gstrict-dwarf -ffreestanding -fmacro-prefix-map=/builddir/build/BUILD/shim-16.1/= -fno-stack-protector -fno-strict-aliasing -fpic -fshort-wchar -nostdinc -Os -Wall -Wextra -Wno-missing-field-initializers -Wno-empty-body -Wno-implicit-fallthrough -Wno-old-style-declaration -Wno-unused-but-set-variable -Wno-unused-parameter -Werror -Wno-error=unused-but-set-variable -Wno-error=unused-parameter -I/builddir/build/BUILD/shim-16.1/Cryptlib/OpenSSL -I/builddir/build/BUILD/shim-16.1/Cryptlib -I/builddir/build/BUILD/shim-16.1/Cryptlib/OpenSSL/Include/ -I/builddir/build/BUILD/shim-16.1/Cryptlib/OpenSSL/crypto -I/builddir/build/BUILD/shim-16.1/Cryptlib/Include -I/builddir/build/BUILD/shim-16.1/gnu-efi/inc -I/builddir/build/BUILD/shim-16.1/gnu-efi/inc/aarch64 -I/builddir/build/BUILD/shim-16.1/gnu-efi/inc/protocol -I/builddir/build/BUILD/shim-16.1/Cryptlib/OpenSSL/crypto/asn1 -I/builddir/build/BUILD/shim-16.1/Cryptlib/OpenSSL/crypto/evp -I/builddir/build/BUILD/shim-16.1/Cryptlib/OpenSSL/crypto/modes -I/builddir/build/BUILD/shim-16.1/Cryptlib/OpenSSL/crypto/include -isystem /builddir/build/BUILD/shim-16.1/include/system -isystem /usr/lib/gcc/aarch64-redhat-linux/11/include -DL_ENDIAN -D_CRT_SECURE_NO_DEPRECATE -D_CRT_NONSTDC_NO_DEPRECATE -DOPENSSL_SMALL_FOOTPRINT -DPEDANTIC -DMDE_CPU_AARCH64   -c -o crypto/x509/x509spki.o /builddir/build/BUILD/shim-16.1/Cryptlib/OpenSSL/crypto/x509/x509spki.c
DEBUG util.py:461:  gcc -std=gnu11 -ggdb -gdwarf-4 -gstrict-dwarf -ffreestanding -fmacro-prefix-map=/builddir/build/BUILD/shim-16.1/= -fno-stack-protector -fno-strict-aliasing -fpic -fshort-wchar -nostdinc -Os -Wall -Wextra -Wno-missing-field-initializers -Wno-empty-body -Wno-implicit-fallthrough -Wno-old-style-declaration -Wno-unused-but-set-variable -Wno-unused-parameter -Werror -Wno-error=unused-but-set-variable -Wno-error=unused-parameter -I/builddir/build/BUILD/shim-16.1/Cryptlib/OpenSSL -I/builddir/build/BUILD/shim-16.1/Cryptlib -I/builddir/build/BUILD/shim-16.1/Cryptlib/OpenSSL/Include/ -I/builddir/build/BUILD/shim-16.1/Cryptlib/OpenSSL/crypto -I/builddir/build/BUILD/shim-16.1/Cryptlib/Include -I/builddir/build/BUILD/shim-16.1/gnu-efi/inc -I/builddir/build/BUILD/shim-16.1/gnu-efi/inc/aarch64 -I/builddir/build/BUILD/shim-16.1/gnu-efi/inc/protocol -I/builddir/build/BUILD/shim-16.1/Cryptlib/OpenSSL/crypto/asn1 -I/builddir/build/BUILD/shim-16.1/Cryptlib/OpenSSL/crypto/evp -I/builddir/build/BUILD/shim-16.1/Cryptlib/OpenSSL/crypto/modes -I/builddir/build/BUILD/shim-16.1/Cryptlib/OpenSSL/crypto/include -isystem /builddir/build/BUILD/shim-16.1/include/system -isystem /usr/lib/gcc/aarch64-redhat-linux/11/include -DL_ENDIAN -D_CRT_SECURE_NO_DEPRECATE -D_CRT_NONSTDC_NO_DEPRECATE -DOPENSSL_SMALL_FOOTPRINT -DPEDANTIC -DMDE_CPU_AARCH64   -c -o crypto/x509/x509_vfy.o /builddir/build/BUILD/shim-16.1/Cryptlib/OpenSSL/crypto/x509/x509_vfy.c
DEBUG util.py:461:  gcc -std=gnu11 -ggdb -gdwarf-4 -gstrict-dwarf -ffreestanding -fmacro-prefix-map=/builddir/build/BUILD/shim-16.1/= -fno-stack-protector -fno-strict-aliasing -fpic -fshort-wchar -nostdinc -Os -Wall -Wextra -Wno-missing-field-initializers -Wno-empty-body -Wno-implicit-fallthrough -Wno-old-style-declaration -Wno-unused-but-set-variable -Wno-unused-parameter -Werror -Wno-error=unused-but-set-variable -Wno-error=unused-parameter -I/builddir/build/BUILD/shim-16.1/Cryptlib/OpenSSL -I/builddir/build/BUILD/shim-16.1/Cryptlib -I/builddir/build/BUILD/shim-16.1/Cryptlib/OpenSSL/Include/ -I/builddir/build/BUILD/shim-16.1/Cryptlib/OpenSSL/crypto -I/builddir/build/BUILD/shim-16.1/Cryptlib/Include -I/builddir/build/BUILD/shim-16.1/gnu-efi/inc -I/builddir/build/BUILD/shim-16.1/gnu-efi/inc/aarch64 -I/builddir/build/BUILD/shim-16.1/gnu-efi/inc/protocol -I/builddir/build/BUILD/shim-16.1/Cryptlib/OpenSSL/crypto/asn1 -I/builddir/build/BUILD/shim-16.1/Cryptlib/OpenSSL/crypto/evp -I/builddir/build/BUILD/shim-16.1/Cryptlib/OpenSSL/crypto/modes -I/builddir/build/BUILD/shim-16.1/Cryptlib/OpenSSL/crypto/include -isystem /builddir/build/BUILD/shim-16.1/include/system -isystem /usr/lib/gcc/aarch64-redhat-linux/11/include -DL_ENDIAN -D_CRT_SECURE_NO_DEPRECATE -D_CRT_NONSTDC_NO_DEPRECATE -DOPENSSL_SMALL_FOOTPRINT -DPEDANTIC -DMDE_CPU_AARCH64   -c -o crypto/x509/x509_set.o /builddir/build/BUILD/shim-16.1/Cryptlib/OpenSSL/crypto/x509/x509_set.c
DEBUG util.py:461:  gcc -std=gnu11 -ggdb -gdwarf-4 -gstrict-dwarf -ffreestanding -fmacro-prefix-map=/builddir/build/BUILD/shim-16.1/= -fno-stack-protector -fno-strict-aliasing -fpic -fshort-wchar -nostdinc -Os -Wall -Wextra -Wno-missing-field-initializers -Wno-empty-body -Wno-implicit-fallthrough -Wno-old-style-declaration -Wno-unused-but-set-variable -Wno-unused-parameter -Werror -Wno-error=unused-but-set-variable -Wno-error=unused-parameter -I/builddir/build/BUILD/shim-16.1/Cryptlib/OpenSSL -I/builddir/build/BUILD/shim-16.1/Cryptlib -I/builddir/build/BUILD/shim-16.1/Cryptlib/OpenSSL/Include/ -I/builddir/build/BUILD/shim-16.1/Cryptlib/OpenSSL/crypto -I/builddir/build/BUILD/shim-16.1/Cryptlib/Include -I/builddir/build/BUILD/shim-16.1/gnu-efi/inc -I/builddir/build/BUILD/shim-16.1/gnu-efi/inc/aarch64 -I/builddir/build/BUILD/shim-16.1/gnu-efi/inc/protocol -I/builddir/build/BUILD/shim-16.1/Cryptlib/OpenSSL/crypto/asn1 -I/builddir/build/BUILD/shim-16.1/Cryptlib/OpenSSL/crypto/evp -I/builddir/build/BUILD/shim-16.1/Cryptlib/OpenSSL/crypto/modes -I/builddir/build/BUILD/shim-16.1/Cryptlib/OpenSSL/crypto/include -isystem /builddir/build/BUILD/shim-16.1/include/system -isystem /usr/lib/gcc/aarch64-redhat-linux/11/include -DL_ENDIAN -D_CRT_SECURE_NO_DEPRECATE -D_CRT_NONSTDC_NO_DEPRECATE -DOPENSSL_SMALL_FOOTPRINT -DPEDANTIC -DMDE_CPU_AARCH64   -c -o crypto/x509/x509cset.o /builddir/build/BUILD/shim-16.1/Cryptlib/OpenSSL/crypto/x509/x509cset.c
DEBUG util.py:461:  gcc -std=gnu11 -ggdb -gdwarf-4 -gstrict-dwarf -ffreestanding -fmacro-prefix-map=/builddir/build/BUILD/shim-16.1/= -fno-stack-protector -fno-strict-aliasing -fpic -fshort-wchar -nostdinc -Os -Wall -Wextra -Wno-missing-field-initializers -Wno-empty-body -Wno-implicit-fallthrough -Wno-old-style-declaration -Wno-unused-but-set-variable -Wno-unused-parameter -Werror -Wno-error=unused-but-set-variable -Wno-error=unused-parameter -I/builddir/build/BUILD/shim-16.1/Cryptlib/OpenSSL -I/builddir/build/BUILD/shim-16.1/Cryptlib -I/builddir/build/BUILD/shim-16.1/Cryptlib/OpenSSL/Include/ -I/builddir/build/BUILD/shim-16.1/Cryptlib/OpenSSL/crypto -I/builddir/build/BUILD/shim-16.1/Cryptlib/Include -I/builddir/build/BUILD/shim-16.1/gnu-efi/inc -I/builddir/build/BUILD/shim-16.1/gnu-efi/inc/aarch64 -I/builddir/build/BUILD/shim-16.1/gnu-efi/inc/protocol -I/builddir/build/BUILD/shim-16.1/Cryptlib/OpenSSL/crypto/asn1 -I/builddir/build/BUILD/shim-16.1/Cryptlib/OpenSSL/crypto/evp -I/builddir/build/BUILD/shim-16.1/Cryptlib/OpenSSL/crypto/modes -I/builddir/build/BUILD/shim-16.1/Cryptlib/OpenSSL/crypto/include -isystem /builddir/build/BUILD/shim-16.1/include/system -isystem /usr/lib/gcc/aarch64-redhat-linux/11/include -DL_ENDIAN -D_CRT_SECURE_NO_DEPRECATE -D_CRT_NONSTDC_NO_DEPRECATE -DOPENSSL_SMALL_FOOTPRINT -DPEDANTIC -DMDE_CPU_AARCH64   -c -o crypto/x509/x509rset.o /builddir/build/BUILD/shim-16.1/Cryptlib/OpenSSL/crypto/x509/x509rset.c
DEBUG util.py:461:  gcc -std=gnu11 -ggdb -gdwarf-4 -gstrict-dwarf -ffreestanding -fmacro-prefix-map=/builddir/build/BUILD/shim-16.1/= -fno-stack-protector -fno-strict-aliasing -fpic -fshort-wchar -nostdinc -Os -Wall -Wextra -Wno-missing-field-initializers -Wno-empty-body -Wno-implicit-fallthrough -Wno-old-style-declaration -Wno-unused-but-set-variable -Wno-unused-parameter -Werror -Wno-error=unused-but-set-variable -Wno-error=unused-parameter -I/builddir/build/BUILD/shim-16.1/Cryptlib/OpenSSL -I/builddir/build/BUILD/shim-16.1/Cryptlib -I/builddir/build/BUILD/shim-16.1/Cryptlib/OpenSSL/Include/ -I/builddir/build/BUILD/shim-16.1/Cryptlib/OpenSSL/crypto -I/builddir/build/BUILD/shim-16.1/Cryptlib/Include -I/builddir/build/BUILD/shim-16.1/gnu-efi/inc -I/builddir/build/BUILD/shim-16.1/gnu-efi/inc/aarch64 -I/builddir/build/BUILD/shim-16.1/gnu-efi/inc/protocol -I/builddir/build/BUILD/shim-16.1/Cryptlib/OpenSSL/crypto/asn1 -I/builddir/build/BUILD/shim-16.1/Cryptlib/OpenSSL/crypto/evp -I/builddir/build/BUILD/shim-16.1/Cryptlib/OpenSSL/crypto/modes -I/builddir/build/BUILD/shim-16.1/Cryptlib/OpenSSL/crypto/include -isystem /builddir/build/BUILD/shim-16.1/include/system -isystem /usr/lib/gcc/aarch64-redhat-linux/11/include -DL_ENDIAN -D_CRT_SECURE_NO_DEPRECATE -D_CRT_NONSTDC_NO_DEPRECATE -DOPENSSL_SMALL_FOOTPRINT -DPEDANTIC -DMDE_CPU_AARCH64   -c -o crypto/x509/x509_err.o /builddir/build/BUILD/shim-16.1/Cryptlib/OpenSSL/crypto/x509/x509_err.c
DEBUG util.py:461:  gcc -std=gnu11 -ggdb -gdwarf-4 -gstrict-dwarf -ffreestanding -fmacro-prefix-map=/builddir/build/BUILD/shim-16.1/= -fno-stack-protector -fno-strict-aliasing -fpic -fshort-wchar -nostdinc -Os -Wall -Wextra -Wno-missing-field-initializers -Wno-empty-body -Wno-implicit-fallthrough -Wno-old-style-declaration -Wno-unused-but-set-variable -Wno-unused-parameter -Werror -Wno-error=unused-but-set-variable -Wno-error=unused-parameter -I/builddir/build/BUILD/shim-16.1/Cryptlib/OpenSSL -I/builddir/build/BUILD/shim-16.1/Cryptlib -I/builddir/build/BUILD/shim-16.1/Cryptlib/OpenSSL/Include/ -I/builddir/build/BUILD/shim-16.1/Cryptlib/OpenSSL/crypto -I/builddir/build/BUILD/shim-16.1/Cryptlib/Include -I/builddir/build/BUILD/shim-16.1/gnu-efi/inc -I/builddir/build/BUILD/shim-16.1/gnu-efi/inc/aarch64 -I/builddir/build/BUILD/shim-16.1/gnu-efi/inc/protocol -I/builddir/build/BUILD/shim-16.1/Cryptlib/OpenSSL/crypto/asn1 -I/builddir/build/BUILD/shim-16.1/Cryptlib/OpenSSL/crypto/evp -I/builddir/build/BUILD/shim-16.1/Cryptlib/OpenSSL/crypto/modes -I/builddir/build/BUILD/shim-16.1/Cryptlib/OpenSSL/crypto/include -isystem /builddir/build/BUILD/shim-16.1/include/system -isystem /usr/lib/gcc/aarch64-redhat-linux/11/include -DL_ENDIAN -D_CRT_SECURE_NO_DEPRECATE -D_CRT_NONSTDC_NO_DEPRECATE -DOPENSSL_SMALL_FOOTPRINT -DPEDANTIC -DMDE_CPU_AARCH64   -c -o crypto/x509/x509name.o /builddir/build/BUILD/shim-16.1/Cryptlib/OpenSSL/crypto/x509/x509name.c
DEBUG util.py:461:  gcc -std=gnu11 -ggdb -gdwarf-4 -gstrict-dwarf -ffreestanding -fmacro-prefix-map=/builddir/build/BUILD/shim-16.1/= -fno-stack-protector -fno-strict-aliasing -fpic -fshort-wchar -nostdinc -Os -Wall -Wextra -Wno-missing-field-initializers -Wno-empty-body -Wno-implicit-fallthrough -Wno-old-style-declaration -Wno-unused-but-set-variable -Wno-unused-parameter -Werror -Wno-error=unused-but-set-variable -Wno-error=unused-parameter -I/builddir/build/BUILD/shim-16.1/Cryptlib/OpenSSL -I/builddir/build/BUILD/shim-16.1/Cryptlib -I/builddir/build/BUILD/shim-16.1/Cryptlib/OpenSSL/Include/ -I/builddir/build/BUILD/shim-16.1/Cryptlib/OpenSSL/crypto -I/builddir/build/BUILD/shim-16.1/Cryptlib/Include -I/builddir/build/BUILD/shim-16.1/gnu-efi/inc -I/builddir/build/BUILD/shim-16.1/gnu-efi/inc/aarch64 -I/builddir/build/BUILD/shim-16.1/gnu-efi/inc/protocol -I/builddir/build/BUILD/shim-16.1/Cryptlib/OpenSSL/crypto/asn1 -I/builddir/build/BUILD/shim-16.1/Cryptlib/OpenSSL/crypto/evp -I/builddir/build/BUILD/shim-16.1/Cryptlib/OpenSSL/crypto/modes -I/builddir/build/BUILD/shim-16.1/Cryptlib/OpenSSL/crypto/include -isystem /builddir/build/BUILD/shim-16.1/include/system -isystem /usr/lib/gcc/aarch64-redhat-linux/11/include -DL_ENDIAN -D_CRT_SECURE_NO_DEPRECATE -D_CRT_NONSTDC_NO_DEPRECATE -DOPENSSL_SMALL_FOOTPRINT -DPEDANTIC -DMDE_CPU_AARCH64   -c -o crypto/x509/x509_v3.o /builddir/build/BUILD/shim-16.1/Cryptlib/OpenSSL/crypto/x509/x509_v3.c
DEBUG util.py:461:  gcc -std=gnu11 -ggdb -gdwarf-4 -gstrict-dwarf -ffreestanding -fmacro-prefix-map=/builddir/build/BUILD/shim-16.1/= -fno-stack-protector -fno-strict-aliasing -fpic -fshort-wchar -nostdinc -Os -Wall -Wextra -Wno-missing-field-initializers -Wno-empty-body -Wno-implicit-fallthrough -Wno-old-style-declaration -Wno-unused-but-set-variable -Wno-unused-parameter -Werror -Wno-error=unused-but-set-variable -Wno-error=unused-parameter -I/builddir/build/BUILD/shim-16.1/Cryptlib/OpenSSL -I/builddir/build/BUILD/shim-16.1/Cryptlib -I/builddir/build/BUILD/shim-16.1/Cryptlib/OpenSSL/Include/ -I/builddir/build/BUILD/shim-16.1/Cryptlib/OpenSSL/crypto -I/builddir/build/BUILD/shim-16.1/Cryptlib/Include -I/builddir/build/BUILD/shim-16.1/gnu-efi/inc -I/builddir/build/BUILD/shim-16.1/gnu-efi/inc/aarch64 -I/builddir/build/BUILD/shim-16.1/gnu-efi/inc/protocol -I/builddir/build/BUILD/shim-16.1/Cryptlib/OpenSSL/crypto/asn1 -I/builddir/build/BUILD/shim-16.1/Cryptlib/OpenSSL/crypto/evp -I/builddir/build/BUILD/shim-16.1/Cryptlib/OpenSSL/crypto/modes -I/builddir/build/BUILD/shim-16.1/Cryptlib/OpenSSL/crypto/include -isystem /builddir/build/BUILD/shim-16.1/include/system -isystem /usr/lib/gcc/aarch64-redhat-linux/11/include -DL_ENDIAN -D_CRT_SECURE_NO_DEPRECATE -D_CRT_NONSTDC_NO_DEPRECATE -DOPENSSL_SMALL_FOOTPRINT -DPEDANTIC -DMDE_CPU_AARCH64   -c -o crypto/x509/x509_ext.o /builddir/build/BUILD/shim-16.1/Cryptlib/OpenSSL/crypto/x509/x509_ext.c
DEBUG util.py:461:  gcc -std=gnu11 -ggdb -gdwarf-4 -gstrict-dwarf -ffreestanding -fmacro-prefix-map=/builddir/build/BUILD/shim-16.1/= -fno-stack-protector -fno-strict-aliasing -fpic -fshort-wchar -nostdinc -Os -Wall -Wextra -Wno-missing-field-initializers -Wno-empty-body -Wno-implicit-fallthrough -Wno-old-style-declaration -Wno-unused-but-set-variable -Wno-unused-parameter -Werror -Wno-error=unused-but-set-variable -Wno-error=unused-parameter -I/builddir/build/BUILD/shim-16.1/Cryptlib/OpenSSL -I/builddir/build/BUILD/shim-16.1/Cryptlib -I/builddir/build/BUILD/shim-16.1/Cryptlib/OpenSSL/Include/ -I/builddir/build/BUILD/shim-16.1/Cryptlib/OpenSSL/crypto -I/builddir/build/BUILD/shim-16.1/Cryptlib/Include -I/builddir/build/BUILD/shim-16.1/gnu-efi/inc -I/builddir/build/BUILD/shim-16.1/gnu-efi/inc/aarch64 -I/builddir/build/BUILD/shim-16.1/gnu-efi/inc/protocol -I/builddir/build/BUILD/shim-16.1/Cryptlib/OpenSSL/crypto/asn1 -I/builddir/build/BUILD/shim-16.1/Cryptlib/OpenSSL/crypto/evp -I/builddir/build/BUILD/shim-16.1/Cryptlib/OpenSSL/crypto/modes -I/builddir/build/BUILD/shim-16.1/Cryptlib/OpenSSL/crypto/include -isystem /builddir/build/BUILD/shim-16.1/include/system -isystem /usr/lib/gcc/aarch64-redhat-linux/11/include -DL_ENDIAN -D_CRT_SECURE_NO_DEPRECATE -D_CRT_NONSTDC_NO_DEPRECATE -DOPENSSL_SMALL_FOOTPRINT -DPEDANTIC -DMDE_CPU_AARCH64   -c -o crypto/x509/x509_att.o /builddir/build/BUILD/shim-16.1/Cryptlib/OpenSSL/crypto/x509/x509_att.c
DEBUG util.py:461:  gcc -std=gnu11 -ggdb -gdwarf-4 -gstrict-dwarf -ffreestanding -fmacro-prefix-map=/builddir/build/BUILD/shim-16.1/= -fno-stack-protector -fno-strict-aliasing -fpic -fshort-wchar -nostdinc -Os -Wall -Wextra -Wno-missing-field-initializers -Wno-empty-body -Wno-implicit-fallthrough -Wno-old-style-declaration -Wno-unused-but-set-variable -Wno-unused-parameter -Werror -Wno-error=unused-but-set-variable -Wno-error=unused-parameter -I/builddir/build/BUILD/shim-16.1/Cryptlib/OpenSSL -I/builddir/build/BUILD/shim-16.1/Cryptlib -I/builddir/build/BUILD/shim-16.1/Cryptlib/OpenSSL/Include/ -I/builddir/build/BUILD/shim-16.1/Cryptlib/OpenSSL/crypto -I/builddir/build/BUILD/shim-16.1/Cryptlib/Include -I/builddir/build/BUILD/shim-16.1/gnu-efi/inc -I/builddir/build/BUILD/shim-16.1/gnu-efi/inc/aarch64 -I/builddir/build/BUILD/shim-16.1/gnu-efi/inc/protocol -I/builddir/build/BUILD/shim-16.1/Cryptlib/OpenSSL/crypto/asn1 -I/builddir/build/BUILD/shim-16.1/Cryptlib/OpenSSL/crypto/evp -I/builddir/build/BUILD/shim-16.1/Cryptlib/OpenSSL/crypto/modes -I/builddir/build/BUILD/shim-16.1/Cryptlib/OpenSSL/crypto/include -isystem /builddir/build/BUILD/shim-16.1/include/system -isystem /usr/lib/gcc/aarch64-redhat-linux/11/include -DL_ENDIAN -D_CRT_SECURE_NO_DEPRECATE -D_CRT_NONSTDC_NO_DEPRECATE -DOPENSSL_SMALL_FOOTPRINT -DPEDANTIC -DMDE_CPU_AARCH64   -c -o crypto/x509/x509type.o /builddir/build/BUILD/shim-16.1/Cryptlib/OpenSSL/crypto/x509/x509type.c
DEBUG util.py:461:  gcc -std=gnu11 -ggdb -gdwarf-4 -gstrict-dwarf -ffreestanding -fmacro-prefix-map=/builddir/build/BUILD/shim-16.1/= -fno-stack-protector -fno-strict-aliasing -fpic -fshort-wchar -nostdinc -Os -Wall -Wextra -Wno-missing-field-initializers -Wno-empty-body -Wno-implicit-fallthrough -Wno-old-style-declaration -Wno-unused-but-set-variable -Wno-unused-parameter -Werror -Wno-error=unused-but-set-variable -Wno-error=unused-parameter -I/builddir/build/BUILD/shim-16.1/Cryptlib/OpenSSL -I/builddir/build/BUILD/shim-16.1/Cryptlib -I/builddir/build/BUILD/shim-16.1/Cryptlib/OpenSSL/Include/ -I/builddir/build/BUILD/shim-16.1/Cryptlib/OpenSSL/crypto -I/builddir/build/BUILD/shim-16.1/Cryptlib/Include -I/builddir/build/BUILD/shim-16.1/gnu-efi/inc -I/builddir/build/BUILD/shim-16.1/gnu-efi/inc/aarch64 -I/builddir/build/BUILD/shim-16.1/gnu-efi/inc/protocol -I/builddir/build/BUILD/shim-16.1/Cryptlib/OpenSSL/crypto/asn1 -I/builddir/build/BUILD/shim-16.1/Cryptlib/OpenSSL/crypto/evp -I/builddir/build/BUILD/shim-16.1/Cryptlib/OpenSSL/crypto/modes -I/builddir/build/BUILD/shim-16.1/Cryptlib/OpenSSL/crypto/include -isystem /builddir/build/BUILD/shim-16.1/include/system -isystem /usr/lib/gcc/aarch64-redhat-linux/11/include -DL_ENDIAN -D_CRT_SECURE_NO_DEPRECATE -D_CRT_NONSTDC_NO_DEPRECATE -DOPENSSL_SMALL_FOOTPRINT -DPEDANTIC -DMDE_CPU_AARCH64   -c -o crypto/x509/x509_lu.o /builddir/build/BUILD/shim-16.1/Cryptlib/OpenSSL/crypto/x509/x509_lu.c
DEBUG util.py:461:  gcc -std=gnu11 -ggdb -gdwarf-4 -gstrict-dwarf -ffreestanding -fmacro-prefix-map=/builddir/build/BUILD/shim-16.1/= -fno-stack-protector -fno-strict-aliasing -fpic -fshort-wchar -nostdinc -Os -Wall -Wextra -Wno-missing-field-initializers -Wno-empty-body -Wno-implicit-fallthrough -Wno-old-style-declaration -Wno-unused-but-set-variable -Wno-unused-parameter -Werror -Wno-error=unused-but-set-variable -Wno-error=unused-parameter -I/builddir/build/BUILD/shim-16.1/Cryptlib/OpenSSL -I/builddir/build/BUILD/shim-16.1/Cryptlib -I/builddir/build/BUILD/shim-16.1/Cryptlib/OpenSSL/Include/ -I/builddir/build/BUILD/shim-16.1/Cryptlib/OpenSSL/crypto -I/builddir/build/BUILD/shim-16.1/Cryptlib/Include -I/builddir/build/BUILD/shim-16.1/gnu-efi/inc -I/builddir/build/BUILD/shim-16.1/gnu-efi/inc/aarch64 -I/builddir/build/BUILD/shim-16.1/gnu-efi/inc/protocol -I/builddir/build/BUILD/shim-16.1/Cryptlib/OpenSSL/crypto/asn1 -I/builddir/build/BUILD/shim-16.1/Cryptlib/OpenSSL/crypto/evp -I/builddir/build/BUILD/shim-16.1/Cryptlib/OpenSSL/crypto/modes -I/builddir/build/BUILD/shim-16.1/Cryptlib/OpenSSL/crypto/include -isystem /builddir/build/BUILD/shim-16.1/include/system -isystem /usr/lib/gcc/aarch64-redhat-linux/11/include -DL_ENDIAN -D_CRT_SECURE_NO_DEPRECATE -D_CRT_NONSTDC_NO_DEPRECATE -DOPENSSL_SMALL_FOOTPRINT -DPEDANTIC -DMDE_CPU_AARCH64   -c -o crypto/x509/x_all.o /builddir/build/BUILD/shim-16.1/Cryptlib/OpenSSL/crypto/x509/x_all.c
DEBUG util.py:461:  gcc -std=gnu11 -ggdb -gdwarf-4 -gstrict-dwarf -ffreestanding -fmacro-prefix-map=/builddir/build/BUILD/shim-16.1/= -fno-stack-protector -fno-strict-aliasing -fpic -fshort-wchar -nostdinc -Os -Wall -Wextra -Wno-missing-field-initializers -Wno-empty-body -Wno-implicit-fallthrough -Wno-old-style-declaration -Wno-unused-but-set-variable -Wno-unused-parameter -Werror -Wno-error=unused-but-set-variable -Wno-error=unused-parameter -I/builddir/build/BUILD/shim-16.1/Cryptlib/OpenSSL -I/builddir/build/BUILD/shim-16.1/Cryptlib -I/builddir/build/BUILD/shim-16.1/Cryptlib/OpenSSL/Include/ -I/builddir/build/BUILD/shim-16.1/Cryptlib/OpenSSL/crypto -I/builddir/build/BUILD/shim-16.1/Cryptlib/Include -I/builddir/build/BUILD/shim-16.1/gnu-efi/inc -I/builddir/build/BUILD/shim-16.1/gnu-efi/inc/aarch64 -I/builddir/build/BUILD/shim-16.1/gnu-efi/inc/protocol -I/builddir/build/BUILD/shim-16.1/Cryptlib/OpenSSL/crypto/asn1 -I/builddir/build/BUILD/shim-16.1/Cryptlib/OpenSSL/crypto/evp -I/builddir/build/BUILD/shim-16.1/Cryptlib/OpenSSL/crypto/modes -I/builddir/build/BUILD/shim-16.1/Cryptlib/OpenSSL/crypto/include -isystem /builddir/build/BUILD/shim-16.1/include/system -isystem /usr/lib/gcc/aarch64-redhat-linux/11/include -DL_ENDIAN -D_CRT_SECURE_NO_DEPRECATE -D_CRT_NONSTDC_NO_DEPRECATE -DOPENSSL_SMALL_FOOTPRINT -DPEDANTIC -DMDE_CPU_AARCH64   -c -o crypto/x509/x509_txt.o /builddir/build/BUILD/shim-16.1/Cryptlib/OpenSSL/crypto/x509/x509_txt.c
DEBUG util.py:461:  gcc -std=gnu11 -ggdb -gdwarf-4 -gstrict-dwarf -ffreestanding -fmacro-prefix-map=/builddir/build/BUILD/shim-16.1/= -fno-stack-protector -fno-strict-aliasing -fpic -fshort-wchar -nostdinc -Os -Wall -Wextra -Wno-missing-field-initializers -Wno-empty-body -Wno-implicit-fallthrough -Wno-old-style-declaration -Wno-unused-but-set-variable -Wno-unused-parameter -Werror -Wno-error=unused-but-set-variable -Wno-error=unused-parameter -I/builddir/build/BUILD/shim-16.1/Cryptlib/OpenSSL -I/builddir/build/BUILD/shim-16.1/Cryptlib -I/builddir/build/BUILD/shim-16.1/Cryptlib/OpenSSL/Include/ -I/builddir/build/BUILD/shim-16.1/Cryptlib/OpenSSL/crypto -I/builddir/build/BUILD/shim-16.1/Cryptlib/Include -I/builddir/build/BUILD/shim-16.1/gnu-efi/inc -I/builddir/build/BUILD/shim-16.1/gnu-efi/inc/aarch64 -I/builddir/build/BUILD/shim-16.1/gnu-efi/inc/protocol -I/builddir/build/BUILD/shim-16.1/Cryptlib/OpenSSL/crypto/asn1 -I/builddir/build/BUILD/shim-16.1/Cryptlib/OpenSSL/crypto/evp -I/builddir/build/BUILD/shim-16.1/Cryptlib/OpenSSL/crypto/modes -I/builddir/build/BUILD/shim-16.1/Cryptlib/OpenSSL/crypto/include -isystem /builddir/build/BUILD/shim-16.1/include/system -isystem /usr/lib/gcc/aarch64-redhat-linux/11/include -DL_ENDIAN -D_CRT_SECURE_NO_DEPRECATE -D_CRT_NONSTDC_NO_DEPRECATE -DOPENSSL_SMALL_FOOTPRINT -DPEDANTIC -DMDE_CPU_AARCH64   -c -o crypto/x509/x509_trs.o /builddir/build/BUILD/shim-16.1/Cryptlib/OpenSSL/crypto/x509/x509_trs.c
DEBUG util.py:461:  gcc -std=gnu11 -ggdb -gdwarf-4 -gstrict-dwarf -ffreestanding -fmacro-prefix-map=/builddir/build/BUILD/shim-16.1/= -fno-stack-protector -fno-strict-aliasing -fpic -fshort-wchar -nostdinc -Os -Wall -Wextra -Wno-missing-field-initializers -Wno-empty-body -Wno-implicit-fallthrough -Wno-old-style-declaration -Wno-unused-but-set-variable -Wno-unused-parameter -Werror -Wno-error=unused-but-set-variable -Wno-error=unused-parameter -I/builddir/build/BUILD/shim-16.1/Cryptlib/OpenSSL -I/builddir/build/BUILD/shim-16.1/Cryptlib -I/builddir/build/BUILD/shim-16.1/Cryptlib/OpenSSL/Include/ -I/builddir/build/BUILD/shim-16.1/Cryptlib/OpenSSL/crypto -I/builddir/build/BUILD/shim-16.1/Cryptlib/Include -I/builddir/build/BUILD/shim-16.1/gnu-efi/inc -I/builddir/build/BUILD/shim-16.1/gnu-efi/inc/aarch64 -I/builddir/build/BUILD/shim-16.1/gnu-efi/inc/protocol -I/builddir/build/BUILD/shim-16.1/Cryptlib/OpenSSL/crypto/asn1 -I/builddir/build/BUILD/shim-16.1/Cryptlib/OpenSSL/crypto/evp -I/builddir/build/BUILD/shim-16.1/Cryptlib/OpenSSL/crypto/modes -I/builddir/build/BUILD/shim-16.1/Cryptlib/OpenSSL/crypto/include -isystem /builddir/build/BUILD/shim-16.1/include/system -isystem /usr/lib/gcc/aarch64-redhat-linux/11/include -DL_ENDIAN -D_CRT_SECURE_NO_DEPRECATE -D_CRT_NONSTDC_NO_DEPRECATE -DOPENSSL_SMALL_FOOTPRINT -DPEDANTIC -DMDE_CPU_AARCH64   -c -o crypto/x509/x509_vpm.o /builddir/build/BUILD/shim-16.1/Cryptlib/OpenSSL/crypto/x509/x509_vpm.c
DEBUG util.py:461:  gcc -std=gnu11 -ggdb -gdwarf-4 -gstrict-dwarf -ffreestanding -fmacro-prefix-map=/builddir/build/BUILD/shim-16.1/= -fno-stack-protector -fno-strict-aliasing -fpic -fshort-wchar -nostdinc -Os -Wall -Wextra -Wno-missing-field-initializers -Wno-empty-body -Wno-implicit-fallthrough -Wno-old-style-declaration -Wno-unused-but-set-variable -Wno-unused-parameter -Werror -Wno-error=unused-but-set-variable -Wno-error=unused-parameter -I/builddir/build/BUILD/shim-16.1/Cryptlib/OpenSSL -I/builddir/build/BUILD/shim-16.1/Cryptlib -I/builddir/build/BUILD/shim-16.1/Cryptlib/OpenSSL/Include/ -I/builddir/build/BUILD/shim-16.1/Cryptlib/OpenSSL/crypto -I/builddir/build/BUILD/shim-16.1/Cryptlib/Include -I/builddir/build/BUILD/shim-16.1/gnu-efi/inc -I/builddir/build/BUILD/shim-16.1/gnu-efi/inc/aarch64 -I/builddir/build/BUILD/shim-16.1/gnu-efi/inc/protocol -I/builddir/build/BUILD/shim-16.1/Cryptlib/OpenSSL/crypto/asn1 -I/builddir/build/BUILD/shim-16.1/Cryptlib/OpenSSL/crypto/evp -I/builddir/build/BUILD/shim-16.1/Cryptlib/OpenSSL/crypto/modes -I/builddir/build/BUILD/shim-16.1/Cryptlib/OpenSSL/crypto/include -isystem /builddir/build/BUILD/shim-16.1/include/system -isystem /usr/lib/gcc/aarch64-redhat-linux/11/include -DL_ENDIAN -D_CRT_SECURE_NO_DEPRECATE -D_CRT_NONSTDC_NO_DEPRECATE -DOPENSSL_SMALL_FOOTPRINT -DPEDANTIC -DMDE_CPU_AARCH64   -c -o crypto/x509v3/v3_bcons.o /builddir/build/BUILD/shim-16.1/Cryptlib/OpenSSL/crypto/x509v3/v3_bcons.c
DEBUG util.py:461:  gcc -std=gnu11 -ggdb -gdwarf-4 -gstrict-dwarf -ffreestanding -fmacro-prefix-map=/builddir/build/BUILD/shim-16.1/= -fno-stack-protector -fno-strict-aliasing -fpic -fshort-wchar -nostdinc -Os -Wall -Wextra -Wno-missing-field-initializers -Wno-empty-body -Wno-implicit-fallthrough -Wno-old-style-declaration -Wno-unused-but-set-variable -Wno-unused-parameter -Werror -Wno-error=unused-but-set-variable -Wno-error=unused-parameter -I/builddir/build/BUILD/shim-16.1/Cryptlib/OpenSSL -I/builddir/build/BUILD/shim-16.1/Cryptlib -I/builddir/build/BUILD/shim-16.1/Cryptlib/OpenSSL/Include/ -I/builddir/build/BUILD/shim-16.1/Cryptlib/OpenSSL/crypto -I/builddir/build/BUILD/shim-16.1/Cryptlib/Include -I/builddir/build/BUILD/shim-16.1/gnu-efi/inc -I/builddir/build/BUILD/shim-16.1/gnu-efi/inc/aarch64 -I/builddir/build/BUILD/shim-16.1/gnu-efi/inc/protocol -I/builddir/build/BUILD/shim-16.1/Cryptlib/OpenSSL/crypto/asn1 -I/builddir/build/BUILD/shim-16.1/Cryptlib/OpenSSL/crypto/evp -I/builddir/build/BUILD/shim-16.1/Cryptlib/OpenSSL/crypto/modes -I/builddir/build/BUILD/shim-16.1/Cryptlib/OpenSSL/crypto/include -isystem /builddir/build/BUILD/shim-16.1/include/system -isystem /usr/lib/gcc/aarch64-redhat-linux/11/include -DL_ENDIAN -D_CRT_SECURE_NO_DEPRECATE -D_CRT_NONSTDC_NO_DEPRECATE -DOPENSSL_SMALL_FOOTPRINT -DPEDANTIC -DMDE_CPU_AARCH64   -c -o crypto/x509v3/v3_bitst.o /builddir/build/BUILD/shim-16.1/Cryptlib/OpenSSL/crypto/x509v3/v3_bitst.c
DEBUG util.py:461:  gcc -std=gnu11 -ggdb -gdwarf-4 -gstrict-dwarf -ffreestanding -fmacro-prefix-map=/builddir/build/BUILD/shim-16.1/= -fno-stack-protector -fno-strict-aliasing -fpic -fshort-wchar -nostdinc -Os -Wall -Wextra -Wno-missing-field-initializers -Wno-empty-body -Wno-implicit-fallthrough -Wno-old-style-declaration -Wno-unused-but-set-variable -Wno-unused-parameter -Werror -Wno-error=unused-but-set-variable -Wno-error=unused-parameter -I/builddir/build/BUILD/shim-16.1/Cryptlib/OpenSSL -I/builddir/build/BUILD/shim-16.1/Cryptlib -I/builddir/build/BUILD/shim-16.1/Cryptlib/OpenSSL/Include/ -I/builddir/build/BUILD/shim-16.1/Cryptlib/OpenSSL/crypto -I/builddir/build/BUILD/shim-16.1/Cryptlib/Include -I/builddir/build/BUILD/shim-16.1/gnu-efi/inc -I/builddir/build/BUILD/shim-16.1/gnu-efi/inc/aarch64 -I/builddir/build/BUILD/shim-16.1/gnu-efi/inc/protocol -I/builddir/build/BUILD/shim-16.1/Cryptlib/OpenSSL/crypto/asn1 -I/builddir/build/BUILD/shim-16.1/Cryptlib/OpenSSL/crypto/evp -I/builddir/build/BUILD/shim-16.1/Cryptlib/OpenSSL/crypto/modes -I/builddir/build/BUILD/shim-16.1/Cryptlib/OpenSSL/crypto/include -isystem /builddir/build/BUILD/shim-16.1/include/system -isystem /usr/lib/gcc/aarch64-redhat-linux/11/include -DL_ENDIAN -D_CRT_SECURE_NO_DEPRECATE -D_CRT_NONSTDC_NO_DEPRECATE -DOPENSSL_SMALL_FOOTPRINT -DPEDANTIC -DMDE_CPU_AARCH64   -c -o crypto/x509v3/v3_conf.o /builddir/build/BUILD/shim-16.1/Cryptlib/OpenSSL/crypto/x509v3/v3_conf.c
DEBUG util.py:461:  gcc -std=gnu11 -ggdb -gdwarf-4 -gstrict-dwarf -ffreestanding -fmacro-prefix-map=/builddir/build/BUILD/shim-16.1/= -fno-stack-protector -fno-strict-aliasing -fpic -fshort-wchar -nostdinc -Os -Wall -Wextra -Wno-missing-field-initializers -Wno-empty-body -Wno-implicit-fallthrough -Wno-old-style-declaration -Wno-unused-but-set-variable -Wno-unused-parameter -Werror -Wno-error=unused-but-set-variable -Wno-error=unused-parameter -I/builddir/build/BUILD/shim-16.1/Cryptlib/OpenSSL -I/builddir/build/BUILD/shim-16.1/Cryptlib -I/builddir/build/BUILD/shim-16.1/Cryptlib/OpenSSL/Include/ -I/builddir/build/BUILD/shim-16.1/Cryptlib/OpenSSL/crypto -I/builddir/build/BUILD/shim-16.1/Cryptlib/Include -I/builddir/build/BUILD/shim-16.1/gnu-efi/inc -I/builddir/build/BUILD/shim-16.1/gnu-efi/inc/aarch64 -I/builddir/build/BUILD/shim-16.1/gnu-efi/inc/protocol -I/builddir/build/BUILD/shim-16.1/Cryptlib/OpenSSL/crypto/asn1 -I/builddir/build/BUILD/shim-16.1/Cryptlib/OpenSSL/crypto/evp -I/builddir/build/BUILD/shim-16.1/Cryptlib/OpenSSL/crypto/modes -I/builddir/build/BUILD/shim-16.1/Cryptlib/OpenSSL/crypto/include -isystem /builddir/build/BUILD/shim-16.1/include/system -isystem /usr/lib/gcc/aarch64-redhat-linux/11/include -DL_ENDIAN -D_CRT_SECURE_NO_DEPRECATE -D_CRT_NONSTDC_NO_DEPRECATE -DOPENSSL_SMALL_FOOTPRINT -DPEDANTIC -DMDE_CPU_AARCH64   -c -o crypto/x509v3/v3_extku.o /builddir/build/BUILD/shim-16.1/Cryptlib/OpenSSL/crypto/x509v3/v3_extku.c
DEBUG util.py:461:  gcc -std=gnu11 -ggdb -gdwarf-4 -gstrict-dwarf -ffreestanding -fmacro-prefix-map=/builddir/build/BUILD/shim-16.1/= -fno-stack-protector -fno-strict-aliasing -fpic -fshort-wchar -nostdinc -Os -Wall -Wextra -Wno-missing-field-initializers -Wno-empty-body -Wno-implicit-fallthrough -Wno-old-style-declaration -Wno-unused-but-set-variable -Wno-unused-parameter -Werror -Wno-error=unused-but-set-variable -Wno-error=unused-parameter -I/builddir/build/BUILD/shim-16.1/Cryptlib/OpenSSL -I/builddir/build/BUILD/shim-16.1/Cryptlib -I/builddir/build/BUILD/shim-16.1/Cryptlib/OpenSSL/Include/ -I/builddir/build/BUILD/shim-16.1/Cryptlib/OpenSSL/crypto -I/builddir/build/BUILD/shim-16.1/Cryptlib/Include -I/builddir/build/BUILD/shim-16.1/gnu-efi/inc -I/builddir/build/BUILD/shim-16.1/gnu-efi/inc/aarch64 -I/builddir/build/BUILD/shim-16.1/gnu-efi/inc/protocol -I/builddir/build/BUILD/shim-16.1/Cryptlib/OpenSSL/crypto/asn1 -I/builddir/build/BUILD/shim-16.1/Cryptlib/OpenSSL/crypto/evp -I/builddir/build/BUILD/shim-16.1/Cryptlib/OpenSSL/crypto/modes -I/builddir/build/BUILD/shim-16.1/Cryptlib/OpenSSL/crypto/include -isystem /builddir/build/BUILD/shim-16.1/include/system -isystem /usr/lib/gcc/aarch64-redhat-linux/11/include -DL_ENDIAN -D_CRT_SECURE_NO_DEPRECATE -D_CRT_NONSTDC_NO_DEPRECATE -DOPENSSL_SMALL_FOOTPRINT -DPEDANTIC -DMDE_CPU_AARCH64   -c -o crypto/x509v3/v3_ia5.o /builddir/build/BUILD/shim-16.1/Cryptlib/OpenSSL/crypto/x509v3/v3_ia5.c
DEBUG util.py:461:  gcc -std=gnu11 -ggdb -gdwarf-4 -gstrict-dwarf -ffreestanding -fmacro-prefix-map=/builddir/build/BUILD/shim-16.1/= -fno-stack-protector -fno-strict-aliasing -fpic -fshort-wchar -nostdinc -Os -Wall -Wextra -Wno-missing-field-initializers -Wno-empty-body -Wno-implicit-fallthrough -Wno-old-style-declaration -Wno-unused-but-set-variable -Wno-unused-parameter -Werror -Wno-error=unused-but-set-variable -Wno-error=unused-parameter -I/builddir/build/BUILD/shim-16.1/Cryptlib/OpenSSL -I/builddir/build/BUILD/shim-16.1/Cryptlib -I/builddir/build/BUILD/shim-16.1/Cryptlib/OpenSSL/Include/ -I/builddir/build/BUILD/shim-16.1/Cryptlib/OpenSSL/crypto -I/builddir/build/BUILD/shim-16.1/Cryptlib/Include -I/builddir/build/BUILD/shim-16.1/gnu-efi/inc -I/builddir/build/BUILD/shim-16.1/gnu-efi/inc/aarch64 -I/builddir/build/BUILD/shim-16.1/gnu-efi/inc/protocol -I/builddir/build/BUILD/shim-16.1/Cryptlib/OpenSSL/crypto/asn1 -I/builddir/build/BUILD/shim-16.1/Cryptlib/OpenSSL/crypto/evp -I/builddir/build/BUILD/shim-16.1/Cryptlib/OpenSSL/crypto/modes -I/builddir/build/BUILD/shim-16.1/Cryptlib/OpenSSL/crypto/include -isystem /builddir/build/BUILD/shim-16.1/include/system -isystem /usr/lib/gcc/aarch64-redhat-linux/11/include -DL_ENDIAN -D_CRT_SECURE_NO_DEPRECATE -D_CRT_NONSTDC_NO_DEPRECATE -DOPENSSL_SMALL_FOOTPRINT -DPEDANTIC -DMDE_CPU_AARCH64   -c -o crypto/x509v3/v3_lib.o /builddir/build/BUILD/shim-16.1/Cryptlib/OpenSSL/crypto/x509v3/v3_lib.c
DEBUG util.py:461:  gcc -std=gnu11 -ggdb -gdwarf-4 -gstrict-dwarf -ffreestanding -fmacro-prefix-map=/builddir/build/BUILD/shim-16.1/= -fno-stack-protector -fno-strict-aliasing -fpic -fshort-wchar -nostdinc -Os -Wall -Wextra -Wno-missing-field-initializers -Wno-empty-body -Wno-implicit-fallthrough -Wno-old-style-declaration -Wno-unused-but-set-variable -Wno-unused-parameter -Werror -Wno-error=unused-but-set-variable -Wno-error=unused-parameter -I/builddir/build/BUILD/shim-16.1/Cryptlib/OpenSSL -I/builddir/build/BUILD/shim-16.1/Cryptlib -I/builddir/build/BUILD/shim-16.1/Cryptlib/OpenSSL/Include/ -I/builddir/build/BUILD/shim-16.1/Cryptlib/OpenSSL/crypto -I/builddir/build/BUILD/shim-16.1/Cryptlib/Include -I/builddir/build/BUILD/shim-16.1/gnu-efi/inc -I/builddir/build/BUILD/shim-16.1/gnu-efi/inc/aarch64 -I/builddir/build/BUILD/shim-16.1/gnu-efi/inc/protocol -I/builddir/build/BUILD/shim-16.1/Cryptlib/OpenSSL/crypto/asn1 -I/builddir/build/BUILD/shim-16.1/Cryptlib/OpenSSL/crypto/evp -I/builddir/build/BUILD/shim-16.1/Cryptlib/OpenSSL/crypto/modes -I/builddir/build/BUILD/shim-16.1/Cryptlib/OpenSSL/crypto/include -isystem /builddir/build/BUILD/shim-16.1/include/system -isystem /usr/lib/gcc/aarch64-redhat-linux/11/include -DL_ENDIAN -D_CRT_SECURE_NO_DEPRECATE -D_CRT_NONSTDC_NO_DEPRECATE -DOPENSSL_SMALL_FOOTPRINT -DPEDANTIC -DMDE_CPU_AARCH64   -c -o crypto/x509v3/v3_prn.o /builddir/build/BUILD/shim-16.1/Cryptlib/OpenSSL/crypto/x509v3/v3_prn.c
DEBUG util.py:461:  gcc -std=gnu11 -ggdb -gdwarf-4 -gstrict-dwarf -ffreestanding -fmacro-prefix-map=/builddir/build/BUILD/shim-16.1/= -fno-stack-protector -fno-strict-aliasing -fpic -fshort-wchar -nostdinc -Os -Wall -Wextra -Wno-missing-field-initializers -Wno-empty-body -Wno-implicit-fallthrough -Wno-old-style-declaration -Wno-unused-but-set-variable -Wno-unused-parameter -Werror -Wno-error=unused-but-set-variable -Wno-error=unused-parameter -I/builddir/build/BUILD/shim-16.1/Cryptlib/OpenSSL -I/builddir/build/BUILD/shim-16.1/Cryptlib -I/builddir/build/BUILD/shim-16.1/Cryptlib/OpenSSL/Include/ -I/builddir/build/BUILD/shim-16.1/Cryptlib/OpenSSL/crypto -I/builddir/build/BUILD/shim-16.1/Cryptlib/Include -I/builddir/build/BUILD/shim-16.1/gnu-efi/inc -I/builddir/build/BUILD/shim-16.1/gnu-efi/inc/aarch64 -I/builddir/build/BUILD/shim-16.1/gnu-efi/inc/protocol -I/builddir/build/BUILD/shim-16.1/Cryptlib/OpenSSL/crypto/asn1 -I/builddir/build/BUILD/shim-16.1/Cryptlib/OpenSSL/crypto/evp -I/builddir/build/BUILD/shim-16.1/Cryptlib/OpenSSL/crypto/modes -I/builddir/build/BUILD/shim-16.1/Cryptlib/OpenSSL/crypto/include -isystem /builddir/build/BUILD/shim-16.1/include/system -isystem /usr/lib/gcc/aarch64-redhat-linux/11/include -DL_ENDIAN -D_CRT_SECURE_NO_DEPRECATE -D_CRT_NONSTDC_NO_DEPRECATE -DOPENSSL_SMALL_FOOTPRINT -DPEDANTIC -DMDE_CPU_AARCH64   -c -o crypto/x509v3/v3_utl.o /builddir/build/BUILD/shim-16.1/Cryptlib/OpenSSL/crypto/x509v3/v3_utl.c
DEBUG util.py:461:  gcc -std=gnu11 -ggdb -gdwarf-4 -gstrict-dwarf -ffreestanding -fmacro-prefix-map=/builddir/build/BUILD/shim-16.1/= -fno-stack-protector -fno-strict-aliasing -fpic -fshort-wchar -nostdinc -Os -Wall -Wextra -Wno-missing-field-initializers -Wno-empty-body -Wno-implicit-fallthrough -Wno-old-style-declaration -Wno-unused-but-set-variable -Wno-unused-parameter -Werror -Wno-error=unused-but-set-variable -Wno-error=unused-parameter -I/builddir/build/BUILD/shim-16.1/Cryptlib/OpenSSL -I/builddir/build/BUILD/shim-16.1/Cryptlib -I/builddir/build/BUILD/shim-16.1/Cryptlib/OpenSSL/Include/ -I/builddir/build/BUILD/shim-16.1/Cryptlib/OpenSSL/crypto -I/builddir/build/BUILD/shim-16.1/Cryptlib/Include -I/builddir/build/BUILD/shim-16.1/gnu-efi/inc -I/builddir/build/BUILD/shim-16.1/gnu-efi/inc/aarch64 -I/builddir/build/BUILD/shim-16.1/gnu-efi/inc/protocol -I/builddir/build/BUILD/shim-16.1/Cryptlib/OpenSSL/crypto/asn1 -I/builddir/build/BUILD/shim-16.1/Cryptlib/OpenSSL/crypto/evp -I/builddir/build/BUILD/shim-16.1/Cryptlib/OpenSSL/crypto/modes -I/builddir/build/BUILD/shim-16.1/Cryptlib/OpenSSL/crypto/include -isystem /builddir/build/BUILD/shim-16.1/include/system -isystem /usr/lib/gcc/aarch64-redhat-linux/11/include -DL_ENDIAN -D_CRT_SECURE_NO_DEPRECATE -D_CRT_NONSTDC_NO_DEPRECATE -DOPENSSL_SMALL_FOOTPRINT -DPEDANTIC -DMDE_CPU_AARCH64   -c -o crypto/x509v3/v3err.o /builddir/build/BUILD/shim-16.1/Cryptlib/OpenSSL/crypto/x509v3/v3err.c
DEBUG util.py:461:  gcc -std=gnu11 -ggdb -gdwarf-4 -gstrict-dwarf -ffreestanding -fmacro-prefix-map=/builddir/build/BUILD/shim-16.1/= -fno-stack-protector -fno-strict-aliasing -fpic -fshort-wchar -nostdinc -Os -Wall -Wextra -Wno-missing-field-initializers -Wno-empty-body -Wno-implicit-fallthrough -Wno-old-style-declaration -Wno-unused-but-set-variable -Wno-unused-parameter -Werror -Wno-error=unused-but-set-variable -Wno-error=unused-parameter -I/builddir/build/BUILD/shim-16.1/Cryptlib/OpenSSL -I/builddir/build/BUILD/shim-16.1/Cryptlib -I/builddir/build/BUILD/shim-16.1/Cryptlib/OpenSSL/Include/ -I/builddir/build/BUILD/shim-16.1/Cryptlib/OpenSSL/crypto -I/builddir/build/BUILD/shim-16.1/Cryptlib/Include -I/builddir/build/BUILD/shim-16.1/gnu-efi/inc -I/builddir/build/BUILD/shim-16.1/gnu-efi/inc/aarch64 -I/builddir/build/BUILD/shim-16.1/gnu-efi/inc/protocol -I/builddir/build/BUILD/shim-16.1/Cryptlib/OpenSSL/crypto/asn1 -I/builddir/build/BUILD/shim-16.1/Cryptlib/OpenSSL/crypto/evp -I/builddir/build/BUILD/shim-16.1/Cryptlib/OpenSSL/crypto/modes -I/builddir/build/BUILD/shim-16.1/Cryptlib/OpenSSL/crypto/include -isystem /builddir/build/BUILD/shim-16.1/include/system -isystem /usr/lib/gcc/aarch64-redhat-linux/11/include -DL_ENDIAN -D_CRT_SECURE_NO_DEPRECATE -D_CRT_NONSTDC_NO_DEPRECATE -DOPENSSL_SMALL_FOOTPRINT -DPEDANTIC -DMDE_CPU_AARCH64   -c -o crypto/x509v3/v3_genn.o /builddir/build/BUILD/shim-16.1/Cryptlib/OpenSSL/crypto/x509v3/v3_genn.c
DEBUG util.py:461:  gcc -std=gnu11 -ggdb -gdwarf-4 -gstrict-dwarf -ffreestanding -fmacro-prefix-map=/builddir/build/BUILD/shim-16.1/= -fno-stack-protector -fno-strict-aliasing -fpic -fshort-wchar -nostdinc -Os -Wall -Wextra -Wno-missing-field-initializers -Wno-empty-body -Wno-implicit-fallthrough -Wno-old-style-declaration -Wno-unused-but-set-variable -Wno-unused-parameter -Werror -Wno-error=unused-but-set-variable -Wno-error=unused-parameter -I/builddir/build/BUILD/shim-16.1/Cryptlib/OpenSSL -I/builddir/build/BUILD/shim-16.1/Cryptlib -I/builddir/build/BUILD/shim-16.1/Cryptlib/OpenSSL/Include/ -I/builddir/build/BUILD/shim-16.1/Cryptlib/OpenSSL/crypto -I/builddir/build/BUILD/shim-16.1/Cryptlib/Include -I/builddir/build/BUILD/shim-16.1/gnu-efi/inc -I/builddir/build/BUILD/shim-16.1/gnu-efi/inc/aarch64 -I/builddir/build/BUILD/shim-16.1/gnu-efi/inc/protocol -I/builddir/build/BUILD/shim-16.1/Cryptlib/OpenSSL/crypto/asn1 -I/builddir/build/BUILD/shim-16.1/Cryptlib/OpenSSL/crypto/evp -I/builddir/build/BUILD/shim-16.1/Cryptlib/OpenSSL/crypto/modes -I/builddir/build/BUILD/shim-16.1/Cryptlib/OpenSSL/crypto/include -isystem /builddir/build/BUILD/shim-16.1/include/system -isystem /usr/lib/gcc/aarch64-redhat-linux/11/include -DL_ENDIAN -D_CRT_SECURE_NO_DEPRECATE -D_CRT_NONSTDC_NO_DEPRECATE -DOPENSSL_SMALL_FOOTPRINT -DPEDANTIC -DMDE_CPU_AARCH64   -c -o crypto/x509v3/v3_alt.o /builddir/build/BUILD/shim-16.1/Cryptlib/OpenSSL/crypto/x509v3/v3_alt.c
DEBUG util.py:461:  gcc -std=gnu11 -ggdb -gdwarf-4 -gstrict-dwarf -ffreestanding -fmacro-prefix-map=/builddir/build/BUILD/shim-16.1/= -fno-stack-protector -fno-strict-aliasing -fpic -fshort-wchar -nostdinc -Os -Wall -Wextra -Wno-missing-field-initializers -Wno-empty-body -Wno-implicit-fallthrough -Wno-old-style-declaration -Wno-unused-but-set-variable -Wno-unused-parameter -Werror -Wno-error=unused-but-set-variable -Wno-error=unused-parameter -I/builddir/build/BUILD/shim-16.1/Cryptlib/OpenSSL -I/builddir/build/BUILD/shim-16.1/Cryptlib -I/builddir/build/BUILD/shim-16.1/Cryptlib/OpenSSL/Include/ -I/builddir/build/BUILD/shim-16.1/Cryptlib/OpenSSL/crypto -I/builddir/build/BUILD/shim-16.1/Cryptlib/Include -I/builddir/build/BUILD/shim-16.1/gnu-efi/inc -I/builddir/build/BUILD/shim-16.1/gnu-efi/inc/aarch64 -I/builddir/build/BUILD/shim-16.1/gnu-efi/inc/protocol -I/builddir/build/BUILD/shim-16.1/Cryptlib/OpenSSL/crypto/asn1 -I/builddir/build/BUILD/shim-16.1/Cryptlib/OpenSSL/crypto/evp -I/builddir/build/BUILD/shim-16.1/Cryptlib/OpenSSL/crypto/modes -I/builddir/build/BUILD/shim-16.1/Cryptlib/OpenSSL/crypto/include -isystem /builddir/build/BUILD/shim-16.1/include/system -isystem /usr/lib/gcc/aarch64-redhat-linux/11/include -DL_ENDIAN -D_CRT_SECURE_NO_DEPRECATE -D_CRT_NONSTDC_NO_DEPRECATE -DOPENSSL_SMALL_FOOTPRINT -DPEDANTIC -DMDE_CPU_AARCH64   -c -o crypto/x509v3/v3_skey.o /builddir/build/BUILD/shim-16.1/Cryptlib/OpenSSL/crypto/x509v3/v3_skey.c
DEBUG util.py:461:  gcc -std=gnu11 -ggdb -gdwarf-4 -gstrict-dwarf -ffreestanding -fmacro-prefix-map=/builddir/build/BUILD/shim-16.1/= -fno-stack-protector -fno-strict-aliasing -fpic -fshort-wchar -nostdinc -Os -Wall -Wextra -Wno-missing-field-initializers -Wno-empty-body -Wno-implicit-fallthrough -Wno-old-style-declaration -Wno-unused-but-set-variable -Wno-unused-parameter -Werror -Wno-error=unused-but-set-variable -Wno-error=unused-parameter -I/builddir/build/BUILD/shim-16.1/Cryptlib/OpenSSL -I/builddir/build/BUILD/shim-16.1/Cryptlib -I/builddir/build/BUILD/shim-16.1/Cryptlib/OpenSSL/Include/ -I/builddir/build/BUILD/shim-16.1/Cryptlib/OpenSSL/crypto -I/builddir/build/BUILD/shim-16.1/Cryptlib/Include -I/builddir/build/BUILD/shim-16.1/gnu-efi/inc -I/builddir/build/BUILD/shim-16.1/gnu-efi/inc/aarch64 -I/builddir/build/BUILD/shim-16.1/gnu-efi/inc/protocol -I/builddir/build/BUILD/shim-16.1/Cryptlib/OpenSSL/crypto/asn1 -I/builddir/build/BUILD/shim-16.1/Cryptlib/OpenSSL/crypto/evp -I/builddir/build/BUILD/shim-16.1/Cryptlib/OpenSSL/crypto/modes -I/builddir/build/BUILD/shim-16.1/Cryptlib/OpenSSL/crypto/include -isystem /builddir/build/BUILD/shim-16.1/include/system -isystem /usr/lib/gcc/aarch64-redhat-linux/11/include -DL_ENDIAN -D_CRT_SECURE_NO_DEPRECATE -D_CRT_NONSTDC_NO_DEPRECATE -DOPENSSL_SMALL_FOOTPRINT -DPEDANTIC -DMDE_CPU_AARCH64   -c -o crypto/x509v3/v3_akey.o /builddir/build/BUILD/shim-16.1/Cryptlib/OpenSSL/crypto/x509v3/v3_akey.c
DEBUG util.py:461:  gcc -std=gnu11 -ggdb -gdwarf-4 -gstrict-dwarf -ffreestanding -fmacro-prefix-map=/builddir/build/BUILD/shim-16.1/= -fno-stack-protector -fno-strict-aliasing -fpic -fshort-wchar -nostdinc -Os -Wall -Wextra -Wno-missing-field-initializers -Wno-empty-body -Wno-implicit-fallthrough -Wno-old-style-declaration -Wno-unused-but-set-variable -Wno-unused-parameter -Werror -Wno-error=unused-but-set-variable -Wno-error=unused-parameter -I/builddir/build/BUILD/shim-16.1/Cryptlib/OpenSSL -I/builddir/build/BUILD/shim-16.1/Cryptlib -I/builddir/build/BUILD/shim-16.1/Cryptlib/OpenSSL/Include/ -I/builddir/build/BUILD/shim-16.1/Cryptlib/OpenSSL/crypto -I/builddir/build/BUILD/shim-16.1/Cryptlib/Include -I/builddir/build/BUILD/shim-16.1/gnu-efi/inc -I/builddir/build/BUILD/shim-16.1/gnu-efi/inc/aarch64 -I/builddir/build/BUILD/shim-16.1/gnu-efi/inc/protocol -I/builddir/build/BUILD/shim-16.1/Cryptlib/OpenSSL/crypto/asn1 -I/builddir/build/BUILD/shim-16.1/Cryptlib/OpenSSL/crypto/evp -I/builddir/build/BUILD/shim-16.1/Cryptlib/OpenSSL/crypto/modes -I/builddir/build/BUILD/shim-16.1/Cryptlib/OpenSSL/crypto/include -isystem /builddir/build/BUILD/shim-16.1/include/system -isystem /usr/lib/gcc/aarch64-redhat-linux/11/include -DL_ENDIAN -D_CRT_SECURE_NO_DEPRECATE -D_CRT_NONSTDC_NO_DEPRECATE -DOPENSSL_SMALL_FOOTPRINT -DPEDANTIC -DMDE_CPU_AARCH64   -c -o crypto/x509v3/v3_pku.o /builddir/build/BUILD/shim-16.1/Cryptlib/OpenSSL/crypto/x509v3/v3_pku.c
DEBUG util.py:461:  gcc -std=gnu11 -ggdb -gdwarf-4 -gstrict-dwarf -ffreestanding -fmacro-prefix-map=/builddir/build/BUILD/shim-16.1/= -fno-stack-protector -fno-strict-aliasing -fpic -fshort-wchar -nostdinc -Os -Wall -Wextra -Wno-missing-field-initializers -Wno-empty-body -Wno-implicit-fallthrough -Wno-old-style-declaration -Wno-unused-but-set-variable -Wno-unused-parameter -Werror -Wno-error=unused-but-set-variable -Wno-error=unused-parameter -I/builddir/build/BUILD/shim-16.1/Cryptlib/OpenSSL -I/builddir/build/BUILD/shim-16.1/Cryptlib -I/builddir/build/BUILD/shim-16.1/Cryptlib/OpenSSL/Include/ -I/builddir/build/BUILD/shim-16.1/Cryptlib/OpenSSL/crypto -I/builddir/build/BUILD/shim-16.1/Cryptlib/Include -I/builddir/build/BUILD/shim-16.1/gnu-efi/inc -I/builddir/build/BUILD/shim-16.1/gnu-efi/inc/aarch64 -I/builddir/build/BUILD/shim-16.1/gnu-efi/inc/protocol -I/builddir/build/BUILD/shim-16.1/Cryptlib/OpenSSL/crypto/asn1 -I/builddir/build/BUILD/shim-16.1/Cryptlib/OpenSSL/crypto/evp -I/builddir/build/BUILD/shim-16.1/Cryptlib/OpenSSL/crypto/modes -I/builddir/build/BUILD/shim-16.1/Cryptlib/OpenSSL/crypto/include -isystem /builddir/build/BUILD/shim-16.1/include/system -isystem /usr/lib/gcc/aarch64-redhat-linux/11/include -DL_ENDIAN -D_CRT_SECURE_NO_DEPRECATE -D_CRT_NONSTDC_NO_DEPRECATE -DOPENSSL_SMALL_FOOTPRINT -DPEDANTIC -DMDE_CPU_AARCH64   -c -o crypto/x509v3/v3_int.o /builddir/build/BUILD/shim-16.1/Cryptlib/OpenSSL/crypto/x509v3/v3_int.c
DEBUG util.py:461:  gcc -std=gnu11 -ggdb -gdwarf-4 -gstrict-dwarf -ffreestanding -fmacro-prefix-map=/builddir/build/BUILD/shim-16.1/= -fno-stack-protector -fno-strict-aliasing -fpic -fshort-wchar -nostdinc -Os -Wall -Wextra -Wno-missing-field-initializers -Wno-empty-body -Wno-implicit-fallthrough -Wno-old-style-declaration -Wno-unused-but-set-variable -Wno-unused-parameter -Werror -Wno-error=unused-but-set-variable -Wno-error=unused-parameter -I/builddir/build/BUILD/shim-16.1/Cryptlib/OpenSSL -I/builddir/build/BUILD/shim-16.1/Cryptlib -I/builddir/build/BUILD/shim-16.1/Cryptlib/OpenSSL/Include/ -I/builddir/build/BUILD/shim-16.1/Cryptlib/OpenSSL/crypto -I/builddir/build/BUILD/shim-16.1/Cryptlib/Include -I/builddir/build/BUILD/shim-16.1/gnu-efi/inc -I/builddir/build/BUILD/shim-16.1/gnu-efi/inc/aarch64 -I/builddir/build/BUILD/shim-16.1/gnu-efi/inc/protocol -I/builddir/build/BUILD/shim-16.1/Cryptlib/OpenSSL/crypto/asn1 -I/builddir/build/BUILD/shim-16.1/Cryptlib/OpenSSL/crypto/evp -I/builddir/build/BUILD/shim-16.1/Cryptlib/OpenSSL/crypto/modes -I/builddir/build/BUILD/shim-16.1/Cryptlib/OpenSSL/crypto/include -isystem /builddir/build/BUILD/shim-16.1/include/system -isystem /usr/lib/gcc/aarch64-redhat-linux/11/include -DL_ENDIAN -D_CRT_SECURE_NO_DEPRECATE -D_CRT_NONSTDC_NO_DEPRECATE -DOPENSSL_SMALL_FOOTPRINT -DPEDANTIC -DMDE_CPU_AARCH64   -c -o crypto/x509v3/v3_enum.o /builddir/build/BUILD/shim-16.1/Cryptlib/OpenSSL/crypto/x509v3/v3_enum.c
DEBUG util.py:461:  gcc -std=gnu11 -ggdb -gdwarf-4 -gstrict-dwarf -ffreestanding -fmacro-prefix-map=/builddir/build/BUILD/shim-16.1/= -fno-stack-protector -fno-strict-aliasing -fpic -fshort-wchar -nostdinc -Os -Wall -Wextra -Wno-missing-field-initializers -Wno-empty-body -Wno-implicit-fallthrough -Wno-old-style-declaration -Wno-unused-but-set-variable -Wno-unused-parameter -Werror -Wno-error=unused-but-set-variable -Wno-error=unused-parameter -I/builddir/build/BUILD/shim-16.1/Cryptlib/OpenSSL -I/builddir/build/BUILD/shim-16.1/Cryptlib -I/builddir/build/BUILD/shim-16.1/Cryptlib/OpenSSL/Include/ -I/builddir/build/BUILD/shim-16.1/Cryptlib/OpenSSL/crypto -I/builddir/build/BUILD/shim-16.1/Cryptlib/Include -I/builddir/build/BUILD/shim-16.1/gnu-efi/inc -I/builddir/build/BUILD/shim-16.1/gnu-efi/inc/aarch64 -I/builddir/build/BUILD/shim-16.1/gnu-efi/inc/protocol -I/builddir/build/BUILD/shim-16.1/Cryptlib/OpenSSL/crypto/asn1 -I/builddir/build/BUILD/shim-16.1/Cryptlib/OpenSSL/crypto/evp -I/builddir/build/BUILD/shim-16.1/Cryptlib/OpenSSL/crypto/modes -I/builddir/build/BUILD/shim-16.1/Cryptlib/OpenSSL/crypto/include -isystem /builddir/build/BUILD/shim-16.1/include/system -isystem /usr/lib/gcc/aarch64-redhat-linux/11/include -DL_ENDIAN -D_CRT_SECURE_NO_DEPRECATE -D_CRT_NONSTDC_NO_DEPRECATE -DOPENSSL_SMALL_FOOTPRINT -DPEDANTIC -DMDE_CPU_AARCH64   -c -o crypto/x509v3/v3_sxnet.o /builddir/build/BUILD/shim-16.1/Cryptlib/OpenSSL/crypto/x509v3/v3_sxnet.c
DEBUG util.py:461:  gcc -std=gnu11 -ggdb -gdwarf-4 -gstrict-dwarf -ffreestanding -fmacro-prefix-map=/builddir/build/BUILD/shim-16.1/= -fno-stack-protector -fno-strict-aliasing -fpic -fshort-wchar -nostdinc -Os -Wall -Wextra -Wno-missing-field-initializers -Wno-empty-body -Wno-implicit-fallthrough -Wno-old-style-declaration -Wno-unused-but-set-variable -Wno-unused-parameter -Werror -Wno-error=unused-but-set-variable -Wno-error=unused-parameter -I/builddir/build/BUILD/shim-16.1/Cryptlib/OpenSSL -I/builddir/build/BUILD/shim-16.1/Cryptlib -I/builddir/build/BUILD/shim-16.1/Cryptlib/OpenSSL/Include/ -I/builddir/build/BUILD/shim-16.1/Cryptlib/OpenSSL/crypto -I/builddir/build/BUILD/shim-16.1/Cryptlib/Include -I/builddir/build/BUILD/shim-16.1/gnu-efi/inc -I/builddir/build/BUILD/shim-16.1/gnu-efi/inc/aarch64 -I/builddir/build/BUILD/shim-16.1/gnu-efi/inc/protocol -I/builddir/build/BUILD/shim-16.1/Cryptlib/OpenSSL/crypto/asn1 -I/builddir/build/BUILD/shim-16.1/Cryptlib/OpenSSL/crypto/evp -I/builddir/build/BUILD/shim-16.1/Cryptlib/OpenSSL/crypto/modes -I/builddir/build/BUILD/shim-16.1/Cryptlib/OpenSSL/crypto/include -isystem /builddir/build/BUILD/shim-16.1/include/system -isystem /usr/lib/gcc/aarch64-redhat-linux/11/include -DL_ENDIAN -D_CRT_SECURE_NO_DEPRECATE -D_CRT_NONSTDC_NO_DEPRECATE -DOPENSSL_SMALL_FOOTPRINT -DPEDANTIC -DMDE_CPU_AARCH64   -c -o crypto/x509v3/v3_cpols.o /builddir/build/BUILD/shim-16.1/Cryptlib/OpenSSL/crypto/x509v3/v3_cpols.c
DEBUG util.py:461:  gcc -std=gnu11 -ggdb -gdwarf-4 -gstrict-dwarf -ffreestanding -fmacro-prefix-map=/builddir/build/BUILD/shim-16.1/= -fno-stack-protector -fno-strict-aliasing -fpic -fshort-wchar -nostdinc -Os -Wall -Wextra -Wno-missing-field-initializers -Wno-empty-body -Wno-implicit-fallthrough -Wno-old-style-declaration -Wno-unused-but-set-variable -Wno-unused-parameter -Werror -Wno-error=unused-but-set-variable -Wno-error=unused-parameter -I/builddir/build/BUILD/shim-16.1/Cryptlib/OpenSSL -I/builddir/build/BUILD/shim-16.1/Cryptlib -I/builddir/build/BUILD/shim-16.1/Cryptlib/OpenSSL/Include/ -I/builddir/build/BUILD/shim-16.1/Cryptlib/OpenSSL/crypto -I/builddir/build/BUILD/shim-16.1/Cryptlib/Include -I/builddir/build/BUILD/shim-16.1/gnu-efi/inc -I/builddir/build/BUILD/shim-16.1/gnu-efi/inc/aarch64 -I/builddir/build/BUILD/shim-16.1/gnu-efi/inc/protocol -I/builddir/build/BUILD/shim-16.1/Cryptlib/OpenSSL/crypto/asn1 -I/builddir/build/BUILD/shim-16.1/Cryptlib/OpenSSL/crypto/evp -I/builddir/build/BUILD/shim-16.1/Cryptlib/OpenSSL/crypto/modes -I/builddir/build/BUILD/shim-16.1/Cryptlib/OpenSSL/crypto/include -isystem /builddir/build/BUILD/shim-16.1/include/system -isystem /usr/lib/gcc/aarch64-redhat-linux/11/include -DL_ENDIAN -D_CRT_SECURE_NO_DEPRECATE -D_CRT_NONSTDC_NO_DEPRECATE -DOPENSSL_SMALL_FOOTPRINT -DPEDANTIC -DMDE_CPU_AARCH64   -c -o crypto/x509v3/v3_crld.o /builddir/build/BUILD/shim-16.1/Cryptlib/OpenSSL/crypto/x509v3/v3_crld.c
DEBUG util.py:461:  gcc -std=gnu11 -ggdb -gdwarf-4 -gstrict-dwarf -ffreestanding -fmacro-prefix-map=/builddir/build/BUILD/shim-16.1/= -fno-stack-protector -fno-strict-aliasing -fpic -fshort-wchar -nostdinc -Os -Wall -Wextra -Wno-missing-field-initializers -Wno-empty-body -Wno-implicit-fallthrough -Wno-old-style-declaration -Wno-unused-but-set-variable -Wno-unused-parameter -Werror -Wno-error=unused-but-set-variable -Wno-error=unused-parameter -I/builddir/build/BUILD/shim-16.1/Cryptlib/OpenSSL -I/builddir/build/BUILD/shim-16.1/Cryptlib -I/builddir/build/BUILD/shim-16.1/Cryptlib/OpenSSL/Include/ -I/builddir/build/BUILD/shim-16.1/Cryptlib/OpenSSL/crypto -I/builddir/build/BUILD/shim-16.1/Cryptlib/Include -I/builddir/build/BUILD/shim-16.1/gnu-efi/inc -I/builddir/build/BUILD/shim-16.1/gnu-efi/inc/aarch64 -I/builddir/build/BUILD/shim-16.1/gnu-efi/inc/protocol -I/builddir/build/BUILD/shim-16.1/Cryptlib/OpenSSL/crypto/asn1 -I/builddir/build/BUILD/shim-16.1/Cryptlib/OpenSSL/crypto/evp -I/builddir/build/BUILD/shim-16.1/Cryptlib/OpenSSL/crypto/modes -I/builddir/build/BUILD/shim-16.1/Cryptlib/OpenSSL/crypto/include -isystem /builddir/build/BUILD/shim-16.1/include/system -isystem /usr/lib/gcc/aarch64-redhat-linux/11/include -DL_ENDIAN -D_CRT_SECURE_NO_DEPRECATE -D_CRT_NONSTDC_NO_DEPRECATE -DOPENSSL_SMALL_FOOTPRINT -DPEDANTIC -DMDE_CPU_AARCH64   -c -o crypto/x509v3/v3_purp.o /builddir/build/BUILD/shim-16.1/Cryptlib/OpenSSL/crypto/x509v3/v3_purp.c
DEBUG util.py:461:  gcc -std=gnu11 -ggdb -gdwarf-4 -gstrict-dwarf -ffreestanding -fmacro-prefix-map=/builddir/build/BUILD/shim-16.1/= -fno-stack-protector -fno-strict-aliasing -fpic -fshort-wchar -nostdinc -Os -Wall -Wextra -Wno-missing-field-initializers -Wno-empty-body -Wno-implicit-fallthrough -Wno-old-style-declaration -Wno-unused-but-set-variable -Wno-unused-parameter -Werror -Wno-error=unused-but-set-variable -Wno-error=unused-parameter -I/builddir/build/BUILD/shim-16.1/Cryptlib/OpenSSL -I/builddir/build/BUILD/shim-16.1/Cryptlib -I/builddir/build/BUILD/shim-16.1/Cryptlib/OpenSSL/Include/ -I/builddir/build/BUILD/shim-16.1/Cryptlib/OpenSSL/crypto -I/builddir/build/BUILD/shim-16.1/Cryptlib/Include -I/builddir/build/BUILD/shim-16.1/gnu-efi/inc -I/builddir/build/BUILD/shim-16.1/gnu-efi/inc/aarch64 -I/builddir/build/BUILD/shim-16.1/gnu-efi/inc/protocol -I/builddir/build/BUILD/shim-16.1/Cryptlib/OpenSSL/crypto/asn1 -I/builddir/build/BUILD/shim-16.1/Cryptlib/OpenSSL/crypto/evp -I/builddir/build/BUILD/shim-16.1/Cryptlib/OpenSSL/crypto/modes -I/builddir/build/BUILD/shim-16.1/Cryptlib/OpenSSL/crypto/include -isystem /builddir/build/BUILD/shim-16.1/include/system -isystem /usr/lib/gcc/aarch64-redhat-linux/11/include -DL_ENDIAN -D_CRT_SECURE_NO_DEPRECATE -D_CRT_NONSTDC_NO_DEPRECATE -DOPENSSL_SMALL_FOOTPRINT -DPEDANTIC -DMDE_CPU_AARCH64   -c -o crypto/x509v3/v3_info.o /builddir/build/BUILD/shim-16.1/Cryptlib/OpenSSL/crypto/x509v3/v3_info.c
DEBUG util.py:461:  gcc -std=gnu11 -ggdb -gdwarf-4 -gstrict-dwarf -ffreestanding -fmacro-prefix-map=/builddir/build/BUILD/shim-16.1/= -fno-stack-protector -fno-strict-aliasing -fpic -fshort-wchar -nostdinc -Os -Wall -Wextra -Wno-missing-field-initializers -Wno-empty-body -Wno-implicit-fallthrough -Wno-old-style-declaration -Wno-unused-but-set-variable -Wno-unused-parameter -Werror -Wno-error=unused-but-set-variable -Wno-error=unused-parameter -I/builddir/build/BUILD/shim-16.1/Cryptlib/OpenSSL -I/builddir/build/BUILD/shim-16.1/Cryptlib -I/builddir/build/BUILD/shim-16.1/Cryptlib/OpenSSL/Include/ -I/builddir/build/BUILD/shim-16.1/Cryptlib/OpenSSL/crypto -I/builddir/build/BUILD/shim-16.1/Cryptlib/Include -I/builddir/build/BUILD/shim-16.1/gnu-efi/inc -I/builddir/build/BUILD/shim-16.1/gnu-efi/inc/aarch64 -I/builddir/build/BUILD/shim-16.1/gnu-efi/inc/protocol -I/builddir/build/BUILD/shim-16.1/Cryptlib/OpenSSL/crypto/asn1 -I/builddir/build/BUILD/shim-16.1/Cryptlib/OpenSSL/crypto/evp -I/builddir/build/BUILD/shim-16.1/Cryptlib/OpenSSL/crypto/modes -I/builddir/build/BUILD/shim-16.1/Cryptlib/OpenSSL/crypto/include -isystem /builddir/build/BUILD/shim-16.1/include/system -isystem /usr/lib/gcc/aarch64-redhat-linux/11/include -DL_ENDIAN -D_CRT_SECURE_NO_DEPRECATE -D_CRT_NONSTDC_NO_DEPRECATE -DOPENSSL_SMALL_FOOTPRINT -DPEDANTIC -DMDE_CPU_AARCH64   -c -o crypto/x509v3/v3_ocsp.o /builddir/build/BUILD/shim-16.1/Cryptlib/OpenSSL/crypto/x509v3/v3_ocsp.c
DEBUG util.py:461:  gcc -std=gnu11 -ggdb -gdwarf-4 -gstrict-dwarf -ffreestanding -fmacro-prefix-map=/builddir/build/BUILD/shim-16.1/= -fno-stack-protector -fno-strict-aliasing -fpic -fshort-wchar -nostdinc -Os -Wall -Wextra -Wno-missing-field-initializers -Wno-empty-body -Wno-implicit-fallthrough -Wno-old-style-declaration -Wno-unused-but-set-variable -Wno-unused-parameter -Werror -Wno-error=unused-but-set-variable -Wno-error=unused-parameter -I/builddir/build/BUILD/shim-16.1/Cryptlib/OpenSSL -I/builddir/build/BUILD/shim-16.1/Cryptlib -I/builddir/build/BUILD/shim-16.1/Cryptlib/OpenSSL/Include/ -I/builddir/build/BUILD/shim-16.1/Cryptlib/OpenSSL/crypto -I/builddir/build/BUILD/shim-16.1/Cryptlib/Include -I/builddir/build/BUILD/shim-16.1/gnu-efi/inc -I/builddir/build/BUILD/shim-16.1/gnu-efi/inc/aarch64 -I/builddir/build/BUILD/shim-16.1/gnu-efi/inc/protocol -I/builddir/build/BUILD/shim-16.1/Cryptlib/OpenSSL/crypto/asn1 -I/builddir/build/BUILD/shim-16.1/Cryptlib/OpenSSL/crypto/evp -I/builddir/build/BUILD/shim-16.1/Cryptlib/OpenSSL/crypto/modes -I/builddir/build/BUILD/shim-16.1/Cryptlib/OpenSSL/crypto/include -isystem /builddir/build/BUILD/shim-16.1/include/system -isystem /usr/lib/gcc/aarch64-redhat-linux/11/include -DL_ENDIAN -D_CRT_SECURE_NO_DEPRECATE -D_CRT_NONSTDC_NO_DEPRECATE -DOPENSSL_SMALL_FOOTPRINT -DPEDANTIC -DMDE_CPU_AARCH64   -c -o crypto/x509v3/v3_akeya.o /builddir/build/BUILD/shim-16.1/Cryptlib/OpenSSL/crypto/x509v3/v3_akeya.c
DEBUG util.py:461:  gcc -std=gnu11 -ggdb -gdwarf-4 -gstrict-dwarf -ffreestanding -fmacro-prefix-map=/builddir/build/BUILD/shim-16.1/= -fno-stack-protector -fno-strict-aliasing -fpic -fshort-wchar -nostdinc -Os -Wall -Wextra -Wno-missing-field-initializers -Wno-empty-body -Wno-implicit-fallthrough -Wno-old-style-declaration -Wno-unused-but-set-variable -Wno-unused-parameter -Werror -Wno-error=unused-but-set-variable -Wno-error=unused-parameter -I/builddir/build/BUILD/shim-16.1/Cryptlib/OpenSSL -I/builddir/build/BUILD/shim-16.1/Cryptlib -I/builddir/build/BUILD/shim-16.1/Cryptlib/OpenSSL/Include/ -I/builddir/build/BUILD/shim-16.1/Cryptlib/OpenSSL/crypto -I/builddir/build/BUILD/shim-16.1/Cryptlib/Include -I/builddir/build/BUILD/shim-16.1/gnu-efi/inc -I/builddir/build/BUILD/shim-16.1/gnu-efi/inc/aarch64 -I/builddir/build/BUILD/shim-16.1/gnu-efi/inc/protocol -I/builddir/build/BUILD/shim-16.1/Cryptlib/OpenSSL/crypto/asn1 -I/builddir/build/BUILD/shim-16.1/Cryptlib/OpenSSL/crypto/evp -I/builddir/build/BUILD/shim-16.1/Cryptlib/OpenSSL/crypto/modes -I/builddir/build/BUILD/shim-16.1/Cryptlib/OpenSSL/crypto/include -isystem /builddir/build/BUILD/shim-16.1/include/system -isystem /usr/lib/gcc/aarch64-redhat-linux/11/include -DL_ENDIAN -D_CRT_SECURE_NO_DEPRECATE -D_CRT_NONSTDC_NO_DEPRECATE -DOPENSSL_SMALL_FOOTPRINT -DPEDANTIC -DMDE_CPU_AARCH64   -c -o crypto/x509v3/v3_pmaps.o /builddir/build/BUILD/shim-16.1/Cryptlib/OpenSSL/crypto/x509v3/v3_pmaps.c
DEBUG util.py:461:  gcc -std=gnu11 -ggdb -gdwarf-4 -gstrict-dwarf -ffreestanding -fmacro-prefix-map=/builddir/build/BUILD/shim-16.1/= -fno-stack-protector -fno-strict-aliasing -fpic -fshort-wchar -nostdinc -Os -Wall -Wextra -Wno-missing-field-initializers -Wno-empty-body -Wno-implicit-fallthrough -Wno-old-style-declaration -Wno-unused-but-set-variable -Wno-unused-parameter -Werror -Wno-error=unused-but-set-variable -Wno-error=unused-parameter -I/builddir/build/BUILD/shim-16.1/Cryptlib/OpenSSL -I/builddir/build/BUILD/shim-16.1/Cryptlib -I/builddir/build/BUILD/shim-16.1/Cryptlib/OpenSSL/Include/ -I/builddir/build/BUILD/shim-16.1/Cryptlib/OpenSSL/crypto -I/builddir/build/BUILD/shim-16.1/Cryptlib/Include -I/builddir/build/BUILD/shim-16.1/gnu-efi/inc -I/builddir/build/BUILD/shim-16.1/gnu-efi/inc/aarch64 -I/builddir/build/BUILD/shim-16.1/gnu-efi/inc/protocol -I/builddir/build/BUILD/shim-16.1/Cryptlib/OpenSSL/crypto/asn1 -I/builddir/build/BUILD/shim-16.1/Cryptlib/OpenSSL/crypto/evp -I/builddir/build/BUILD/shim-16.1/Cryptlib/OpenSSL/crypto/modes -I/builddir/build/BUILD/shim-16.1/Cryptlib/OpenSSL/crypto/include -isystem /builddir/build/BUILD/shim-16.1/include/system -isystem /usr/lib/gcc/aarch64-redhat-linux/11/include -DL_ENDIAN -D_CRT_SECURE_NO_DEPRECATE -D_CRT_NONSTDC_NO_DEPRECATE -DOPENSSL_SMALL_FOOTPRINT -DPEDANTIC -DMDE_CPU_AARCH64   -c -o crypto/x509v3/v3_pcons.o /builddir/build/BUILD/shim-16.1/Cryptlib/OpenSSL/crypto/x509v3/v3_pcons.c
DEBUG util.py:461:  gcc -std=gnu11 -ggdb -gdwarf-4 -gstrict-dwarf -ffreestanding -fmacro-prefix-map=/builddir/build/BUILD/shim-16.1/= -fno-stack-protector -fno-strict-aliasing -fpic -fshort-wchar -nostdinc -Os -Wall -Wextra -Wno-missing-field-initializers -Wno-empty-body -Wno-implicit-fallthrough -Wno-old-style-declaration -Wno-unused-but-set-variable -Wno-unused-parameter -Werror -Wno-error=unused-but-set-variable -Wno-error=unused-parameter -I/builddir/build/BUILD/shim-16.1/Cryptlib/OpenSSL -I/builddir/build/BUILD/shim-16.1/Cryptlib -I/builddir/build/BUILD/shim-16.1/Cryptlib/OpenSSL/Include/ -I/builddir/build/BUILD/shim-16.1/Cryptlib/OpenSSL/crypto -I/builddir/build/BUILD/shim-16.1/Cryptlib/Include -I/builddir/build/BUILD/shim-16.1/gnu-efi/inc -I/builddir/build/BUILD/shim-16.1/gnu-efi/inc/aarch64 -I/builddir/build/BUILD/shim-16.1/gnu-efi/inc/protocol -I/builddir/build/BUILD/shim-16.1/Cryptlib/OpenSSL/crypto/asn1 -I/builddir/build/BUILD/shim-16.1/Cryptlib/OpenSSL/crypto/evp -I/builddir/build/BUILD/shim-16.1/Cryptlib/OpenSSL/crypto/modes -I/builddir/build/BUILD/shim-16.1/Cryptlib/OpenSSL/crypto/include -isystem /builddir/build/BUILD/shim-16.1/include/system -isystem /usr/lib/gcc/aarch64-redhat-linux/11/include -DL_ENDIAN -D_CRT_SECURE_NO_DEPRECATE -D_CRT_NONSTDC_NO_DEPRECATE -DOPENSSL_SMALL_FOOTPRINT -DPEDANTIC -DMDE_CPU_AARCH64   -c -o crypto/x509v3/v3_ncons.o /builddir/build/BUILD/shim-16.1/Cryptlib/OpenSSL/crypto/x509v3/v3_ncons.c
DEBUG util.py:461:  gcc -std=gnu11 -ggdb -gdwarf-4 -gstrict-dwarf -ffreestanding -fmacro-prefix-map=/builddir/build/BUILD/shim-16.1/= -fno-stack-protector -fno-strict-aliasing -fpic -fshort-wchar -nostdinc -Os -Wall -Wextra -Wno-missing-field-initializers -Wno-empty-body -Wno-implicit-fallthrough -Wno-old-style-declaration -Wno-unused-but-set-variable -Wno-unused-parameter -Werror -Wno-error=unused-but-set-variable -Wno-error=unused-parameter -I/builddir/build/BUILD/shim-16.1/Cryptlib/OpenSSL -I/builddir/build/BUILD/shim-16.1/Cryptlib -I/builddir/build/BUILD/shim-16.1/Cryptlib/OpenSSL/Include/ -I/builddir/build/BUILD/shim-16.1/Cryptlib/OpenSSL/crypto -I/builddir/build/BUILD/shim-16.1/Cryptlib/Include -I/builddir/build/BUILD/shim-16.1/gnu-efi/inc -I/builddir/build/BUILD/shim-16.1/gnu-efi/inc/aarch64 -I/builddir/build/BUILD/shim-16.1/gnu-efi/inc/protocol -I/builddir/build/BUILD/shim-16.1/Cryptlib/OpenSSL/crypto/asn1 -I/builddir/build/BUILD/shim-16.1/Cryptlib/OpenSSL/crypto/evp -I/builddir/build/BUILD/shim-16.1/Cryptlib/OpenSSL/crypto/modes -I/builddir/build/BUILD/shim-16.1/Cryptlib/OpenSSL/crypto/include -isystem /builddir/build/BUILD/shim-16.1/include/system -isystem /usr/lib/gcc/aarch64-redhat-linux/11/include -DL_ENDIAN -D_CRT_SECURE_NO_DEPRECATE -D_CRT_NONSTDC_NO_DEPRECATE -DOPENSSL_SMALL_FOOTPRINT -DPEDANTIC -DMDE_CPU_AARCH64   -c -o crypto/x509v3/v3_pcia.o /builddir/build/BUILD/shim-16.1/Cryptlib/OpenSSL/crypto/x509v3/v3_pcia.c
DEBUG util.py:461:  gcc -std=gnu11 -ggdb -gdwarf-4 -gstrict-dwarf -ffreestanding -fmacro-prefix-map=/builddir/build/BUILD/shim-16.1/= -fno-stack-protector -fno-strict-aliasing -fpic -fshort-wchar -nostdinc -Os -Wall -Wextra -Wno-missing-field-initializers -Wno-empty-body -Wno-implicit-fallthrough -Wno-old-style-declaration -Wno-unused-but-set-variable -Wno-unused-parameter -Werror -Wno-error=unused-but-set-variable -Wno-error=unused-parameter -I/builddir/build/BUILD/shim-16.1/Cryptlib/OpenSSL -I/builddir/build/BUILD/shim-16.1/Cryptlib -I/builddir/build/BUILD/shim-16.1/Cryptlib/OpenSSL/Include/ -I/builddir/build/BUILD/shim-16.1/Cryptlib/OpenSSL/crypto -I/builddir/build/BUILD/shim-16.1/Cryptlib/Include -I/builddir/build/BUILD/shim-16.1/gnu-efi/inc -I/builddir/build/BUILD/shim-16.1/gnu-efi/inc/aarch64 -I/builddir/build/BUILD/shim-16.1/gnu-efi/inc/protocol -I/builddir/build/BUILD/shim-16.1/Cryptlib/OpenSSL/crypto/asn1 -I/builddir/build/BUILD/shim-16.1/Cryptlib/OpenSSL/crypto/evp -I/builddir/build/BUILD/shim-16.1/Cryptlib/OpenSSL/crypto/modes -I/builddir/build/BUILD/shim-16.1/Cryptlib/OpenSSL/crypto/include -isystem /builddir/build/BUILD/shim-16.1/include/system -isystem /usr/lib/gcc/aarch64-redhat-linux/11/include -DL_ENDIAN -D_CRT_SECURE_NO_DEPRECATE -D_CRT_NONSTDC_NO_DEPRECATE -DOPENSSL_SMALL_FOOTPRINT -DPEDANTIC -DMDE_CPU_AARCH64   -c -o crypto/x509v3/v3_pci.o /builddir/build/BUILD/shim-16.1/Cryptlib/OpenSSL/crypto/x509v3/v3_pci.c
DEBUG util.py:461:  gcc -std=gnu11 -ggdb -gdwarf-4 -gstrict-dwarf -ffreestanding -fmacro-prefix-map=/builddir/build/BUILD/shim-16.1/= -fno-stack-protector -fno-strict-aliasing -fpic -fshort-wchar -nostdinc -Os -Wall -Wextra -Wno-missing-field-initializers -Wno-empty-body -Wno-implicit-fallthrough -Wno-old-style-declaration -Wno-unused-but-set-variable -Wno-unused-parameter -Werror -Wno-error=unused-but-set-variable -Wno-error=unused-parameter -I/builddir/build/BUILD/shim-16.1/Cryptlib/OpenSSL -I/builddir/build/BUILD/shim-16.1/Cryptlib -I/builddir/build/BUILD/shim-16.1/Cryptlib/OpenSSL/Include/ -I/builddir/build/BUILD/shim-16.1/Cryptlib/OpenSSL/crypto -I/builddir/build/BUILD/shim-16.1/Cryptlib/Include -I/builddir/build/BUILD/shim-16.1/gnu-efi/inc -I/builddir/build/BUILD/shim-16.1/gnu-efi/inc/aarch64 -I/builddir/build/BUILD/shim-16.1/gnu-efi/inc/protocol -I/builddir/build/BUILD/shim-16.1/Cryptlib/OpenSSL/crypto/asn1 -I/builddir/build/BUILD/shim-16.1/Cryptlib/OpenSSL/crypto/evp -I/builddir/build/BUILD/shim-16.1/Cryptlib/OpenSSL/crypto/modes -I/builddir/build/BUILD/shim-16.1/Cryptlib/OpenSSL/crypto/include -isystem /builddir/build/BUILD/shim-16.1/include/system -isystem /usr/lib/gcc/aarch64-redhat-linux/11/include -DL_ENDIAN -D_CRT_SECURE_NO_DEPRECATE -D_CRT_NONSTDC_NO_DEPRECATE -DOPENSSL_SMALL_FOOTPRINT -DPEDANTIC -DMDE_CPU_AARCH64   -c -o crypto/x509v3/pcy_cache.o /builddir/build/BUILD/shim-16.1/Cryptlib/OpenSSL/crypto/x509v3/pcy_cache.c
DEBUG util.py:461:  gcc -std=gnu11 -ggdb -gdwarf-4 -gstrict-dwarf -ffreestanding -fmacro-prefix-map=/builddir/build/BUILD/shim-16.1/= -fno-stack-protector -fno-strict-aliasing -fpic -fshort-wchar -nostdinc -Os -Wall -Wextra -Wno-missing-field-initializers -Wno-empty-body -Wno-implicit-fallthrough -Wno-old-style-declaration -Wno-unused-but-set-variable -Wno-unused-parameter -Werror -Wno-error=unused-but-set-variable -Wno-error=unused-parameter -I/builddir/build/BUILD/shim-16.1/Cryptlib/OpenSSL -I/builddir/build/BUILD/shim-16.1/Cryptlib -I/builddir/build/BUILD/shim-16.1/Cryptlib/OpenSSL/Include/ -I/builddir/build/BUILD/shim-16.1/Cryptlib/OpenSSL/crypto -I/builddir/build/BUILD/shim-16.1/Cryptlib/Include -I/builddir/build/BUILD/shim-16.1/gnu-efi/inc -I/builddir/build/BUILD/shim-16.1/gnu-efi/inc/aarch64 -I/builddir/build/BUILD/shim-16.1/gnu-efi/inc/protocol -I/builddir/build/BUILD/shim-16.1/Cryptlib/OpenSSL/crypto/asn1 -I/builddir/build/BUILD/shim-16.1/Cryptlib/OpenSSL/crypto/evp -I/builddir/build/BUILD/shim-16.1/Cryptlib/OpenSSL/crypto/modes -I/builddir/build/BUILD/shim-16.1/Cryptlib/OpenSSL/crypto/include -isystem /builddir/build/BUILD/shim-16.1/include/system -isystem /usr/lib/gcc/aarch64-redhat-linux/11/include -DL_ENDIAN -D_CRT_SECURE_NO_DEPRECATE -D_CRT_NONSTDC_NO_DEPRECATE -DOPENSSL_SMALL_FOOTPRINT -DPEDANTIC -DMDE_CPU_AARCH64   -c -o crypto/x509v3/pcy_node.o /builddir/build/BUILD/shim-16.1/Cryptlib/OpenSSL/crypto/x509v3/pcy_node.c
DEBUG util.py:461:  gcc -std=gnu11 -ggdb -gdwarf-4 -gstrict-dwarf -ffreestanding -fmacro-prefix-map=/builddir/build/BUILD/shim-16.1/= -fno-stack-protector -fno-strict-aliasing -fpic -fshort-wchar -nostdinc -Os -Wall -Wextra -Wno-missing-field-initializers -Wno-empty-body -Wno-implicit-fallthrough -Wno-old-style-declaration -Wno-unused-but-set-variable -Wno-unused-parameter -Werror -Wno-error=unused-but-set-variable -Wno-error=unused-parameter -I/builddir/build/BUILD/shim-16.1/Cryptlib/OpenSSL -I/builddir/build/BUILD/shim-16.1/Cryptlib -I/builddir/build/BUILD/shim-16.1/Cryptlib/OpenSSL/Include/ -I/builddir/build/BUILD/shim-16.1/Cryptlib/OpenSSL/crypto -I/builddir/build/BUILD/shim-16.1/Cryptlib/Include -I/builddir/build/BUILD/shim-16.1/gnu-efi/inc -I/builddir/build/BUILD/shim-16.1/gnu-efi/inc/aarch64 -I/builddir/build/BUILD/shim-16.1/gnu-efi/inc/protocol -I/builddir/build/BUILD/shim-16.1/Cryptlib/OpenSSL/crypto/asn1 -I/builddir/build/BUILD/shim-16.1/Cryptlib/OpenSSL/crypto/evp -I/builddir/build/BUILD/shim-16.1/Cryptlib/OpenSSL/crypto/modes -I/builddir/build/BUILD/shim-16.1/Cryptlib/OpenSSL/crypto/include -isystem /builddir/build/BUILD/shim-16.1/include/system -isystem /usr/lib/gcc/aarch64-redhat-linux/11/include -DL_ENDIAN -D_CRT_SECURE_NO_DEPRECATE -D_CRT_NONSTDC_NO_DEPRECATE -DOPENSSL_SMALL_FOOTPRINT -DPEDANTIC -DMDE_CPU_AARCH64   -c -o crypto/x509v3/pcy_data.o /builddir/build/BUILD/shim-16.1/Cryptlib/OpenSSL/crypto/x509v3/pcy_data.c
DEBUG util.py:461:  gcc -std=gnu11 -ggdb -gdwarf-4 -gstrict-dwarf -ffreestanding -fmacro-prefix-map=/builddir/build/BUILD/shim-16.1/= -fno-stack-protector -fno-strict-aliasing -fpic -fshort-wchar -nostdinc -Os -Wall -Wextra -Wno-missing-field-initializers -Wno-empty-body -Wno-implicit-fallthrough -Wno-old-style-declaration -Wno-unused-but-set-variable -Wno-unused-parameter -Werror -Wno-error=unused-but-set-variable -Wno-error=unused-parameter -I/builddir/build/BUILD/shim-16.1/Cryptlib/OpenSSL -I/builddir/build/BUILD/shim-16.1/Cryptlib -I/builddir/build/BUILD/shim-16.1/Cryptlib/OpenSSL/Include/ -I/builddir/build/BUILD/shim-16.1/Cryptlib/OpenSSL/crypto -I/builddir/build/BUILD/shim-16.1/Cryptlib/Include -I/builddir/build/BUILD/shim-16.1/gnu-efi/inc -I/builddir/build/BUILD/shim-16.1/gnu-efi/inc/aarch64 -I/builddir/build/BUILD/shim-16.1/gnu-efi/inc/protocol -I/builddir/build/BUILD/shim-16.1/Cryptlib/OpenSSL/crypto/asn1 -I/builddir/build/BUILD/shim-16.1/Cryptlib/OpenSSL/crypto/evp -I/builddir/build/BUILD/shim-16.1/Cryptlib/OpenSSL/crypto/modes -I/builddir/build/BUILD/shim-16.1/Cryptlib/OpenSSL/crypto/include -isystem /builddir/build/BUILD/shim-16.1/include/system -isystem /usr/lib/gcc/aarch64-redhat-linux/11/include -DL_ENDIAN -D_CRT_SECURE_NO_DEPRECATE -D_CRT_NONSTDC_NO_DEPRECATE -DOPENSSL_SMALL_FOOTPRINT -DPEDANTIC -DMDE_CPU_AARCH64   -c -o crypto/x509v3/pcy_map.o /builddir/build/BUILD/shim-16.1/Cryptlib/OpenSSL/crypto/x509v3/pcy_map.c
DEBUG util.py:461:  gcc -std=gnu11 -ggdb -gdwarf-4 -gstrict-dwarf -ffreestanding -fmacro-prefix-map=/builddir/build/BUILD/shim-16.1/= -fno-stack-protector -fno-strict-aliasing -fpic -fshort-wchar -nostdinc -Os -Wall -Wextra -Wno-missing-field-initializers -Wno-empty-body -Wno-implicit-fallthrough -Wno-old-style-declaration -Wno-unused-but-set-variable -Wno-unused-parameter -Werror -Wno-error=unused-but-set-variable -Wno-error=unused-parameter -I/builddir/build/BUILD/shim-16.1/Cryptlib/OpenSSL -I/builddir/build/BUILD/shim-16.1/Cryptlib -I/builddir/build/BUILD/shim-16.1/Cryptlib/OpenSSL/Include/ -I/builddir/build/BUILD/shim-16.1/Cryptlib/OpenSSL/crypto -I/builddir/build/BUILD/shim-16.1/Cryptlib/Include -I/builddir/build/BUILD/shim-16.1/gnu-efi/inc -I/builddir/build/BUILD/shim-16.1/gnu-efi/inc/aarch64 -I/builddir/build/BUILD/shim-16.1/gnu-efi/inc/protocol -I/builddir/build/BUILD/shim-16.1/Cryptlib/OpenSSL/crypto/asn1 -I/builddir/build/BUILD/shim-16.1/Cryptlib/OpenSSL/crypto/evp -I/builddir/build/BUILD/shim-16.1/Cryptlib/OpenSSL/crypto/modes -I/builddir/build/BUILD/shim-16.1/Cryptlib/OpenSSL/crypto/include -isystem /builddir/build/BUILD/shim-16.1/include/system -isystem /usr/lib/gcc/aarch64-redhat-linux/11/include -DL_ENDIAN -D_CRT_SECURE_NO_DEPRECATE -D_CRT_NONSTDC_NO_DEPRECATE -DOPENSSL_SMALL_FOOTPRINT -DPEDANTIC -DMDE_CPU_AARCH64   -c -o crypto/x509v3/pcy_tree.o /builddir/build/BUILD/shim-16.1/Cryptlib/OpenSSL/crypto/x509v3/pcy_tree.c
DEBUG util.py:461:  gcc -std=gnu11 -ggdb -gdwarf-4 -gstrict-dwarf -ffreestanding -fmacro-prefix-map=/builddir/build/BUILD/shim-16.1/= -fno-stack-protector -fno-strict-aliasing -fpic -fshort-wchar -nostdinc -Os -Wall -Wextra -Wno-missing-field-initializers -Wno-empty-body -Wno-implicit-fallthrough -Wno-old-style-declaration -Wno-unused-but-set-variable -Wno-unused-parameter -Werror -Wno-error=unused-but-set-variable -Wno-error=unused-parameter -I/builddir/build/BUILD/shim-16.1/Cryptlib/OpenSSL -I/builddir/build/BUILD/shim-16.1/Cryptlib -I/builddir/build/BUILD/shim-16.1/Cryptlib/OpenSSL/Include/ -I/builddir/build/BUILD/shim-16.1/Cryptlib/OpenSSL/crypto -I/builddir/build/BUILD/shim-16.1/Cryptlib/Include -I/builddir/build/BUILD/shim-16.1/gnu-efi/inc -I/builddir/build/BUILD/shim-16.1/gnu-efi/inc/aarch64 -I/builddir/build/BUILD/shim-16.1/gnu-efi/inc/protocol -I/builddir/build/BUILD/shim-16.1/Cryptlib/OpenSSL/crypto/asn1 -I/builddir/build/BUILD/shim-16.1/Cryptlib/OpenSSL/crypto/evp -I/builddir/build/BUILD/shim-16.1/Cryptlib/OpenSSL/crypto/modes -I/builddir/build/BUILD/shim-16.1/Cryptlib/OpenSSL/crypto/include -isystem /builddir/build/BUILD/shim-16.1/include/system -isystem /usr/lib/gcc/aarch64-redhat-linux/11/include -DL_ENDIAN -D_CRT_SECURE_NO_DEPRECATE -D_CRT_NONSTDC_NO_DEPRECATE -DOPENSSL_SMALL_FOOTPRINT -DPEDANTIC -DMDE_CPU_AARCH64   -c -o crypto/x509v3/pcy_lib.o /builddir/build/BUILD/shim-16.1/Cryptlib/OpenSSL/crypto/x509v3/pcy_lib.c
DEBUG util.py:461:  gcc -std=gnu11 -ggdb -gdwarf-4 -gstrict-dwarf -ffreestanding -fmacro-prefix-map=/builddir/build/BUILD/shim-16.1/= -fno-stack-protector -fno-strict-aliasing -fpic -fshort-wchar -nostdinc -Os -Wall -Wextra -Wno-missing-field-initializers -Wno-empty-body -Wno-implicit-fallthrough -Wno-old-style-declaration -Wno-unused-but-set-variable -Wno-unused-parameter -Werror -Wno-error=unused-but-set-variable -Wno-error=unused-parameter -I/builddir/build/BUILD/shim-16.1/Cryptlib/OpenSSL -I/builddir/build/BUILD/shim-16.1/Cryptlib -I/builddir/build/BUILD/shim-16.1/Cryptlib/OpenSSL/Include/ -I/builddir/build/BUILD/shim-16.1/Cryptlib/OpenSSL/crypto -I/builddir/build/BUILD/shim-16.1/Cryptlib/Include -I/builddir/build/BUILD/shim-16.1/gnu-efi/inc -I/builddir/build/BUILD/shim-16.1/gnu-efi/inc/aarch64 -I/builddir/build/BUILD/shim-16.1/gnu-efi/inc/protocol -I/builddir/build/BUILD/shim-16.1/Cryptlib/OpenSSL/crypto/asn1 -I/builddir/build/BUILD/shim-16.1/Cryptlib/OpenSSL/crypto/evp -I/builddir/build/BUILD/shim-16.1/Cryptlib/OpenSSL/crypto/modes -I/builddir/build/BUILD/shim-16.1/Cryptlib/OpenSSL/crypto/include -isystem /builddir/build/BUILD/shim-16.1/include/system -isystem /usr/lib/gcc/aarch64-redhat-linux/11/include -DL_ENDIAN -D_CRT_SECURE_NO_DEPRECATE -D_CRT_NONSTDC_NO_DEPRECATE -DOPENSSL_SMALL_FOOTPRINT -DPEDANTIC -DMDE_CPU_AARCH64   -c -o crypto/x509v3/v3_asid.o /builddir/build/BUILD/shim-16.1/Cryptlib/OpenSSL/crypto/x509v3/v3_asid.c
DEBUG util.py:461:  gcc -std=gnu11 -ggdb -gdwarf-4 -gstrict-dwarf -ffreestanding -fmacro-prefix-map=/builddir/build/BUILD/shim-16.1/= -fno-stack-protector -fno-strict-aliasing -fpic -fshort-wchar -nostdinc -Os -Wall -Wextra -Wno-missing-field-initializers -Wno-empty-body -Wno-implicit-fallthrough -Wno-old-style-declaration -Wno-unused-but-set-variable -Wno-unused-parameter -Werror -Wno-error=unused-but-set-variable -Wno-error=unused-parameter -I/builddir/build/BUILD/shim-16.1/Cryptlib/OpenSSL -I/builddir/build/BUILD/shim-16.1/Cryptlib -I/builddir/build/BUILD/shim-16.1/Cryptlib/OpenSSL/Include/ -I/builddir/build/BUILD/shim-16.1/Cryptlib/OpenSSL/crypto -I/builddir/build/BUILD/shim-16.1/Cryptlib/Include -I/builddir/build/BUILD/shim-16.1/gnu-efi/inc -I/builddir/build/BUILD/shim-16.1/gnu-efi/inc/aarch64 -I/builddir/build/BUILD/shim-16.1/gnu-efi/inc/protocol -I/builddir/build/BUILD/shim-16.1/Cryptlib/OpenSSL/crypto/asn1 -I/builddir/build/BUILD/shim-16.1/Cryptlib/OpenSSL/crypto/evp -I/builddir/build/BUILD/shim-16.1/Cryptlib/OpenSSL/crypto/modes -I/builddir/build/BUILD/shim-16.1/Cryptlib/OpenSSL/crypto/include -isystem /builddir/build/BUILD/shim-16.1/include/system -isystem /usr/lib/gcc/aarch64-redhat-linux/11/include -DL_ENDIAN -D_CRT_SECURE_NO_DEPRECATE -D_CRT_NONSTDC_NO_DEPRECATE -DOPENSSL_SMALL_FOOTPRINT -DPEDANTIC -DMDE_CPU_AARCH64   -c -o crypto/x509v3/v3_addr.o /builddir/build/BUILD/shim-16.1/Cryptlib/OpenSSL/crypto/x509v3/v3_addr.c
DEBUG util.py:461:  gcc -std=gnu11 -ggdb -gdwarf-4 -gstrict-dwarf -ffreestanding -fmacro-prefix-map=/builddir/build/BUILD/shim-16.1/= -fno-stack-protector -fno-strict-aliasing -fpic -fshort-wchar -nostdinc -Os -Wall -Wextra -Wno-missing-field-initializers -Wno-empty-body -Wno-implicit-fallthrough -Wno-old-style-declaration -Wno-unused-but-set-variable -Wno-unused-parameter -Werror -Wno-error=unused-but-set-variable -Wno-error=unused-parameter -I/builddir/build/BUILD/shim-16.1/Cryptlib/OpenSSL -I/builddir/build/BUILD/shim-16.1/Cryptlib -I/builddir/build/BUILD/shim-16.1/Cryptlib/OpenSSL/Include/ -I/builddir/build/BUILD/shim-16.1/Cryptlib/OpenSSL/crypto -I/builddir/build/BUILD/shim-16.1/Cryptlib/Include -I/builddir/build/BUILD/shim-16.1/gnu-efi/inc -I/builddir/build/BUILD/shim-16.1/gnu-efi/inc/aarch64 -I/builddir/build/BUILD/shim-16.1/gnu-efi/inc/protocol -I/builddir/build/BUILD/shim-16.1/Cryptlib/OpenSSL/crypto/asn1 -I/builddir/build/BUILD/shim-16.1/Cryptlib/OpenSSL/crypto/evp -I/builddir/build/BUILD/shim-16.1/Cryptlib/OpenSSL/crypto/modes -I/builddir/build/BUILD/shim-16.1/Cryptlib/OpenSSL/crypto/include -isystem /builddir/build/BUILD/shim-16.1/include/system -isystem /usr/lib/gcc/aarch64-redhat-linux/11/include -DL_ENDIAN -D_CRT_SECURE_NO_DEPRECATE -D_CRT_NONSTDC_NO_DEPRECATE -DOPENSSL_SMALL_FOOTPRINT -DPEDANTIC -DMDE_CPU_AARCH64   -c -o crypto/conf/conf_err.o /builddir/build/BUILD/shim-16.1/Cryptlib/OpenSSL/crypto/conf/conf_err.c
DEBUG util.py:461:  gcc -std=gnu11 -ggdb -gdwarf-4 -gstrict-dwarf -ffreestanding -fmacro-prefix-map=/builddir/build/BUILD/shim-16.1/= -fno-stack-protector -fno-strict-aliasing -fpic -fshort-wchar -nostdinc -Os -Wall -Wextra -Wno-missing-field-initializers -Wno-empty-body -Wno-implicit-fallthrough -Wno-old-style-declaration -Wno-unused-but-set-variable -Wno-unused-parameter -Werror -Wno-error=unused-but-set-variable -Wno-error=unused-parameter -I/builddir/build/BUILD/shim-16.1/Cryptlib/OpenSSL -I/builddir/build/BUILD/shim-16.1/Cryptlib -I/builddir/build/BUILD/shim-16.1/Cryptlib/OpenSSL/Include/ -I/builddir/build/BUILD/shim-16.1/Cryptlib/OpenSSL/crypto -I/builddir/build/BUILD/shim-16.1/Cryptlib/Include -I/builddir/build/BUILD/shim-16.1/gnu-efi/inc -I/builddir/build/BUILD/shim-16.1/gnu-efi/inc/aarch64 -I/builddir/build/BUILD/shim-16.1/gnu-efi/inc/protocol -I/builddir/build/BUILD/shim-16.1/Cryptlib/OpenSSL/crypto/asn1 -I/builddir/build/BUILD/shim-16.1/Cryptlib/OpenSSL/crypto/evp -I/builddir/build/BUILD/shim-16.1/Cryptlib/OpenSSL/crypto/modes -I/builddir/build/BUILD/shim-16.1/Cryptlib/OpenSSL/crypto/include -isystem /builddir/build/BUILD/shim-16.1/include/system -isystem /usr/lib/gcc/aarch64-redhat-linux/11/include -DL_ENDIAN -D_CRT_SECURE_NO_DEPRECATE -D_CRT_NONSTDC_NO_DEPRECATE -DOPENSSL_SMALL_FOOTPRINT -DPEDANTIC -DMDE_CPU_AARCH64   -c -o crypto/conf/conf_lib.o /builddir/build/BUILD/shim-16.1/Cryptlib/OpenSSL/crypto/conf/conf_lib.c
DEBUG util.py:461:  gcc -std=gnu11 -ggdb -gdwarf-4 -gstrict-dwarf -ffreestanding -fmacro-prefix-map=/builddir/build/BUILD/shim-16.1/= -fno-stack-protector -fno-strict-aliasing -fpic -fshort-wchar -nostdinc -Os -Wall -Wextra -Wno-missing-field-initializers -Wno-empty-body -Wno-implicit-fallthrough -Wno-old-style-declaration -Wno-unused-but-set-variable -Wno-unused-parameter -Werror -Wno-error=unused-but-set-variable -Wno-error=unused-parameter -I/builddir/build/BUILD/shim-16.1/Cryptlib/OpenSSL -I/builddir/build/BUILD/shim-16.1/Cryptlib -I/builddir/build/BUILD/shim-16.1/Cryptlib/OpenSSL/Include/ -I/builddir/build/BUILD/shim-16.1/Cryptlib/OpenSSL/crypto -I/builddir/build/BUILD/shim-16.1/Cryptlib/Include -I/builddir/build/BUILD/shim-16.1/gnu-efi/inc -I/builddir/build/BUILD/shim-16.1/gnu-efi/inc/aarch64 -I/builddir/build/BUILD/shim-16.1/gnu-efi/inc/protocol -I/builddir/build/BUILD/shim-16.1/Cryptlib/OpenSSL/crypto/asn1 -I/builddir/build/BUILD/shim-16.1/Cryptlib/OpenSSL/crypto/evp -I/builddir/build/BUILD/shim-16.1/Cryptlib/OpenSSL/crypto/modes -I/builddir/build/BUILD/shim-16.1/Cryptlib/OpenSSL/crypto/include -isystem /builddir/build/BUILD/shim-16.1/include/system -isystem /usr/lib/gcc/aarch64-redhat-linux/11/include -DL_ENDIAN -D_CRT_SECURE_NO_DEPRECATE -D_CRT_NONSTDC_NO_DEPRECATE -DOPENSSL_SMALL_FOOTPRINT -DPEDANTIC -DMDE_CPU_AARCH64   -c -o crypto/conf/conf_api.o /builddir/build/BUILD/shim-16.1/Cryptlib/OpenSSL/crypto/conf/conf_api.c
DEBUG util.py:461:  gcc -std=gnu11 -ggdb -gdwarf-4 -gstrict-dwarf -ffreestanding -fmacro-prefix-map=/builddir/build/BUILD/shim-16.1/= -fno-stack-protector -fno-strict-aliasing -fpic -fshort-wchar -nostdinc -Os -Wall -Wextra -Wno-missing-field-initializers -Wno-empty-body -Wno-implicit-fallthrough -Wno-old-style-declaration -Wno-unused-but-set-variable -Wno-unused-parameter -Werror -Wno-error=unused-but-set-variable -Wno-error=unused-parameter -I/builddir/build/BUILD/shim-16.1/Cryptlib/OpenSSL -I/builddir/build/BUILD/shim-16.1/Cryptlib -I/builddir/build/BUILD/shim-16.1/Cryptlib/OpenSSL/Include/ -I/builddir/build/BUILD/shim-16.1/Cryptlib/OpenSSL/crypto -I/builddir/build/BUILD/shim-16.1/Cryptlib/Include -I/builddir/build/BUILD/shim-16.1/gnu-efi/inc -I/builddir/build/BUILD/shim-16.1/gnu-efi/inc/aarch64 -I/builddir/build/BUILD/shim-16.1/gnu-efi/inc/protocol -I/builddir/build/BUILD/shim-16.1/Cryptlib/OpenSSL/crypto/asn1 -I/builddir/build/BUILD/shim-16.1/Cryptlib/OpenSSL/crypto/evp -I/builddir/build/BUILD/shim-16.1/Cryptlib/OpenSSL/crypto/modes -I/builddir/build/BUILD/shim-16.1/Cryptlib/OpenSSL/crypto/include -isystem /builddir/build/BUILD/shim-16.1/include/system -isystem /usr/lib/gcc/aarch64-redhat-linux/11/include -DL_ENDIAN -D_CRT_SECURE_NO_DEPRECATE -D_CRT_NONSTDC_NO_DEPRECATE -DOPENSSL_SMALL_FOOTPRINT -DPEDANTIC -DMDE_CPU_AARCH64   -c -o crypto/conf/conf_def.o /builddir/build/BUILD/shim-16.1/Cryptlib/OpenSSL/crypto/conf/conf_def.c
DEBUG util.py:461:  gcc -std=gnu11 -ggdb -gdwarf-4 -gstrict-dwarf -ffreestanding -fmacro-prefix-map=/builddir/build/BUILD/shim-16.1/= -fno-stack-protector -fno-strict-aliasing -fpic -fshort-wchar -nostdinc -Os -Wall -Wextra -Wno-missing-field-initializers -Wno-empty-body -Wno-implicit-fallthrough -Wno-old-style-declaration -Wno-unused-but-set-variable -Wno-unused-parameter -Werror -Wno-error=unused-but-set-variable -Wno-error=unused-parameter -I/builddir/build/BUILD/shim-16.1/Cryptlib/OpenSSL -I/builddir/build/BUILD/shim-16.1/Cryptlib -I/builddir/build/BUILD/shim-16.1/Cryptlib/OpenSSL/Include/ -I/builddir/build/BUILD/shim-16.1/Cryptlib/OpenSSL/crypto -I/builddir/build/BUILD/shim-16.1/Cryptlib/Include -I/builddir/build/BUILD/shim-16.1/gnu-efi/inc -I/builddir/build/BUILD/shim-16.1/gnu-efi/inc/aarch64 -I/builddir/build/BUILD/shim-16.1/gnu-efi/inc/protocol -I/builddir/build/BUILD/shim-16.1/Cryptlib/OpenSSL/crypto/asn1 -I/builddir/build/BUILD/shim-16.1/Cryptlib/OpenSSL/crypto/evp -I/builddir/build/BUILD/shim-16.1/Cryptlib/OpenSSL/crypto/modes -I/builddir/build/BUILD/shim-16.1/Cryptlib/OpenSSL/crypto/include -isystem /builddir/build/BUILD/shim-16.1/include/system -isystem /usr/lib/gcc/aarch64-redhat-linux/11/include -DL_ENDIAN -D_CRT_SECURE_NO_DEPRECATE -D_CRT_NONSTDC_NO_DEPRECATE -DOPENSSL_SMALL_FOOTPRINT -DPEDANTIC -DMDE_CPU_AARCH64   -c -o crypto/conf/conf_mod.o /builddir/build/BUILD/shim-16.1/Cryptlib/OpenSSL/crypto/conf/conf_mod.c
DEBUG util.py:461:  gcc -std=gnu11 -ggdb -gdwarf-4 -gstrict-dwarf -ffreestanding -fmacro-prefix-map=/builddir/build/BUILD/shim-16.1/= -fno-stack-protector -fno-strict-aliasing -fpic -fshort-wchar -nostdinc -Os -Wall -Wextra -Wno-missing-field-initializers -Wno-empty-body -Wno-implicit-fallthrough -Wno-old-style-declaration -Wno-unused-but-set-variable -Wno-unused-parameter -Werror -Wno-error=unused-but-set-variable -Wno-error=unused-parameter -I/builddir/build/BUILD/shim-16.1/Cryptlib/OpenSSL -I/builddir/build/BUILD/shim-16.1/Cryptlib -I/builddir/build/BUILD/shim-16.1/Cryptlib/OpenSSL/Include/ -I/builddir/build/BUILD/shim-16.1/Cryptlib/OpenSSL/crypto -I/builddir/build/BUILD/shim-16.1/Cryptlib/Include -I/builddir/build/BUILD/shim-16.1/gnu-efi/inc -I/builddir/build/BUILD/shim-16.1/gnu-efi/inc/aarch64 -I/builddir/build/BUILD/shim-16.1/gnu-efi/inc/protocol -I/builddir/build/BUILD/shim-16.1/Cryptlib/OpenSSL/crypto/asn1 -I/builddir/build/BUILD/shim-16.1/Cryptlib/OpenSSL/crypto/evp -I/builddir/build/BUILD/shim-16.1/Cryptlib/OpenSSL/crypto/modes -I/builddir/build/BUILD/shim-16.1/Cryptlib/OpenSSL/crypto/include -isystem /builddir/build/BUILD/shim-16.1/include/system -isystem /usr/lib/gcc/aarch64-redhat-linux/11/include -DL_ENDIAN -D_CRT_SECURE_NO_DEPRECATE -D_CRT_NONSTDC_NO_DEPRECATE -DOPENSSL_SMALL_FOOTPRINT -DPEDANTIC -DMDE_CPU_AARCH64   -c -o crypto/conf/conf_mall.o /builddir/build/BUILD/shim-16.1/Cryptlib/OpenSSL/crypto/conf/conf_mall.c
DEBUG util.py:461:  gcc -std=gnu11 -ggdb -gdwarf-4 -gstrict-dwarf -ffreestanding -fmacro-prefix-map=/builddir/build/BUILD/shim-16.1/= -fno-stack-protector -fno-strict-aliasing -fpic -fshort-wchar -nostdinc -Os -Wall -Wextra -Wno-missing-field-initializers -Wno-empty-body -Wno-implicit-fallthrough -Wno-old-style-declaration -Wno-unused-but-set-variable -Wno-unused-parameter -Werror -Wno-error=unused-but-set-variable -Wno-error=unused-parameter -I/builddir/build/BUILD/shim-16.1/Cryptlib/OpenSSL -I/builddir/build/BUILD/shim-16.1/Cryptlib -I/builddir/build/BUILD/shim-16.1/Cryptlib/OpenSSL/Include/ -I/builddir/build/BUILD/shim-16.1/Cryptlib/OpenSSL/crypto -I/builddir/build/BUILD/shim-16.1/Cryptlib/Include -I/builddir/build/BUILD/shim-16.1/gnu-efi/inc -I/builddir/build/BUILD/shim-16.1/gnu-efi/inc/aarch64 -I/builddir/build/BUILD/shim-16.1/gnu-efi/inc/protocol -I/builddir/build/BUILD/shim-16.1/Cryptlib/OpenSSL/crypto/asn1 -I/builddir/build/BUILD/shim-16.1/Cryptlib/OpenSSL/crypto/evp -I/builddir/build/BUILD/shim-16.1/Cryptlib/OpenSSL/crypto/modes -I/builddir/build/BUILD/shim-16.1/Cryptlib/OpenSSL/crypto/include -isystem /builddir/build/BUILD/shim-16.1/include/system -isystem /usr/lib/gcc/aarch64-redhat-linux/11/include -DL_ENDIAN -D_CRT_SECURE_NO_DEPRECATE -D_CRT_NONSTDC_NO_DEPRECATE -DOPENSSL_SMALL_FOOTPRINT -DPEDANTIC -DMDE_CPU_AARCH64   -c -o crypto/conf/conf_sap.o /builddir/build/BUILD/shim-16.1/Cryptlib/OpenSSL/crypto/conf/conf_sap.c
DEBUG util.py:461:  gcc -std=gnu11 -ggdb -gdwarf-4 -gstrict-dwarf -ffreestanding -fmacro-prefix-map=/builddir/build/BUILD/shim-16.1/= -fno-stack-protector -fno-strict-aliasing -fpic -fshort-wchar -nostdinc -Os -Wall -Wextra -Wno-missing-field-initializers -Wno-empty-body -Wno-implicit-fallthrough -Wno-old-style-declaration -Wno-unused-but-set-variable -Wno-unused-parameter -Werror -Wno-error=unused-but-set-variable -Wno-error=unused-parameter -I/builddir/build/BUILD/shim-16.1/Cryptlib/OpenSSL -I/builddir/build/BUILD/shim-16.1/Cryptlib -I/builddir/build/BUILD/shim-16.1/Cryptlib/OpenSSL/Include/ -I/builddir/build/BUILD/shim-16.1/Cryptlib/OpenSSL/crypto -I/builddir/build/BUILD/shim-16.1/Cryptlib/Include -I/builddir/build/BUILD/shim-16.1/gnu-efi/inc -I/builddir/build/BUILD/shim-16.1/gnu-efi/inc/aarch64 -I/builddir/build/BUILD/shim-16.1/gnu-efi/inc/protocol -I/builddir/build/BUILD/shim-16.1/Cryptlib/OpenSSL/crypto/asn1 -I/builddir/build/BUILD/shim-16.1/Cryptlib/OpenSSL/crypto/evp -I/builddir/build/BUILD/shim-16.1/Cryptlib/OpenSSL/crypto/modes -I/builddir/build/BUILD/shim-16.1/Cryptlib/OpenSSL/crypto/include -isystem /builddir/build/BUILD/shim-16.1/include/system -isystem /usr/lib/gcc/aarch64-redhat-linux/11/include -DL_ENDIAN -D_CRT_SECURE_NO_DEPRECATE -D_CRT_NONSTDC_NO_DEPRECATE -DOPENSSL_SMALL_FOOTPRINT -DPEDANTIC -DMDE_CPU_AARCH64   -c -o crypto/txt_db/txt_db.o /builddir/build/BUILD/shim-16.1/Cryptlib/OpenSSL/crypto/txt_db/txt_db.c
DEBUG util.py:461:  gcc -std=gnu11 -ggdb -gdwarf-4 -gstrict-dwarf -ffreestanding -fmacro-prefix-map=/builddir/build/BUILD/shim-16.1/= -fno-stack-protector -fno-strict-aliasing -fpic -fshort-wchar -nostdinc -Os -Wall -Wextra -Wno-missing-field-initializers -Wno-empty-body -Wno-implicit-fallthrough -Wno-old-style-declaration -Wno-unused-but-set-variable -Wno-unused-parameter -Werror -Wno-error=unused-but-set-variable -Wno-error=unused-parameter -I/builddir/build/BUILD/shim-16.1/Cryptlib/OpenSSL -I/builddir/build/BUILD/shim-16.1/Cryptlib -I/builddir/build/BUILD/shim-16.1/Cryptlib/OpenSSL/Include/ -I/builddir/build/BUILD/shim-16.1/Cryptlib/OpenSSL/crypto -I/builddir/build/BUILD/shim-16.1/Cryptlib/Include -I/builddir/build/BUILD/shim-16.1/gnu-efi/inc -I/builddir/build/BUILD/shim-16.1/gnu-efi/inc/aarch64 -I/builddir/build/BUILD/shim-16.1/gnu-efi/inc/protocol -I/builddir/build/BUILD/shim-16.1/Cryptlib/OpenSSL/crypto/asn1 -I/builddir/build/BUILD/shim-16.1/Cryptlib/OpenSSL/crypto/evp -I/builddir/build/BUILD/shim-16.1/Cryptlib/OpenSSL/crypto/modes -I/builddir/build/BUILD/shim-16.1/Cryptlib/OpenSSL/crypto/include -isystem /builddir/build/BUILD/shim-16.1/include/system -isystem /usr/lib/gcc/aarch64-redhat-linux/11/include -DL_ENDIAN -D_CRT_SECURE_NO_DEPRECATE -D_CRT_NONSTDC_NO_DEPRECATE -DOPENSSL_SMALL_FOOTPRINT -DPEDANTIC -DMDE_CPU_AARCH64   -c -o crypto/pkcs7/pk7_asn1.o /builddir/build/BUILD/shim-16.1/Cryptlib/OpenSSL/crypto/pkcs7/pk7_asn1.c
DEBUG util.py:461:  gcc -std=gnu11 -ggdb -gdwarf-4 -gstrict-dwarf -ffreestanding -fmacro-prefix-map=/builddir/build/BUILD/shim-16.1/= -fno-stack-protector -fno-strict-aliasing -fpic -fshort-wchar -nostdinc -Os -Wall -Wextra -Wno-missing-field-initializers -Wno-empty-body -Wno-implicit-fallthrough -Wno-old-style-declaration -Wno-unused-but-set-variable -Wno-unused-parameter -Werror -Wno-error=unused-but-set-variable -Wno-error=unused-parameter -I/builddir/build/BUILD/shim-16.1/Cryptlib/OpenSSL -I/builddir/build/BUILD/shim-16.1/Cryptlib -I/builddir/build/BUILD/shim-16.1/Cryptlib/OpenSSL/Include/ -I/builddir/build/BUILD/shim-16.1/Cryptlib/OpenSSL/crypto -I/builddir/build/BUILD/shim-16.1/Cryptlib/Include -I/builddir/build/BUILD/shim-16.1/gnu-efi/inc -I/builddir/build/BUILD/shim-16.1/gnu-efi/inc/aarch64 -I/builddir/build/BUILD/shim-16.1/gnu-efi/inc/protocol -I/builddir/build/BUILD/shim-16.1/Cryptlib/OpenSSL/crypto/asn1 -I/builddir/build/BUILD/shim-16.1/Cryptlib/OpenSSL/crypto/evp -I/builddir/build/BUILD/shim-16.1/Cryptlib/OpenSSL/crypto/modes -I/builddir/build/BUILD/shim-16.1/Cryptlib/OpenSSL/crypto/include -isystem /builddir/build/BUILD/shim-16.1/include/system -isystem /usr/lib/gcc/aarch64-redhat-linux/11/include -DL_ENDIAN -D_CRT_SECURE_NO_DEPRECATE -D_CRT_NONSTDC_NO_DEPRECATE -DOPENSSL_SMALL_FOOTPRINT -DPEDANTIC -DMDE_CPU_AARCH64   -c -o crypto/pkcs7/pk7_lib.o /builddir/build/BUILD/shim-16.1/Cryptlib/OpenSSL/crypto/pkcs7/pk7_lib.c
DEBUG util.py:461:  gcc -std=gnu11 -ggdb -gdwarf-4 -gstrict-dwarf -ffreestanding -fmacro-prefix-map=/builddir/build/BUILD/shim-16.1/= -fno-stack-protector -fno-strict-aliasing -fpic -fshort-wchar -nostdinc -Os -Wall -Wextra -Wno-missing-field-initializers -Wno-empty-body -Wno-implicit-fallthrough -Wno-old-style-declaration -Wno-unused-but-set-variable -Wno-unused-parameter -Werror -Wno-error=unused-but-set-variable -Wno-error=unused-parameter -I/builddir/build/BUILD/shim-16.1/Cryptlib/OpenSSL -I/builddir/build/BUILD/shim-16.1/Cryptlib -I/builddir/build/BUILD/shim-16.1/Cryptlib/OpenSSL/Include/ -I/builddir/build/BUILD/shim-16.1/Cryptlib/OpenSSL/crypto -I/builddir/build/BUILD/shim-16.1/Cryptlib/Include -I/builddir/build/BUILD/shim-16.1/gnu-efi/inc -I/builddir/build/BUILD/shim-16.1/gnu-efi/inc/aarch64 -I/builddir/build/BUILD/shim-16.1/gnu-efi/inc/protocol -I/builddir/build/BUILD/shim-16.1/Cryptlib/OpenSSL/crypto/asn1 -I/builddir/build/BUILD/shim-16.1/Cryptlib/OpenSSL/crypto/evp -I/builddir/build/BUILD/shim-16.1/Cryptlib/OpenSSL/crypto/modes -I/builddir/build/BUILD/shim-16.1/Cryptlib/OpenSSL/crypto/include -isystem /builddir/build/BUILD/shim-16.1/include/system -isystem /usr/lib/gcc/aarch64-redhat-linux/11/include -DL_ENDIAN -D_CRT_SECURE_NO_DEPRECATE -D_CRT_NONSTDC_NO_DEPRECATE -DOPENSSL_SMALL_FOOTPRINT -DPEDANTIC -DMDE_CPU_AARCH64   -c -o crypto/pkcs7/pkcs7err.o /builddir/build/BUILD/shim-16.1/Cryptlib/OpenSSL/crypto/pkcs7/pkcs7err.c
DEBUG util.py:461:  gcc -std=gnu11 -ggdb -gdwarf-4 -gstrict-dwarf -ffreestanding -fmacro-prefix-map=/builddir/build/BUILD/shim-16.1/= -fno-stack-protector -fno-strict-aliasing -fpic -fshort-wchar -nostdinc -Os -Wall -Wextra -Wno-missing-field-initializers -Wno-empty-body -Wno-implicit-fallthrough -Wno-old-style-declaration -Wno-unused-but-set-variable -Wno-unused-parameter -Werror -Wno-error=unused-but-set-variable -Wno-error=unused-parameter -I/builddir/build/BUILD/shim-16.1/Cryptlib/OpenSSL -I/builddir/build/BUILD/shim-16.1/Cryptlib -I/builddir/build/BUILD/shim-16.1/Cryptlib/OpenSSL/Include/ -I/builddir/build/BUILD/shim-16.1/Cryptlib/OpenSSL/crypto -I/builddir/build/BUILD/shim-16.1/Cryptlib/Include -I/builddir/build/BUILD/shim-16.1/gnu-efi/inc -I/builddir/build/BUILD/shim-16.1/gnu-efi/inc/aarch64 -I/builddir/build/BUILD/shim-16.1/gnu-efi/inc/protocol -I/builddir/build/BUILD/shim-16.1/Cryptlib/OpenSSL/crypto/asn1 -I/builddir/build/BUILD/shim-16.1/Cryptlib/OpenSSL/crypto/evp -I/builddir/build/BUILD/shim-16.1/Cryptlib/OpenSSL/crypto/modes -I/builddir/build/BUILD/shim-16.1/Cryptlib/OpenSSL/crypto/include -isystem /builddir/build/BUILD/shim-16.1/include/system -isystem /usr/lib/gcc/aarch64-redhat-linux/11/include -DL_ENDIAN -D_CRT_SECURE_NO_DEPRECATE -D_CRT_NONSTDC_NO_DEPRECATE -DOPENSSL_SMALL_FOOTPRINT -DPEDANTIC -DMDE_CPU_AARCH64   -c -o crypto/pkcs7/pk7_doit.o /builddir/build/BUILD/shim-16.1/Cryptlib/OpenSSL/crypto/pkcs7/pk7_doit.c
DEBUG util.py:461:  gcc -std=gnu11 -ggdb -gdwarf-4 -gstrict-dwarf -ffreestanding -fmacro-prefix-map=/builddir/build/BUILD/shim-16.1/= -fno-stack-protector -fno-strict-aliasing -fpic -fshort-wchar -nostdinc -Os -Wall -Wextra -Wno-missing-field-initializers -Wno-empty-body -Wno-implicit-fallthrough -Wno-old-style-declaration -Wno-unused-but-set-variable -Wno-unused-parameter -Werror -Wno-error=unused-but-set-variable -Wno-error=unused-parameter -I/builddir/build/BUILD/shim-16.1/Cryptlib/OpenSSL -I/builddir/build/BUILD/shim-16.1/Cryptlib -I/builddir/build/BUILD/shim-16.1/Cryptlib/OpenSSL/Include/ -I/builddir/build/BUILD/shim-16.1/Cryptlib/OpenSSL/crypto -I/builddir/build/BUILD/shim-16.1/Cryptlib/Include -I/builddir/build/BUILD/shim-16.1/gnu-efi/inc -I/builddir/build/BUILD/shim-16.1/gnu-efi/inc/aarch64 -I/builddir/build/BUILD/shim-16.1/gnu-efi/inc/protocol -I/builddir/build/BUILD/shim-16.1/Cryptlib/OpenSSL/crypto/asn1 -I/builddir/build/BUILD/shim-16.1/Cryptlib/OpenSSL/crypto/evp -I/builddir/build/BUILD/shim-16.1/Cryptlib/OpenSSL/crypto/modes -I/builddir/build/BUILD/shim-16.1/Cryptlib/OpenSSL/crypto/include -isystem /builddir/build/BUILD/shim-16.1/include/system -isystem /usr/lib/gcc/aarch64-redhat-linux/11/include -DL_ENDIAN -D_CRT_SECURE_NO_DEPRECATE -D_CRT_NONSTDC_NO_DEPRECATE -DOPENSSL_SMALL_FOOTPRINT -DPEDANTIC -DMDE_CPU_AARCH64   -c -o crypto/pkcs7/pk7_smime.o /builddir/build/BUILD/shim-16.1/Cryptlib/OpenSSL/crypto/pkcs7/pk7_smime.c
DEBUG util.py:461:  gcc -std=gnu11 -ggdb -gdwarf-4 -gstrict-dwarf -ffreestanding -fmacro-prefix-map=/builddir/build/BUILD/shim-16.1/= -fno-stack-protector -fno-strict-aliasing -fpic -fshort-wchar -nostdinc -Os -Wall -Wextra -Wno-missing-field-initializers -Wno-empty-body -Wno-implicit-fallthrough -Wno-old-style-declaration -Wno-unused-but-set-variable -Wno-unused-parameter -Werror -Wno-error=unused-but-set-variable -Wno-error=unused-parameter -I/builddir/build/BUILD/shim-16.1/Cryptlib/OpenSSL -I/builddir/build/BUILD/shim-16.1/Cryptlib -I/builddir/build/BUILD/shim-16.1/Cryptlib/OpenSSL/Include/ -I/builddir/build/BUILD/shim-16.1/Cryptlib/OpenSSL/crypto -I/builddir/build/BUILD/shim-16.1/Cryptlib/Include -I/builddir/build/BUILD/shim-16.1/gnu-efi/inc -I/builddir/build/BUILD/shim-16.1/gnu-efi/inc/aarch64 -I/builddir/build/BUILD/shim-16.1/gnu-efi/inc/protocol -I/builddir/build/BUILD/shim-16.1/Cryptlib/OpenSSL/crypto/asn1 -I/builddir/build/BUILD/shim-16.1/Cryptlib/OpenSSL/crypto/evp -I/builddir/build/BUILD/shim-16.1/Cryptlib/OpenSSL/crypto/modes -I/builddir/build/BUILD/shim-16.1/Cryptlib/OpenSSL/crypto/include -isystem /builddir/build/BUILD/shim-16.1/include/system -isystem /usr/lib/gcc/aarch64-redhat-linux/11/include -DL_ENDIAN -D_CRT_SECURE_NO_DEPRECATE -D_CRT_NONSTDC_NO_DEPRECATE -DOPENSSL_SMALL_FOOTPRINT -DPEDANTIC -DMDE_CPU_AARCH64   -c -o crypto/pkcs7/pk7_attr.o /builddir/build/BUILD/shim-16.1/Cryptlib/OpenSSL/crypto/pkcs7/pk7_attr.c
DEBUG util.py:461:  gcc -std=gnu11 -ggdb -gdwarf-4 -gstrict-dwarf -ffreestanding -fmacro-prefix-map=/builddir/build/BUILD/shim-16.1/= -fno-stack-protector -fno-strict-aliasing -fpic -fshort-wchar -nostdinc -Os -Wall -Wextra -Wno-missing-field-initializers -Wno-empty-body -Wno-implicit-fallthrough -Wno-old-style-declaration -Wno-unused-but-set-variable -Wno-unused-parameter -Werror -Wno-error=unused-but-set-variable -Wno-error=unused-parameter -I/builddir/build/BUILD/shim-16.1/Cryptlib/OpenSSL -I/builddir/build/BUILD/shim-16.1/Cryptlib -I/builddir/build/BUILD/shim-16.1/Cryptlib/OpenSSL/Include/ -I/builddir/build/BUILD/shim-16.1/Cryptlib/OpenSSL/crypto -I/builddir/build/BUILD/shim-16.1/Cryptlib/Include -I/builddir/build/BUILD/shim-16.1/gnu-efi/inc -I/builddir/build/BUILD/shim-16.1/gnu-efi/inc/aarch64 -I/builddir/build/BUILD/shim-16.1/gnu-efi/inc/protocol -I/builddir/build/BUILD/shim-16.1/Cryptlib/OpenSSL/crypto/asn1 -I/builddir/build/BUILD/shim-16.1/Cryptlib/OpenSSL/crypto/evp -I/builddir/build/BUILD/shim-16.1/Cryptlib/OpenSSL/crypto/modes -I/builddir/build/BUILD/shim-16.1/Cryptlib/OpenSSL/crypto/include -isystem /builddir/build/BUILD/shim-16.1/include/system -isystem /usr/lib/gcc/aarch64-redhat-linux/11/include -DL_ENDIAN -D_CRT_SECURE_NO_DEPRECATE -D_CRT_NONSTDC_NO_DEPRECATE -DOPENSSL_SMALL_FOOTPRINT -DPEDANTIC -DMDE_CPU_AARCH64   -c -o crypto/pkcs7/pk7_mime.o /builddir/build/BUILD/shim-16.1/Cryptlib/OpenSSL/crypto/pkcs7/pk7_mime.c
DEBUG util.py:461:  gcc -std=gnu11 -ggdb -gdwarf-4 -gstrict-dwarf -ffreestanding -fmacro-prefix-map=/builddir/build/BUILD/shim-16.1/= -fno-stack-protector -fno-strict-aliasing -fpic -fshort-wchar -nostdinc -Os -Wall -Wextra -Wno-missing-field-initializers -Wno-empty-body -Wno-implicit-fallthrough -Wno-old-style-declaration -Wno-unused-but-set-variable -Wno-unused-parameter -Werror -Wno-error=unused-but-set-variable -Wno-error=unused-parameter -I/builddir/build/BUILD/shim-16.1/Cryptlib/OpenSSL -I/builddir/build/BUILD/shim-16.1/Cryptlib -I/builddir/build/BUILD/shim-16.1/Cryptlib/OpenSSL/Include/ -I/builddir/build/BUILD/shim-16.1/Cryptlib/OpenSSL/crypto -I/builddir/build/BUILD/shim-16.1/Cryptlib/Include -I/builddir/build/BUILD/shim-16.1/gnu-efi/inc -I/builddir/build/BUILD/shim-16.1/gnu-efi/inc/aarch64 -I/builddir/build/BUILD/shim-16.1/gnu-efi/inc/protocol -I/builddir/build/BUILD/shim-16.1/Cryptlib/OpenSSL/crypto/asn1 -I/builddir/build/BUILD/shim-16.1/Cryptlib/OpenSSL/crypto/evp -I/builddir/build/BUILD/shim-16.1/Cryptlib/OpenSSL/crypto/modes -I/builddir/build/BUILD/shim-16.1/Cryptlib/OpenSSL/crypto/include -isystem /builddir/build/BUILD/shim-16.1/include/system -isystem /usr/lib/gcc/aarch64-redhat-linux/11/include -DL_ENDIAN -D_CRT_SECURE_NO_DEPRECATE -D_CRT_NONSTDC_NO_DEPRECATE -DOPENSSL_SMALL_FOOTPRINT -DPEDANTIC -DMDE_CPU_AARCH64   -c -o crypto/pkcs7/bio_pk7.o /builddir/build/BUILD/shim-16.1/Cryptlib/OpenSSL/crypto/pkcs7/bio_pk7.c
DEBUG util.py:461:  gcc -std=gnu11 -ggdb -gdwarf-4 -gstrict-dwarf -ffreestanding -fmacro-prefix-map=/builddir/build/BUILD/shim-16.1/= -fno-stack-protector -fno-strict-aliasing -fpic -fshort-wchar -nostdinc -Os -Wall -Wextra -Wno-missing-field-initializers -Wno-empty-body -Wno-implicit-fallthrough -Wno-old-style-declaration -Wno-unused-but-set-variable -Wno-unused-parameter -Werror -Wno-error=unused-but-set-variable -Wno-error=unused-parameter -I/builddir/build/BUILD/shim-16.1/Cryptlib/OpenSSL -I/builddir/build/BUILD/shim-16.1/Cryptlib -I/builddir/build/BUILD/shim-16.1/Cryptlib/OpenSSL/Include/ -I/builddir/build/BUILD/shim-16.1/Cryptlib/OpenSSL/crypto -I/builddir/build/BUILD/shim-16.1/Cryptlib/Include -I/builddir/build/BUILD/shim-16.1/gnu-efi/inc -I/builddir/build/BUILD/shim-16.1/gnu-efi/inc/aarch64 -I/builddir/build/BUILD/shim-16.1/gnu-efi/inc/protocol -I/builddir/build/BUILD/shim-16.1/Cryptlib/OpenSSL/crypto/asn1 -I/builddir/build/BUILD/shim-16.1/Cryptlib/OpenSSL/crypto/evp -I/builddir/build/BUILD/shim-16.1/Cryptlib/OpenSSL/crypto/modes -I/builddir/build/BUILD/shim-16.1/Cryptlib/OpenSSL/crypto/include -isystem /builddir/build/BUILD/shim-16.1/include/system -isystem /usr/lib/gcc/aarch64-redhat-linux/11/include -DL_ENDIAN -D_CRT_SECURE_NO_DEPRECATE -D_CRT_NONSTDC_NO_DEPRECATE -DOPENSSL_SMALL_FOOTPRINT -DPEDANTIC -DMDE_CPU_AARCH64   -c -o crypto/pkcs12/p12_add.o /builddir/build/BUILD/shim-16.1/Cryptlib/OpenSSL/crypto/pkcs12/p12_add.c
DEBUG util.py:461:  gcc -std=gnu11 -ggdb -gdwarf-4 -gstrict-dwarf -ffreestanding -fmacro-prefix-map=/builddir/build/BUILD/shim-16.1/= -fno-stack-protector -fno-strict-aliasing -fpic -fshort-wchar -nostdinc -Os -Wall -Wextra -Wno-missing-field-initializers -Wno-empty-body -Wno-implicit-fallthrough -Wno-old-style-declaration -Wno-unused-but-set-variable -Wno-unused-parameter -Werror -Wno-error=unused-but-set-variable -Wno-error=unused-parameter -I/builddir/build/BUILD/shim-16.1/Cryptlib/OpenSSL -I/builddir/build/BUILD/shim-16.1/Cryptlib -I/builddir/build/BUILD/shim-16.1/Cryptlib/OpenSSL/Include/ -I/builddir/build/BUILD/shim-16.1/Cryptlib/OpenSSL/crypto -I/builddir/build/BUILD/shim-16.1/Cryptlib/Include -I/builddir/build/BUILD/shim-16.1/gnu-efi/inc -I/builddir/build/BUILD/shim-16.1/gnu-efi/inc/aarch64 -I/builddir/build/BUILD/shim-16.1/gnu-efi/inc/protocol -I/builddir/build/BUILD/shim-16.1/Cryptlib/OpenSSL/crypto/asn1 -I/builddir/build/BUILD/shim-16.1/Cryptlib/OpenSSL/crypto/evp -I/builddir/build/BUILD/shim-16.1/Cryptlib/OpenSSL/crypto/modes -I/builddir/build/BUILD/shim-16.1/Cryptlib/OpenSSL/crypto/include -isystem /builddir/build/BUILD/shim-16.1/include/system -isystem /usr/lib/gcc/aarch64-redhat-linux/11/include -DL_ENDIAN -D_CRT_SECURE_NO_DEPRECATE -D_CRT_NONSTDC_NO_DEPRECATE -DOPENSSL_SMALL_FOOTPRINT -DPEDANTIC -DMDE_CPU_AARCH64   -c -o crypto/pkcs12/p12_asn.o /builddir/build/BUILD/shim-16.1/Cryptlib/OpenSSL/crypto/pkcs12/p12_asn.c
DEBUG util.py:461:  gcc -std=gnu11 -ggdb -gdwarf-4 -gstrict-dwarf -ffreestanding -fmacro-prefix-map=/builddir/build/BUILD/shim-16.1/= -fno-stack-protector -fno-strict-aliasing -fpic -fshort-wchar -nostdinc -Os -Wall -Wextra -Wno-missing-field-initializers -Wno-empty-body -Wno-implicit-fallthrough -Wno-old-style-declaration -Wno-unused-but-set-variable -Wno-unused-parameter -Werror -Wno-error=unused-but-set-variable -Wno-error=unused-parameter -I/builddir/build/BUILD/shim-16.1/Cryptlib/OpenSSL -I/builddir/build/BUILD/shim-16.1/Cryptlib -I/builddir/build/BUILD/shim-16.1/Cryptlib/OpenSSL/Include/ -I/builddir/build/BUILD/shim-16.1/Cryptlib/OpenSSL/crypto -I/builddir/build/BUILD/shim-16.1/Cryptlib/Include -I/builddir/build/BUILD/shim-16.1/gnu-efi/inc -I/builddir/build/BUILD/shim-16.1/gnu-efi/inc/aarch64 -I/builddir/build/BUILD/shim-16.1/gnu-efi/inc/protocol -I/builddir/build/BUILD/shim-16.1/Cryptlib/OpenSSL/crypto/asn1 -I/builddir/build/BUILD/shim-16.1/Cryptlib/OpenSSL/crypto/evp -I/builddir/build/BUILD/shim-16.1/Cryptlib/OpenSSL/crypto/modes -I/builddir/build/BUILD/shim-16.1/Cryptlib/OpenSSL/crypto/include -isystem /builddir/build/BUILD/shim-16.1/include/system -isystem /usr/lib/gcc/aarch64-redhat-linux/11/include -DL_ENDIAN -D_CRT_SECURE_NO_DEPRECATE -D_CRT_NONSTDC_NO_DEPRECATE -DOPENSSL_SMALL_FOOTPRINT -DPEDANTIC -DMDE_CPU_AARCH64   -c -o crypto/pkcs12/p12_attr.o /builddir/build/BUILD/shim-16.1/Cryptlib/OpenSSL/crypto/pkcs12/p12_attr.c
DEBUG util.py:461:  gcc -std=gnu11 -ggdb -gdwarf-4 -gstrict-dwarf -ffreestanding -fmacro-prefix-map=/builddir/build/BUILD/shim-16.1/= -fno-stack-protector -fno-strict-aliasing -fpic -fshort-wchar -nostdinc -Os -Wall -Wextra -Wno-missing-field-initializers -Wno-empty-body -Wno-implicit-fallthrough -Wno-old-style-declaration -Wno-unused-but-set-variable -Wno-unused-parameter -Werror -Wno-error=unused-but-set-variable -Wno-error=unused-parameter -I/builddir/build/BUILD/shim-16.1/Cryptlib/OpenSSL -I/builddir/build/BUILD/shim-16.1/Cryptlib -I/builddir/build/BUILD/shim-16.1/Cryptlib/OpenSSL/Include/ -I/builddir/build/BUILD/shim-16.1/Cryptlib/OpenSSL/crypto -I/builddir/build/BUILD/shim-16.1/Cryptlib/Include -I/builddir/build/BUILD/shim-16.1/gnu-efi/inc -I/builddir/build/BUILD/shim-16.1/gnu-efi/inc/aarch64 -I/builddir/build/BUILD/shim-16.1/gnu-efi/inc/protocol -I/builddir/build/BUILD/shim-16.1/Cryptlib/OpenSSL/crypto/asn1 -I/builddir/build/BUILD/shim-16.1/Cryptlib/OpenSSL/crypto/evp -I/builddir/build/BUILD/shim-16.1/Cryptlib/OpenSSL/crypto/modes -I/builddir/build/BUILD/shim-16.1/Cryptlib/OpenSSL/crypto/include -isystem /builddir/build/BUILD/shim-16.1/include/system -isystem /usr/lib/gcc/aarch64-redhat-linux/11/include -DL_ENDIAN -D_CRT_SECURE_NO_DEPRECATE -D_CRT_NONSTDC_NO_DEPRECATE -DOPENSSL_SMALL_FOOTPRINT -DPEDANTIC -DMDE_CPU_AARCH64   -c -o crypto/pkcs12/p12_crpt.o /builddir/build/BUILD/shim-16.1/Cryptlib/OpenSSL/crypto/pkcs12/p12_crpt.c
DEBUG util.py:461:  gcc -std=gnu11 -ggdb -gdwarf-4 -gstrict-dwarf -ffreestanding -fmacro-prefix-map=/builddir/build/BUILD/shim-16.1/= -fno-stack-protector -fno-strict-aliasing -fpic -fshort-wchar -nostdinc -Os -Wall -Wextra -Wno-missing-field-initializers -Wno-empty-body -Wno-implicit-fallthrough -Wno-old-style-declaration -Wno-unused-but-set-variable -Wno-unused-parameter -Werror -Wno-error=unused-but-set-variable -Wno-error=unused-parameter -I/builddir/build/BUILD/shim-16.1/Cryptlib/OpenSSL -I/builddir/build/BUILD/shim-16.1/Cryptlib -I/builddir/build/BUILD/shim-16.1/Cryptlib/OpenSSL/Include/ -I/builddir/build/BUILD/shim-16.1/Cryptlib/OpenSSL/crypto -I/builddir/build/BUILD/shim-16.1/Cryptlib/Include -I/builddir/build/BUILD/shim-16.1/gnu-efi/inc -I/builddir/build/BUILD/shim-16.1/gnu-efi/inc/aarch64 -I/builddir/build/BUILD/shim-16.1/gnu-efi/inc/protocol -I/builddir/build/BUILD/shim-16.1/Cryptlib/OpenSSL/crypto/asn1 -I/builddir/build/BUILD/shim-16.1/Cryptlib/OpenSSL/crypto/evp -I/builddir/build/BUILD/shim-16.1/Cryptlib/OpenSSL/crypto/modes -I/builddir/build/BUILD/shim-16.1/Cryptlib/OpenSSL/crypto/include -isystem /builddir/build/BUILD/shim-16.1/include/system -isystem /usr/lib/gcc/aarch64-redhat-linux/11/include -DL_ENDIAN -D_CRT_SECURE_NO_DEPRECATE -D_CRT_NONSTDC_NO_DEPRECATE -DOPENSSL_SMALL_FOOTPRINT -DPEDANTIC -DMDE_CPU_AARCH64   -c -o crypto/pkcs12/p12_crt.o /builddir/build/BUILD/shim-16.1/Cryptlib/OpenSSL/crypto/pkcs12/p12_crt.c
DEBUG util.py:461:  gcc -std=gnu11 -ggdb -gdwarf-4 -gstrict-dwarf -ffreestanding -fmacro-prefix-map=/builddir/build/BUILD/shim-16.1/= -fno-stack-protector -fno-strict-aliasing -fpic -fshort-wchar -nostdinc -Os -Wall -Wextra -Wno-missing-field-initializers -Wno-empty-body -Wno-implicit-fallthrough -Wno-old-style-declaration -Wno-unused-but-set-variable -Wno-unused-parameter -Werror -Wno-error=unused-but-set-variable -Wno-error=unused-parameter -I/builddir/build/BUILD/shim-16.1/Cryptlib/OpenSSL -I/builddir/build/BUILD/shim-16.1/Cryptlib -I/builddir/build/BUILD/shim-16.1/Cryptlib/OpenSSL/Include/ -I/builddir/build/BUILD/shim-16.1/Cryptlib/OpenSSL/crypto -I/builddir/build/BUILD/shim-16.1/Cryptlib/Include -I/builddir/build/BUILD/shim-16.1/gnu-efi/inc -I/builddir/build/BUILD/shim-16.1/gnu-efi/inc/aarch64 -I/builddir/build/BUILD/shim-16.1/gnu-efi/inc/protocol -I/builddir/build/BUILD/shim-16.1/Cryptlib/OpenSSL/crypto/asn1 -I/builddir/build/BUILD/shim-16.1/Cryptlib/OpenSSL/crypto/evp -I/builddir/build/BUILD/shim-16.1/Cryptlib/OpenSSL/crypto/modes -I/builddir/build/BUILD/shim-16.1/Cryptlib/OpenSSL/crypto/include -isystem /builddir/build/BUILD/shim-16.1/include/system -isystem /usr/lib/gcc/aarch64-redhat-linux/11/include -DL_ENDIAN -D_CRT_SECURE_NO_DEPRECATE -D_CRT_NONSTDC_NO_DEPRECATE -DOPENSSL_SMALL_FOOTPRINT -DPEDANTIC -DMDE_CPU_AARCH64   -c -o crypto/pkcs12/p12_decr.o /builddir/build/BUILD/shim-16.1/Cryptlib/OpenSSL/crypto/pkcs12/p12_decr.c
DEBUG util.py:461:  gcc -std=gnu11 -ggdb -gdwarf-4 -gstrict-dwarf -ffreestanding -fmacro-prefix-map=/builddir/build/BUILD/shim-16.1/= -fno-stack-protector -fno-strict-aliasing -fpic -fshort-wchar -nostdinc -Os -Wall -Wextra -Wno-missing-field-initializers -Wno-empty-body -Wno-implicit-fallthrough -Wno-old-style-declaration -Wno-unused-but-set-variable -Wno-unused-parameter -Werror -Wno-error=unused-but-set-variable -Wno-error=unused-parameter -I/builddir/build/BUILD/shim-16.1/Cryptlib/OpenSSL -I/builddir/build/BUILD/shim-16.1/Cryptlib -I/builddir/build/BUILD/shim-16.1/Cryptlib/OpenSSL/Include/ -I/builddir/build/BUILD/shim-16.1/Cryptlib/OpenSSL/crypto -I/builddir/build/BUILD/shim-16.1/Cryptlib/Include -I/builddir/build/BUILD/shim-16.1/gnu-efi/inc -I/builddir/build/BUILD/shim-16.1/gnu-efi/inc/aarch64 -I/builddir/build/BUILD/shim-16.1/gnu-efi/inc/protocol -I/builddir/build/BUILD/shim-16.1/Cryptlib/OpenSSL/crypto/asn1 -I/builddir/build/BUILD/shim-16.1/Cryptlib/OpenSSL/crypto/evp -I/builddir/build/BUILD/shim-16.1/Cryptlib/OpenSSL/crypto/modes -I/builddir/build/BUILD/shim-16.1/Cryptlib/OpenSSL/crypto/include -isystem /builddir/build/BUILD/shim-16.1/include/system -isystem /usr/lib/gcc/aarch64-redhat-linux/11/include -DL_ENDIAN -D_CRT_SECURE_NO_DEPRECATE -D_CRT_NONSTDC_NO_DEPRECATE -DOPENSSL_SMALL_FOOTPRINT -DPEDANTIC -DMDE_CPU_AARCH64   -c -o crypto/pkcs12/p12_init.o /builddir/build/BUILD/shim-16.1/Cryptlib/OpenSSL/crypto/pkcs12/p12_init.c
DEBUG util.py:461:  gcc -std=gnu11 -ggdb -gdwarf-4 -gstrict-dwarf -ffreestanding -fmacro-prefix-map=/builddir/build/BUILD/shim-16.1/= -fno-stack-protector -fno-strict-aliasing -fpic -fshort-wchar -nostdinc -Os -Wall -Wextra -Wno-missing-field-initializers -Wno-empty-body -Wno-implicit-fallthrough -Wno-old-style-declaration -Wno-unused-but-set-variable -Wno-unused-parameter -Werror -Wno-error=unused-but-set-variable -Wno-error=unused-parameter -I/builddir/build/BUILD/shim-16.1/Cryptlib/OpenSSL -I/builddir/build/BUILD/shim-16.1/Cryptlib -I/builddir/build/BUILD/shim-16.1/Cryptlib/OpenSSL/Include/ -I/builddir/build/BUILD/shim-16.1/Cryptlib/OpenSSL/crypto -I/builddir/build/BUILD/shim-16.1/Cryptlib/Include -I/builddir/build/BUILD/shim-16.1/gnu-efi/inc -I/builddir/build/BUILD/shim-16.1/gnu-efi/inc/aarch64 -I/builddir/build/BUILD/shim-16.1/gnu-efi/inc/protocol -I/builddir/build/BUILD/shim-16.1/Cryptlib/OpenSSL/crypto/asn1 -I/builddir/build/BUILD/shim-16.1/Cryptlib/OpenSSL/crypto/evp -I/builddir/build/BUILD/shim-16.1/Cryptlib/OpenSSL/crypto/modes -I/builddir/build/BUILD/shim-16.1/Cryptlib/OpenSSL/crypto/include -isystem /builddir/build/BUILD/shim-16.1/include/system -isystem /usr/lib/gcc/aarch64-redhat-linux/11/include -DL_ENDIAN -D_CRT_SECURE_NO_DEPRECATE -D_CRT_NONSTDC_NO_DEPRECATE -DOPENSSL_SMALL_FOOTPRINT -DPEDANTIC -DMDE_CPU_AARCH64   -c -o crypto/pkcs12/p12_key.o /builddir/build/BUILD/shim-16.1/Cryptlib/OpenSSL/crypto/pkcs12/p12_key.c
DEBUG util.py:461:  gcc -std=gnu11 -ggdb -gdwarf-4 -gstrict-dwarf -ffreestanding -fmacro-prefix-map=/builddir/build/BUILD/shim-16.1/= -fno-stack-protector -fno-strict-aliasing -fpic -fshort-wchar -nostdinc -Os -Wall -Wextra -Wno-missing-field-initializers -Wno-empty-body -Wno-implicit-fallthrough -Wno-old-style-declaration -Wno-unused-but-set-variable -Wno-unused-parameter -Werror -Wno-error=unused-but-set-variable -Wno-error=unused-parameter -I/builddir/build/BUILD/shim-16.1/Cryptlib/OpenSSL -I/builddir/build/BUILD/shim-16.1/Cryptlib -I/builddir/build/BUILD/shim-16.1/Cryptlib/OpenSSL/Include/ -I/builddir/build/BUILD/shim-16.1/Cryptlib/OpenSSL/crypto -I/builddir/build/BUILD/shim-16.1/Cryptlib/Include -I/builddir/build/BUILD/shim-16.1/gnu-efi/inc -I/builddir/build/BUILD/shim-16.1/gnu-efi/inc/aarch64 -I/builddir/build/BUILD/shim-16.1/gnu-efi/inc/protocol -I/builddir/build/BUILD/shim-16.1/Cryptlib/OpenSSL/crypto/asn1 -I/builddir/build/BUILD/shim-16.1/Cryptlib/OpenSSL/crypto/evp -I/builddir/build/BUILD/shim-16.1/Cryptlib/OpenSSL/crypto/modes -I/builddir/build/BUILD/shim-16.1/Cryptlib/OpenSSL/crypto/include -isystem /builddir/build/BUILD/shim-16.1/include/system -isystem /usr/lib/gcc/aarch64-redhat-linux/11/include -DL_ENDIAN -D_CRT_SECURE_NO_DEPRECATE -D_CRT_NONSTDC_NO_DEPRECATE -DOPENSSL_SMALL_FOOTPRINT -DPEDANTIC -DMDE_CPU_AARCH64   -c -o crypto/pkcs12/p12_kiss.o /builddir/build/BUILD/shim-16.1/Cryptlib/OpenSSL/crypto/pkcs12/p12_kiss.c
DEBUG util.py:461:  gcc -std=gnu11 -ggdb -gdwarf-4 -gstrict-dwarf -ffreestanding -fmacro-prefix-map=/builddir/build/BUILD/shim-16.1/= -fno-stack-protector -fno-strict-aliasing -fpic -fshort-wchar -nostdinc -Os -Wall -Wextra -Wno-missing-field-initializers -Wno-empty-body -Wno-implicit-fallthrough -Wno-old-style-declaration -Wno-unused-but-set-variable -Wno-unused-parameter -Werror -Wno-error=unused-but-set-variable -Wno-error=unused-parameter -I/builddir/build/BUILD/shim-16.1/Cryptlib/OpenSSL -I/builddir/build/BUILD/shim-16.1/Cryptlib -I/builddir/build/BUILD/shim-16.1/Cryptlib/OpenSSL/Include/ -I/builddir/build/BUILD/shim-16.1/Cryptlib/OpenSSL/crypto -I/builddir/build/BUILD/shim-16.1/Cryptlib/Include -I/builddir/build/BUILD/shim-16.1/gnu-efi/inc -I/builddir/build/BUILD/shim-16.1/gnu-efi/inc/aarch64 -I/builddir/build/BUILD/shim-16.1/gnu-efi/inc/protocol -I/builddir/build/BUILD/shim-16.1/Cryptlib/OpenSSL/crypto/asn1 -I/builddir/build/BUILD/shim-16.1/Cryptlib/OpenSSL/crypto/evp -I/builddir/build/BUILD/shim-16.1/Cryptlib/OpenSSL/crypto/modes -I/builddir/build/BUILD/shim-16.1/Cryptlib/OpenSSL/crypto/include -isystem /builddir/build/BUILD/shim-16.1/include/system -isystem /usr/lib/gcc/aarch64-redhat-linux/11/include -DL_ENDIAN -D_CRT_SECURE_NO_DEPRECATE -D_CRT_NONSTDC_NO_DEPRECATE -DOPENSSL_SMALL_FOOTPRINT -DPEDANTIC -DMDE_CPU_AARCH64   -c -o crypto/pkcs12/p12_mutl.o /builddir/build/BUILD/shim-16.1/Cryptlib/OpenSSL/crypto/pkcs12/p12_mutl.c
DEBUG util.py:461:  gcc -std=gnu11 -ggdb -gdwarf-4 -gstrict-dwarf -ffreestanding -fmacro-prefix-map=/builddir/build/BUILD/shim-16.1/= -fno-stack-protector -fno-strict-aliasing -fpic -fshort-wchar -nostdinc -Os -Wall -Wextra -Wno-missing-field-initializers -Wno-empty-body -Wno-implicit-fallthrough -Wno-old-style-declaration -Wno-unused-but-set-variable -Wno-unused-parameter -Werror -Wno-error=unused-but-set-variable -Wno-error=unused-parameter -I/builddir/build/BUILD/shim-16.1/Cryptlib/OpenSSL -I/builddir/build/BUILD/shim-16.1/Cryptlib -I/builddir/build/BUILD/shim-16.1/Cryptlib/OpenSSL/Include/ -I/builddir/build/BUILD/shim-16.1/Cryptlib/OpenSSL/crypto -I/builddir/build/BUILD/shim-16.1/Cryptlib/Include -I/builddir/build/BUILD/shim-16.1/gnu-efi/inc -I/builddir/build/BUILD/shim-16.1/gnu-efi/inc/aarch64 -I/builddir/build/BUILD/shim-16.1/gnu-efi/inc/protocol -I/builddir/build/BUILD/shim-16.1/Cryptlib/OpenSSL/crypto/asn1 -I/builddir/build/BUILD/shim-16.1/Cryptlib/OpenSSL/crypto/evp -I/builddir/build/BUILD/shim-16.1/Cryptlib/OpenSSL/crypto/modes -I/builddir/build/BUILD/shim-16.1/Cryptlib/OpenSSL/crypto/include -isystem /builddir/build/BUILD/shim-16.1/include/system -isystem /usr/lib/gcc/aarch64-redhat-linux/11/include -DL_ENDIAN -D_CRT_SECURE_NO_DEPRECATE -D_CRT_NONSTDC_NO_DEPRECATE -DOPENSSL_SMALL_FOOTPRINT -DPEDANTIC -DMDE_CPU_AARCH64   -c -o crypto/pkcs12/p12_utl.o /builddir/build/BUILD/shim-16.1/Cryptlib/OpenSSL/crypto/pkcs12/p12_utl.c
DEBUG util.py:461:  gcc -std=gnu11 -ggdb -gdwarf-4 -gstrict-dwarf -ffreestanding -fmacro-prefix-map=/builddir/build/BUILD/shim-16.1/= -fno-stack-protector -fno-strict-aliasing -fpic -fshort-wchar -nostdinc -Os -Wall -Wextra -Wno-missing-field-initializers -Wno-empty-body -Wno-implicit-fallthrough -Wno-old-style-declaration -Wno-unused-but-set-variable -Wno-unused-parameter -Werror -Wno-error=unused-but-set-variable -Wno-error=unused-parameter -I/builddir/build/BUILD/shim-16.1/Cryptlib/OpenSSL -I/builddir/build/BUILD/shim-16.1/Cryptlib -I/builddir/build/BUILD/shim-16.1/Cryptlib/OpenSSL/Include/ -I/builddir/build/BUILD/shim-16.1/Cryptlib/OpenSSL/crypto -I/builddir/build/BUILD/shim-16.1/Cryptlib/Include -I/builddir/build/BUILD/shim-16.1/gnu-efi/inc -I/builddir/build/BUILD/shim-16.1/gnu-efi/inc/aarch64 -I/builddir/build/BUILD/shim-16.1/gnu-efi/inc/protocol -I/builddir/build/BUILD/shim-16.1/Cryptlib/OpenSSL/crypto/asn1 -I/builddir/build/BUILD/shim-16.1/Cryptlib/OpenSSL/crypto/evp -I/builddir/build/BUILD/shim-16.1/Cryptlib/OpenSSL/crypto/modes -I/builddir/build/BUILD/shim-16.1/Cryptlib/OpenSSL/crypto/include -isystem /builddir/build/BUILD/shim-16.1/include/system -isystem /usr/lib/gcc/aarch64-redhat-linux/11/include -DL_ENDIAN -D_CRT_SECURE_NO_DEPRECATE -D_CRT_NONSTDC_NO_DEPRECATE -DOPENSSL_SMALL_FOOTPRINT -DPEDANTIC -DMDE_CPU_AARCH64   -c -o crypto/pkcs12/p12_npas.o /builddir/build/BUILD/shim-16.1/Cryptlib/OpenSSL/crypto/pkcs12/p12_npas.c
DEBUG util.py:461:  gcc -std=gnu11 -ggdb -gdwarf-4 -gstrict-dwarf -ffreestanding -fmacro-prefix-map=/builddir/build/BUILD/shim-16.1/= -fno-stack-protector -fno-strict-aliasing -fpic -fshort-wchar -nostdinc -Os -Wall -Wextra -Wno-missing-field-initializers -Wno-empty-body -Wno-implicit-fallthrough -Wno-old-style-declaration -Wno-unused-but-set-variable -Wno-unused-parameter -Werror -Wno-error=unused-but-set-variable -Wno-error=unused-parameter -I/builddir/build/BUILD/shim-16.1/Cryptlib/OpenSSL -I/builddir/build/BUILD/shim-16.1/Cryptlib -I/builddir/build/BUILD/shim-16.1/Cryptlib/OpenSSL/Include/ -I/builddir/build/BUILD/shim-16.1/Cryptlib/OpenSSL/crypto -I/builddir/build/BUILD/shim-16.1/Cryptlib/Include -I/builddir/build/BUILD/shim-16.1/gnu-efi/inc -I/builddir/build/BUILD/shim-16.1/gnu-efi/inc/aarch64 -I/builddir/build/BUILD/shim-16.1/gnu-efi/inc/protocol -I/builddir/build/BUILD/shim-16.1/Cryptlib/OpenSSL/crypto/asn1 -I/builddir/build/BUILD/shim-16.1/Cryptlib/OpenSSL/crypto/evp -I/builddir/build/BUILD/shim-16.1/Cryptlib/OpenSSL/crypto/modes -I/builddir/build/BUILD/shim-16.1/Cryptlib/OpenSSL/crypto/include -isystem /builddir/build/BUILD/shim-16.1/include/system -isystem /usr/lib/gcc/aarch64-redhat-linux/11/include -DL_ENDIAN -D_CRT_SECURE_NO_DEPRECATE -D_CRT_NONSTDC_NO_DEPRECATE -DOPENSSL_SMALL_FOOTPRINT -DPEDANTIC -DMDE_CPU_AARCH64   -c -o crypto/pkcs12/pk12err.o /builddir/build/BUILD/shim-16.1/Cryptlib/OpenSSL/crypto/pkcs12/pk12err.c
DEBUG util.py:461:  gcc -std=gnu11 -ggdb -gdwarf-4 -gstrict-dwarf -ffreestanding -fmacro-prefix-map=/builddir/build/BUILD/shim-16.1/= -fno-stack-protector -fno-strict-aliasing -fpic -fshort-wchar -nostdinc -Os -Wall -Wextra -Wno-missing-field-initializers -Wno-empty-body -Wno-implicit-fallthrough -Wno-old-style-declaration -Wno-unused-but-set-variable -Wno-unused-parameter -Werror -Wno-error=unused-but-set-variable -Wno-error=unused-parameter -I/builddir/build/BUILD/shim-16.1/Cryptlib/OpenSSL -I/builddir/build/BUILD/shim-16.1/Cryptlib -I/builddir/build/BUILD/shim-16.1/Cryptlib/OpenSSL/Include/ -I/builddir/build/BUILD/shim-16.1/Cryptlib/OpenSSL/crypto -I/builddir/build/BUILD/shim-16.1/Cryptlib/Include -I/builddir/build/BUILD/shim-16.1/gnu-efi/inc -I/builddir/build/BUILD/shim-16.1/gnu-efi/inc/aarch64 -I/builddir/build/BUILD/shim-16.1/gnu-efi/inc/protocol -I/builddir/build/BUILD/shim-16.1/Cryptlib/OpenSSL/crypto/asn1 -I/builddir/build/BUILD/shim-16.1/Cryptlib/OpenSSL/crypto/evp -I/builddir/build/BUILD/shim-16.1/Cryptlib/OpenSSL/crypto/modes -I/builddir/build/BUILD/shim-16.1/Cryptlib/OpenSSL/crypto/include -isystem /builddir/build/BUILD/shim-16.1/include/system -isystem /usr/lib/gcc/aarch64-redhat-linux/11/include -DL_ENDIAN -D_CRT_SECURE_NO_DEPRECATE -D_CRT_NONSTDC_NO_DEPRECATE -DOPENSSL_SMALL_FOOTPRINT -DPEDANTIC -DMDE_CPU_AARCH64   -c -o crypto/pkcs12/p12_p8d.o /builddir/build/BUILD/shim-16.1/Cryptlib/OpenSSL/crypto/pkcs12/p12_p8d.c
DEBUG util.py:461:  gcc -std=gnu11 -ggdb -gdwarf-4 -gstrict-dwarf -ffreestanding -fmacro-prefix-map=/builddir/build/BUILD/shim-16.1/= -fno-stack-protector -fno-strict-aliasing -fpic -fshort-wchar -nostdinc -Os -Wall -Wextra -Wno-missing-field-initializers -Wno-empty-body -Wno-implicit-fallthrough -Wno-old-style-declaration -Wno-unused-but-set-variable -Wno-unused-parameter -Werror -Wno-error=unused-but-set-variable -Wno-error=unused-parameter -I/builddir/build/BUILD/shim-16.1/Cryptlib/OpenSSL -I/builddir/build/BUILD/shim-16.1/Cryptlib -I/builddir/build/BUILD/shim-16.1/Cryptlib/OpenSSL/Include/ -I/builddir/build/BUILD/shim-16.1/Cryptlib/OpenSSL/crypto -I/builddir/build/BUILD/shim-16.1/Cryptlib/Include -I/builddir/build/BUILD/shim-16.1/gnu-efi/inc -I/builddir/build/BUILD/shim-16.1/gnu-efi/inc/aarch64 -I/builddir/build/BUILD/shim-16.1/gnu-efi/inc/protocol -I/builddir/build/BUILD/shim-16.1/Cryptlib/OpenSSL/crypto/asn1 -I/builddir/build/BUILD/shim-16.1/Cryptlib/OpenSSL/crypto/evp -I/builddir/build/BUILD/shim-16.1/Cryptlib/OpenSSL/crypto/modes -I/builddir/build/BUILD/shim-16.1/Cryptlib/OpenSSL/crypto/include -isystem /builddir/build/BUILD/shim-16.1/include/system -isystem /usr/lib/gcc/aarch64-redhat-linux/11/include -DL_ENDIAN -D_CRT_SECURE_NO_DEPRECATE -D_CRT_NONSTDC_NO_DEPRECATE -DOPENSSL_SMALL_FOOTPRINT -DPEDANTIC -DMDE_CPU_AARCH64   -c -o crypto/pkcs12/p12_p8e.o /builddir/build/BUILD/shim-16.1/Cryptlib/OpenSSL/crypto/pkcs12/p12_p8e.c
DEBUG util.py:461:  gcc -std=gnu11 -ggdb -gdwarf-4 -gstrict-dwarf -ffreestanding -fmacro-prefix-map=/builddir/build/BUILD/shim-16.1/= -fno-stack-protector -fno-strict-aliasing -fpic -fshort-wchar -nostdinc -Os -Wall -Wextra -Wno-missing-field-initializers -Wno-empty-body -Wno-implicit-fallthrough -Wno-old-style-declaration -Wno-unused-but-set-variable -Wno-unused-parameter -Werror -Wno-error=unused-but-set-variable -Wno-error=unused-parameter -I/builddir/build/BUILD/shim-16.1/Cryptlib/OpenSSL -I/builddir/build/BUILD/shim-16.1/Cryptlib -I/builddir/build/BUILD/shim-16.1/Cryptlib/OpenSSL/Include/ -I/builddir/build/BUILD/shim-16.1/Cryptlib/OpenSSL/crypto -I/builddir/build/BUILD/shim-16.1/Cryptlib/Include -I/builddir/build/BUILD/shim-16.1/gnu-efi/inc -I/builddir/build/BUILD/shim-16.1/gnu-efi/inc/aarch64 -I/builddir/build/BUILD/shim-16.1/gnu-efi/inc/protocol -I/builddir/build/BUILD/shim-16.1/Cryptlib/OpenSSL/crypto/asn1 -I/builddir/build/BUILD/shim-16.1/Cryptlib/OpenSSL/crypto/evp -I/builddir/build/BUILD/shim-16.1/Cryptlib/OpenSSL/crypto/modes -I/builddir/build/BUILD/shim-16.1/Cryptlib/OpenSSL/crypto/include -isystem /builddir/build/BUILD/shim-16.1/include/system -isystem /usr/lib/gcc/aarch64-redhat-linux/11/include -DL_ENDIAN -D_CRT_SECURE_NO_DEPRECATE -D_CRT_NONSTDC_NO_DEPRECATE -DOPENSSL_SMALL_FOOTPRINT -DPEDANTIC -DMDE_CPU_AARCH64   -c -o crypto/comp/comp_lib.o /builddir/build/BUILD/shim-16.1/Cryptlib/OpenSSL/crypto/comp/comp_lib.c
DEBUG util.py:461:  gcc -std=gnu11 -ggdb -gdwarf-4 -gstrict-dwarf -ffreestanding -fmacro-prefix-map=/builddir/build/BUILD/shim-16.1/= -fno-stack-protector -fno-strict-aliasing -fpic -fshort-wchar -nostdinc -Os -Wall -Wextra -Wno-missing-field-initializers -Wno-empty-body -Wno-implicit-fallthrough -Wno-old-style-declaration -Wno-unused-but-set-variable -Wno-unused-parameter -Werror -Wno-error=unused-but-set-variable -Wno-error=unused-parameter -I/builddir/build/BUILD/shim-16.1/Cryptlib/OpenSSL -I/builddir/build/BUILD/shim-16.1/Cryptlib -I/builddir/build/BUILD/shim-16.1/Cryptlib/OpenSSL/Include/ -I/builddir/build/BUILD/shim-16.1/Cryptlib/OpenSSL/crypto -I/builddir/build/BUILD/shim-16.1/Cryptlib/Include -I/builddir/build/BUILD/shim-16.1/gnu-efi/inc -I/builddir/build/BUILD/shim-16.1/gnu-efi/inc/aarch64 -I/builddir/build/BUILD/shim-16.1/gnu-efi/inc/protocol -I/builddir/build/BUILD/shim-16.1/Cryptlib/OpenSSL/crypto/asn1 -I/builddir/build/BUILD/shim-16.1/Cryptlib/OpenSSL/crypto/evp -I/builddir/build/BUILD/shim-16.1/Cryptlib/OpenSSL/crypto/modes -I/builddir/build/BUILD/shim-16.1/Cryptlib/OpenSSL/crypto/include -isystem /builddir/build/BUILD/shim-16.1/include/system -isystem /usr/lib/gcc/aarch64-redhat-linux/11/include -DL_ENDIAN -D_CRT_SECURE_NO_DEPRECATE -D_CRT_NONSTDC_NO_DEPRECATE -DOPENSSL_SMALL_FOOTPRINT -DPEDANTIC -DMDE_CPU_AARCH64   -c -o crypto/comp/comp_err.o /builddir/build/BUILD/shim-16.1/Cryptlib/OpenSSL/crypto/comp/comp_err.c
DEBUG util.py:461:  gcc -std=gnu11 -ggdb -gdwarf-4 -gstrict-dwarf -ffreestanding -fmacro-prefix-map=/builddir/build/BUILD/shim-16.1/= -fno-stack-protector -fno-strict-aliasing -fpic -fshort-wchar -nostdinc -Os -Wall -Wextra -Wno-missing-field-initializers -Wno-empty-body -Wno-implicit-fallthrough -Wno-old-style-declaration -Wno-unused-but-set-variable -Wno-unused-parameter -Werror -Wno-error=unused-but-set-variable -Wno-error=unused-parameter -I/builddir/build/BUILD/shim-16.1/Cryptlib/OpenSSL -I/builddir/build/BUILD/shim-16.1/Cryptlib -I/builddir/build/BUILD/shim-16.1/Cryptlib/OpenSSL/Include/ -I/builddir/build/BUILD/shim-16.1/Cryptlib/OpenSSL/crypto -I/builddir/build/BUILD/shim-16.1/Cryptlib/Include -I/builddir/build/BUILD/shim-16.1/gnu-efi/inc -I/builddir/build/BUILD/shim-16.1/gnu-efi/inc/aarch64 -I/builddir/build/BUILD/shim-16.1/gnu-efi/inc/protocol -I/builddir/build/BUILD/shim-16.1/Cryptlib/OpenSSL/crypto/asn1 -I/builddir/build/BUILD/shim-16.1/Cryptlib/OpenSSL/crypto/evp -I/builddir/build/BUILD/shim-16.1/Cryptlib/OpenSSL/crypto/modes -I/builddir/build/BUILD/shim-16.1/Cryptlib/OpenSSL/crypto/include -isystem /builddir/build/BUILD/shim-16.1/include/system -isystem /usr/lib/gcc/aarch64-redhat-linux/11/include -DL_ENDIAN -D_CRT_SECURE_NO_DEPRECATE -D_CRT_NONSTDC_NO_DEPRECATE -DOPENSSL_SMALL_FOOTPRINT -DPEDANTIC -DMDE_CPU_AARCH64   -c -o crypto/comp/c_rle.o /builddir/build/BUILD/shim-16.1/Cryptlib/OpenSSL/crypto/comp/c_rle.c
DEBUG util.py:461:  gcc -std=gnu11 -ggdb -gdwarf-4 -gstrict-dwarf -ffreestanding -fmacro-prefix-map=/builddir/build/BUILD/shim-16.1/= -fno-stack-protector -fno-strict-aliasing -fpic -fshort-wchar -nostdinc -Os -Wall -Wextra -Wno-missing-field-initializers -Wno-empty-body -Wno-implicit-fallthrough -Wno-old-style-declaration -Wno-unused-but-set-variable -Wno-unused-parameter -Werror -Wno-error=unused-but-set-variable -Wno-error=unused-parameter -I/builddir/build/BUILD/shim-16.1/Cryptlib/OpenSSL -I/builddir/build/BUILD/shim-16.1/Cryptlib -I/builddir/build/BUILD/shim-16.1/Cryptlib/OpenSSL/Include/ -I/builddir/build/BUILD/shim-16.1/Cryptlib/OpenSSL/crypto -I/builddir/build/BUILD/shim-16.1/Cryptlib/Include -I/builddir/build/BUILD/shim-16.1/gnu-efi/inc -I/builddir/build/BUILD/shim-16.1/gnu-efi/inc/aarch64 -I/builddir/build/BUILD/shim-16.1/gnu-efi/inc/protocol -I/builddir/build/BUILD/shim-16.1/Cryptlib/OpenSSL/crypto/asn1 -I/builddir/build/BUILD/shim-16.1/Cryptlib/OpenSSL/crypto/evp -I/builddir/build/BUILD/shim-16.1/Cryptlib/OpenSSL/crypto/modes -I/builddir/build/BUILD/shim-16.1/Cryptlib/OpenSSL/crypto/include -isystem /builddir/build/BUILD/shim-16.1/include/system -isystem /usr/lib/gcc/aarch64-redhat-linux/11/include -DL_ENDIAN -D_CRT_SECURE_NO_DEPRECATE -D_CRT_NONSTDC_NO_DEPRECATE -DOPENSSL_SMALL_FOOTPRINT -DPEDANTIC -DMDE_CPU_AARCH64   -c -o crypto/comp/c_zlib.o /builddir/build/BUILD/shim-16.1/Cryptlib/OpenSSL/crypto/comp/c_zlib.c
DEBUG util.py:461:  gcc -std=gnu11 -ggdb -gdwarf-4 -gstrict-dwarf -ffreestanding -fmacro-prefix-map=/builddir/build/BUILD/shim-16.1/= -fno-stack-protector -fno-strict-aliasing -fpic -fshort-wchar -nostdinc -Os -Wall -Wextra -Wno-missing-field-initializers -Wno-empty-body -Wno-implicit-fallthrough -Wno-old-style-declaration -Wno-unused-but-set-variable -Wno-unused-parameter -Werror -Wno-error=unused-but-set-variable -Wno-error=unused-parameter -I/builddir/build/BUILD/shim-16.1/Cryptlib/OpenSSL -I/builddir/build/BUILD/shim-16.1/Cryptlib -I/builddir/build/BUILD/shim-16.1/Cryptlib/OpenSSL/Include/ -I/builddir/build/BUILD/shim-16.1/Cryptlib/OpenSSL/crypto -I/builddir/build/BUILD/shim-16.1/Cryptlib/Include -I/builddir/build/BUILD/shim-16.1/gnu-efi/inc -I/builddir/build/BUILD/shim-16.1/gnu-efi/inc/aarch64 -I/builddir/build/BUILD/shim-16.1/gnu-efi/inc/protocol -I/builddir/build/BUILD/shim-16.1/Cryptlib/OpenSSL/crypto/asn1 -I/builddir/build/BUILD/shim-16.1/Cryptlib/OpenSSL/crypto/evp -I/builddir/build/BUILD/shim-16.1/Cryptlib/OpenSSL/crypto/modes -I/builddir/build/BUILD/shim-16.1/Cryptlib/OpenSSL/crypto/include -isystem /builddir/build/BUILD/shim-16.1/include/system -isystem /usr/lib/gcc/aarch64-redhat-linux/11/include -DL_ENDIAN -D_CRT_SECURE_NO_DEPRECATE -D_CRT_NONSTDC_NO_DEPRECATE -DOPENSSL_SMALL_FOOTPRINT -DPEDANTIC -DMDE_CPU_AARCH64   -c -o crypto/ocsp/ocsp_asn.o /builddir/build/BUILD/shim-16.1/Cryptlib/OpenSSL/crypto/ocsp/ocsp_asn.c
DEBUG util.py:461:  gcc -std=gnu11 -ggdb -gdwarf-4 -gstrict-dwarf -ffreestanding -fmacro-prefix-map=/builddir/build/BUILD/shim-16.1/= -fno-stack-protector -fno-strict-aliasing -fpic -fshort-wchar -nostdinc -Os -Wall -Wextra -Wno-missing-field-initializers -Wno-empty-body -Wno-implicit-fallthrough -Wno-old-style-declaration -Wno-unused-but-set-variable -Wno-unused-parameter -Werror -Wno-error=unused-but-set-variable -Wno-error=unused-parameter -I/builddir/build/BUILD/shim-16.1/Cryptlib/OpenSSL -I/builddir/build/BUILD/shim-16.1/Cryptlib -I/builddir/build/BUILD/shim-16.1/Cryptlib/OpenSSL/Include/ -I/builddir/build/BUILD/shim-16.1/Cryptlib/OpenSSL/crypto -I/builddir/build/BUILD/shim-16.1/Cryptlib/Include -I/builddir/build/BUILD/shim-16.1/gnu-efi/inc -I/builddir/build/BUILD/shim-16.1/gnu-efi/inc/aarch64 -I/builddir/build/BUILD/shim-16.1/gnu-efi/inc/protocol -I/builddir/build/BUILD/shim-16.1/Cryptlib/OpenSSL/crypto/asn1 -I/builddir/build/BUILD/shim-16.1/Cryptlib/OpenSSL/crypto/evp -I/builddir/build/BUILD/shim-16.1/Cryptlib/OpenSSL/crypto/modes -I/builddir/build/BUILD/shim-16.1/Cryptlib/OpenSSL/crypto/include -isystem /builddir/build/BUILD/shim-16.1/include/system -isystem /usr/lib/gcc/aarch64-redhat-linux/11/include -DL_ENDIAN -D_CRT_SECURE_NO_DEPRECATE -D_CRT_NONSTDC_NO_DEPRECATE -DOPENSSL_SMALL_FOOTPRINT -DPEDANTIC -DMDE_CPU_AARCH64   -c -o crypto/ocsp/ocsp_ext.o /builddir/build/BUILD/shim-16.1/Cryptlib/OpenSSL/crypto/ocsp/ocsp_ext.c
DEBUG util.py:461:  gcc -std=gnu11 -ggdb -gdwarf-4 -gstrict-dwarf -ffreestanding -fmacro-prefix-map=/builddir/build/BUILD/shim-16.1/= -fno-stack-protector -fno-strict-aliasing -fpic -fshort-wchar -nostdinc -Os -Wall -Wextra -Wno-missing-field-initializers -Wno-empty-body -Wno-implicit-fallthrough -Wno-old-style-declaration -Wno-unused-but-set-variable -Wno-unused-parameter -Werror -Wno-error=unused-but-set-variable -Wno-error=unused-parameter -I/builddir/build/BUILD/shim-16.1/Cryptlib/OpenSSL -I/builddir/build/BUILD/shim-16.1/Cryptlib -I/builddir/build/BUILD/shim-16.1/Cryptlib/OpenSSL/Include/ -I/builddir/build/BUILD/shim-16.1/Cryptlib/OpenSSL/crypto -I/builddir/build/BUILD/shim-16.1/Cryptlib/Include -I/builddir/build/BUILD/shim-16.1/gnu-efi/inc -I/builddir/build/BUILD/shim-16.1/gnu-efi/inc/aarch64 -I/builddir/build/BUILD/shim-16.1/gnu-efi/inc/protocol -I/builddir/build/BUILD/shim-16.1/Cryptlib/OpenSSL/crypto/asn1 -I/builddir/build/BUILD/shim-16.1/Cryptlib/OpenSSL/crypto/evp -I/builddir/build/BUILD/shim-16.1/Cryptlib/OpenSSL/crypto/modes -I/builddir/build/BUILD/shim-16.1/Cryptlib/OpenSSL/crypto/include -isystem /builddir/build/BUILD/shim-16.1/include/system -isystem /usr/lib/gcc/aarch64-redhat-linux/11/include -DL_ENDIAN -D_CRT_SECURE_NO_DEPRECATE -D_CRT_NONSTDC_NO_DEPRECATE -DOPENSSL_SMALL_FOOTPRINT -DPEDANTIC -DMDE_CPU_AARCH64   -c -o crypto/ocsp/ocsp_ht.o /builddir/build/BUILD/shim-16.1/Cryptlib/OpenSSL/crypto/ocsp/ocsp_ht.c
DEBUG util.py:461:  gcc -std=gnu11 -ggdb -gdwarf-4 -gstrict-dwarf -ffreestanding -fmacro-prefix-map=/builddir/build/BUILD/shim-16.1/= -fno-stack-protector -fno-strict-aliasing -fpic -fshort-wchar -nostdinc -Os -Wall -Wextra -Wno-missing-field-initializers -Wno-empty-body -Wno-implicit-fallthrough -Wno-old-style-declaration -Wno-unused-but-set-variable -Wno-unused-parameter -Werror -Wno-error=unused-but-set-variable -Wno-error=unused-parameter -I/builddir/build/BUILD/shim-16.1/Cryptlib/OpenSSL -I/builddir/build/BUILD/shim-16.1/Cryptlib -I/builddir/build/BUILD/shim-16.1/Cryptlib/OpenSSL/Include/ -I/builddir/build/BUILD/shim-16.1/Cryptlib/OpenSSL/crypto -I/builddir/build/BUILD/shim-16.1/Cryptlib/Include -I/builddir/build/BUILD/shim-16.1/gnu-efi/inc -I/builddir/build/BUILD/shim-16.1/gnu-efi/inc/aarch64 -I/builddir/build/BUILD/shim-16.1/gnu-efi/inc/protocol -I/builddir/build/BUILD/shim-16.1/Cryptlib/OpenSSL/crypto/asn1 -I/builddir/build/BUILD/shim-16.1/Cryptlib/OpenSSL/crypto/evp -I/builddir/build/BUILD/shim-16.1/Cryptlib/OpenSSL/crypto/modes -I/builddir/build/BUILD/shim-16.1/Cryptlib/OpenSSL/crypto/include -isystem /builddir/build/BUILD/shim-16.1/include/system -isystem /usr/lib/gcc/aarch64-redhat-linux/11/include -DL_ENDIAN -D_CRT_SECURE_NO_DEPRECATE -D_CRT_NONSTDC_NO_DEPRECATE -DOPENSSL_SMALL_FOOTPRINT -DPEDANTIC -DMDE_CPU_AARCH64   -c -o crypto/ocsp/ocsp_lib.o /builddir/build/BUILD/shim-16.1/Cryptlib/OpenSSL/crypto/ocsp/ocsp_lib.c
DEBUG util.py:461:  gcc -std=gnu11 -ggdb -gdwarf-4 -gstrict-dwarf -ffreestanding -fmacro-prefix-map=/builddir/build/BUILD/shim-16.1/= -fno-stack-protector -fno-strict-aliasing -fpic -fshort-wchar -nostdinc -Os -Wall -Wextra -Wno-missing-field-initializers -Wno-empty-body -Wno-implicit-fallthrough -Wno-old-style-declaration -Wno-unused-but-set-variable -Wno-unused-parameter -Werror -Wno-error=unused-but-set-variable -Wno-error=unused-parameter -I/builddir/build/BUILD/shim-16.1/Cryptlib/OpenSSL -I/builddir/build/BUILD/shim-16.1/Cryptlib -I/builddir/build/BUILD/shim-16.1/Cryptlib/OpenSSL/Include/ -I/builddir/build/BUILD/shim-16.1/Cryptlib/OpenSSL/crypto -I/builddir/build/BUILD/shim-16.1/Cryptlib/Include -I/builddir/build/BUILD/shim-16.1/gnu-efi/inc -I/builddir/build/BUILD/shim-16.1/gnu-efi/inc/aarch64 -I/builddir/build/BUILD/shim-16.1/gnu-efi/inc/protocol -I/builddir/build/BUILD/shim-16.1/Cryptlib/OpenSSL/crypto/asn1 -I/builddir/build/BUILD/shim-16.1/Cryptlib/OpenSSL/crypto/evp -I/builddir/build/BUILD/shim-16.1/Cryptlib/OpenSSL/crypto/modes -I/builddir/build/BUILD/shim-16.1/Cryptlib/OpenSSL/crypto/include -isystem /builddir/build/BUILD/shim-16.1/include/system -isystem /usr/lib/gcc/aarch64-redhat-linux/11/include -DL_ENDIAN -D_CRT_SECURE_NO_DEPRECATE -D_CRT_NONSTDC_NO_DEPRECATE -DOPENSSL_SMALL_FOOTPRINT -DPEDANTIC -DMDE_CPU_AARCH64   -c -o crypto/ocsp/ocsp_cl.o /builddir/build/BUILD/shim-16.1/Cryptlib/OpenSSL/crypto/ocsp/ocsp_cl.c
DEBUG util.py:461:  gcc -std=gnu11 -ggdb -gdwarf-4 -gstrict-dwarf -ffreestanding -fmacro-prefix-map=/builddir/build/BUILD/shim-16.1/= -fno-stack-protector -fno-strict-aliasing -fpic -fshort-wchar -nostdinc -Os -Wall -Wextra -Wno-missing-field-initializers -Wno-empty-body -Wno-implicit-fallthrough -Wno-old-style-declaration -Wno-unused-but-set-variable -Wno-unused-parameter -Werror -Wno-error=unused-but-set-variable -Wno-error=unused-parameter -I/builddir/build/BUILD/shim-16.1/Cryptlib/OpenSSL -I/builddir/build/BUILD/shim-16.1/Cryptlib -I/builddir/build/BUILD/shim-16.1/Cryptlib/OpenSSL/Include/ -I/builddir/build/BUILD/shim-16.1/Cryptlib/OpenSSL/crypto -I/builddir/build/BUILD/shim-16.1/Cryptlib/Include -I/builddir/build/BUILD/shim-16.1/gnu-efi/inc -I/builddir/build/BUILD/shim-16.1/gnu-efi/inc/aarch64 -I/builddir/build/BUILD/shim-16.1/gnu-efi/inc/protocol -I/builddir/build/BUILD/shim-16.1/Cryptlib/OpenSSL/crypto/asn1 -I/builddir/build/BUILD/shim-16.1/Cryptlib/OpenSSL/crypto/evp -I/builddir/build/BUILD/shim-16.1/Cryptlib/OpenSSL/crypto/modes -I/builddir/build/BUILD/shim-16.1/Cryptlib/OpenSSL/crypto/include -isystem /builddir/build/BUILD/shim-16.1/include/system -isystem /usr/lib/gcc/aarch64-redhat-linux/11/include -DL_ENDIAN -D_CRT_SECURE_NO_DEPRECATE -D_CRT_NONSTDC_NO_DEPRECATE -DOPENSSL_SMALL_FOOTPRINT -DPEDANTIC -DMDE_CPU_AARCH64   -c -o crypto/ocsp/ocsp_srv.o /builddir/build/BUILD/shim-16.1/Cryptlib/OpenSSL/crypto/ocsp/ocsp_srv.c
DEBUG util.py:461:  gcc -std=gnu11 -ggdb -gdwarf-4 -gstrict-dwarf -ffreestanding -fmacro-prefix-map=/builddir/build/BUILD/shim-16.1/= -fno-stack-protector -fno-strict-aliasing -fpic -fshort-wchar -nostdinc -Os -Wall -Wextra -Wno-missing-field-initializers -Wno-empty-body -Wno-implicit-fallthrough -Wno-old-style-declaration -Wno-unused-but-set-variable -Wno-unused-parameter -Werror -Wno-error=unused-but-set-variable -Wno-error=unused-parameter -I/builddir/build/BUILD/shim-16.1/Cryptlib/OpenSSL -I/builddir/build/BUILD/shim-16.1/Cryptlib -I/builddir/build/BUILD/shim-16.1/Cryptlib/OpenSSL/Include/ -I/builddir/build/BUILD/shim-16.1/Cryptlib/OpenSSL/crypto -I/builddir/build/BUILD/shim-16.1/Cryptlib/Include -I/builddir/build/BUILD/shim-16.1/gnu-efi/inc -I/builddir/build/BUILD/shim-16.1/gnu-efi/inc/aarch64 -I/builddir/build/BUILD/shim-16.1/gnu-efi/inc/protocol -I/builddir/build/BUILD/shim-16.1/Cryptlib/OpenSSL/crypto/asn1 -I/builddir/build/BUILD/shim-16.1/Cryptlib/OpenSSL/crypto/evp -I/builddir/build/BUILD/shim-16.1/Cryptlib/OpenSSL/crypto/modes -I/builddir/build/BUILD/shim-16.1/Cryptlib/OpenSSL/crypto/include -isystem /builddir/build/BUILD/shim-16.1/include/system -isystem /usr/lib/gcc/aarch64-redhat-linux/11/include -DL_ENDIAN -D_CRT_SECURE_NO_DEPRECATE -D_CRT_NONSTDC_NO_DEPRECATE -DOPENSSL_SMALL_FOOTPRINT -DPEDANTIC -DMDE_CPU_AARCH64   -c -o crypto/ocsp/ocsp_prn.o /builddir/build/BUILD/shim-16.1/Cryptlib/OpenSSL/crypto/ocsp/ocsp_prn.c
DEBUG util.py:461:  gcc -std=gnu11 -ggdb -gdwarf-4 -gstrict-dwarf -ffreestanding -fmacro-prefix-map=/builddir/build/BUILD/shim-16.1/= -fno-stack-protector -fno-strict-aliasing -fpic -fshort-wchar -nostdinc -Os -Wall -Wextra -Wno-missing-field-initializers -Wno-empty-body -Wno-implicit-fallthrough -Wno-old-style-declaration -Wno-unused-but-set-variable -Wno-unused-parameter -Werror -Wno-error=unused-but-set-variable -Wno-error=unused-parameter -I/builddir/build/BUILD/shim-16.1/Cryptlib/OpenSSL -I/builddir/build/BUILD/shim-16.1/Cryptlib -I/builddir/build/BUILD/shim-16.1/Cryptlib/OpenSSL/Include/ -I/builddir/build/BUILD/shim-16.1/Cryptlib/OpenSSL/crypto -I/builddir/build/BUILD/shim-16.1/Cryptlib/Include -I/builddir/build/BUILD/shim-16.1/gnu-efi/inc -I/builddir/build/BUILD/shim-16.1/gnu-efi/inc/aarch64 -I/builddir/build/BUILD/shim-16.1/gnu-efi/inc/protocol -I/builddir/build/BUILD/shim-16.1/Cryptlib/OpenSSL/crypto/asn1 -I/builddir/build/BUILD/shim-16.1/Cryptlib/OpenSSL/crypto/evp -I/builddir/build/BUILD/shim-16.1/Cryptlib/OpenSSL/crypto/modes -I/builddir/build/BUILD/shim-16.1/Cryptlib/OpenSSL/crypto/include -isystem /builddir/build/BUILD/shim-16.1/include/system -isystem /usr/lib/gcc/aarch64-redhat-linux/11/include -DL_ENDIAN -D_CRT_SECURE_NO_DEPRECATE -D_CRT_NONSTDC_NO_DEPRECATE -DOPENSSL_SMALL_FOOTPRINT -DPEDANTIC -DMDE_CPU_AARCH64   -c -o crypto/ocsp/ocsp_vfy.o /builddir/build/BUILD/shim-16.1/Cryptlib/OpenSSL/crypto/ocsp/ocsp_vfy.c
DEBUG util.py:461:  gcc -std=gnu11 -ggdb -gdwarf-4 -gstrict-dwarf -ffreestanding -fmacro-prefix-map=/builddir/build/BUILD/shim-16.1/= -fno-stack-protector -fno-strict-aliasing -fpic -fshort-wchar -nostdinc -Os -Wall -Wextra -Wno-missing-field-initializers -Wno-empty-body -Wno-implicit-fallthrough -Wno-old-style-declaration -Wno-unused-but-set-variable -Wno-unused-parameter -Werror -Wno-error=unused-but-set-variable -Wno-error=unused-parameter -I/builddir/build/BUILD/shim-16.1/Cryptlib/OpenSSL -I/builddir/build/BUILD/shim-16.1/Cryptlib -I/builddir/build/BUILD/shim-16.1/Cryptlib/OpenSSL/Include/ -I/builddir/build/BUILD/shim-16.1/Cryptlib/OpenSSL/crypto -I/builddir/build/BUILD/shim-16.1/Cryptlib/Include -I/builddir/build/BUILD/shim-16.1/gnu-efi/inc -I/builddir/build/BUILD/shim-16.1/gnu-efi/inc/aarch64 -I/builddir/build/BUILD/shim-16.1/gnu-efi/inc/protocol -I/builddir/build/BUILD/shim-16.1/Cryptlib/OpenSSL/crypto/asn1 -I/builddir/build/BUILD/shim-16.1/Cryptlib/OpenSSL/crypto/evp -I/builddir/build/BUILD/shim-16.1/Cryptlib/OpenSSL/crypto/modes -I/builddir/build/BUILD/shim-16.1/Cryptlib/OpenSSL/crypto/include -isystem /builddir/build/BUILD/shim-16.1/include/system -isystem /usr/lib/gcc/aarch64-redhat-linux/11/include -DL_ENDIAN -D_CRT_SECURE_NO_DEPRECATE -D_CRT_NONSTDC_NO_DEPRECATE -DOPENSSL_SMALL_FOOTPRINT -DPEDANTIC -DMDE_CPU_AARCH64   -c -o crypto/ocsp/ocsp_err.o /builddir/build/BUILD/shim-16.1/Cryptlib/OpenSSL/crypto/ocsp/ocsp_err.c
DEBUG util.py:461:  gcc -std=gnu11 -ggdb -gdwarf-4 -gstrict-dwarf -ffreestanding -fmacro-prefix-map=/builddir/build/BUILD/shim-16.1/= -fno-stack-protector -fno-strict-aliasing -fpic -fshort-wchar -nostdinc -Os -Wall -Wextra -Wno-missing-field-initializers -Wno-empty-body -Wno-implicit-fallthrough -Wno-old-style-declaration -Wno-unused-but-set-variable -Wno-unused-parameter -Werror -Wno-error=unused-but-set-variable -Wno-error=unused-parameter -I/builddir/build/BUILD/shim-16.1/Cryptlib/OpenSSL -I/builddir/build/BUILD/shim-16.1/Cryptlib -I/builddir/build/BUILD/shim-16.1/Cryptlib/OpenSSL/Include/ -I/builddir/build/BUILD/shim-16.1/Cryptlib/OpenSSL/crypto -I/builddir/build/BUILD/shim-16.1/Cryptlib/Include -I/builddir/build/BUILD/shim-16.1/gnu-efi/inc -I/builddir/build/BUILD/shim-16.1/gnu-efi/inc/aarch64 -I/builddir/build/BUILD/shim-16.1/gnu-efi/inc/protocol -I/builddir/build/BUILD/shim-16.1/Cryptlib/OpenSSL/crypto/asn1 -I/builddir/build/BUILD/shim-16.1/Cryptlib/OpenSSL/crypto/evp -I/builddir/build/BUILD/shim-16.1/Cryptlib/OpenSSL/crypto/modes -I/builddir/build/BUILD/shim-16.1/Cryptlib/OpenSSL/crypto/include -isystem /builddir/build/BUILD/shim-16.1/include/system -isystem /usr/lib/gcc/aarch64-redhat-linux/11/include -DL_ENDIAN -D_CRT_SECURE_NO_DEPRECATE -D_CRT_NONSTDC_NO_DEPRECATE -DOPENSSL_SMALL_FOOTPRINT -DPEDANTIC -DMDE_CPU_AARCH64   -c -o crypto/cmac/cmac.o /builddir/build/BUILD/shim-16.1/Cryptlib/OpenSSL/crypto/cmac/cmac.c
DEBUG util.py:461:  gcc -std=gnu11 -ggdb -gdwarf-4 -gstrict-dwarf -ffreestanding -fmacro-prefix-map=/builddir/build/BUILD/shim-16.1/= -fno-stack-protector -fno-strict-aliasing -fpic -fshort-wchar -nostdinc -Os -Wall -Wextra -Wno-missing-field-initializers -Wno-empty-body -Wno-implicit-fallthrough -Wno-old-style-declaration -Wno-unused-but-set-variable -Wno-unused-parameter -Werror -Wno-error=unused-but-set-variable -Wno-error=unused-parameter -I/builddir/build/BUILD/shim-16.1/Cryptlib/OpenSSL -I/builddir/build/BUILD/shim-16.1/Cryptlib -I/builddir/build/BUILD/shim-16.1/Cryptlib/OpenSSL/Include/ -I/builddir/build/BUILD/shim-16.1/Cryptlib/OpenSSL/crypto -I/builddir/build/BUILD/shim-16.1/Cryptlib/Include -I/builddir/build/BUILD/shim-16.1/gnu-efi/inc -I/builddir/build/BUILD/shim-16.1/gnu-efi/inc/aarch64 -I/builddir/build/BUILD/shim-16.1/gnu-efi/inc/protocol -I/builddir/build/BUILD/shim-16.1/Cryptlib/OpenSSL/crypto/asn1 -I/builddir/build/BUILD/shim-16.1/Cryptlib/OpenSSL/crypto/evp -I/builddir/build/BUILD/shim-16.1/Cryptlib/OpenSSL/crypto/modes -I/builddir/build/BUILD/shim-16.1/Cryptlib/OpenSSL/crypto/include -isystem /builddir/build/BUILD/shim-16.1/include/system -isystem /usr/lib/gcc/aarch64-redhat-linux/11/include -DL_ENDIAN -D_CRT_SECURE_NO_DEPRECATE -D_CRT_NONSTDC_NO_DEPRECATE -DOPENSSL_SMALL_FOOTPRINT -DPEDANTIC -DMDE_CPU_AARCH64   -c -o crypto/cmac/cm_ameth.o /builddir/build/BUILD/shim-16.1/Cryptlib/OpenSSL/crypto/cmac/cm_ameth.c
DEBUG util.py:461:  gcc -std=gnu11 -ggdb -gdwarf-4 -gstrict-dwarf -ffreestanding -fmacro-prefix-map=/builddir/build/BUILD/shim-16.1/= -fno-stack-protector -fno-strict-aliasing -fpic -fshort-wchar -nostdinc -Os -Wall -Wextra -Wno-missing-field-initializers -Wno-empty-body -Wno-implicit-fallthrough -Wno-old-style-declaration -Wno-unused-but-set-variable -Wno-unused-parameter -Werror -Wno-error=unused-but-set-variable -Wno-error=unused-parameter -I/builddir/build/BUILD/shim-16.1/Cryptlib/OpenSSL -I/builddir/build/BUILD/shim-16.1/Cryptlib -I/builddir/build/BUILD/shim-16.1/Cryptlib/OpenSSL/Include/ -I/builddir/build/BUILD/shim-16.1/Cryptlib/OpenSSL/crypto -I/builddir/build/BUILD/shim-16.1/Cryptlib/Include -I/builddir/build/BUILD/shim-16.1/gnu-efi/inc -I/builddir/build/BUILD/shim-16.1/gnu-efi/inc/aarch64 -I/builddir/build/BUILD/shim-16.1/gnu-efi/inc/protocol -I/builddir/build/BUILD/shim-16.1/Cryptlib/OpenSSL/crypto/asn1 -I/builddir/build/BUILD/shim-16.1/Cryptlib/OpenSSL/crypto/evp -I/builddir/build/BUILD/shim-16.1/Cryptlib/OpenSSL/crypto/modes -I/builddir/build/BUILD/shim-16.1/Cryptlib/OpenSSL/crypto/include -isystem /builddir/build/BUILD/shim-16.1/include/system -isystem /usr/lib/gcc/aarch64-redhat-linux/11/include -DL_ENDIAN -D_CRT_SECURE_NO_DEPRECATE -D_CRT_NONSTDC_NO_DEPRECATE -DOPENSSL_SMALL_FOOTPRINT -DPEDANTIC -DMDE_CPU_AARCH64   -c -o crypto/cmac/cm_pmeth.o /builddir/build/BUILD/shim-16.1/Cryptlib/OpenSSL/crypto/cmac/cm_pmeth.c
DEBUG util.py:461:  ar rcs libopenssl.a crypto/cryptlib.o crypto/mem.o crypto/mem_clr.o crypto/mem_dbg.o crypto/cversion.o crypto/ex_data.o crypto/cpt_err.o crypto/ebcdic.o crypto/uid.o crypto/o_time.o crypto/o_str.o crypto/o_dir.o crypto/o_fips.o crypto/o_init.o crypto/fips_ers.o crypto/md5/md5_dgst.o crypto/md5/md5_one.o crypto/sha/sha_dgst.o crypto/sha/sha1dgst.o crypto/sha/sha_one.o crypto/sha/sha1_one.o crypto/sha/sha256.o crypto/sha/sha512.o crypto/hmac/hmac.o crypto/hmac/hm_ameth.o crypto/hmac/hm_pmeth.o crypto/rc4/rc4_enc.o crypto/rc4/rc4_skey.o crypto/rc4/rc4_utl.o crypto/aes/aes_misc.o crypto/aes/aes_ecb.o crypto/aes/aes_cfb.o crypto/aes/aes_ofb.o crypto/aes/aes_ctr.o crypto/aes/aes_ige.o crypto/aes/aes_wrap.o crypto/aes/aes_core.o crypto/aes/aes_cbc.o crypto/modes/cbc128.o crypto/modes/ctr128.o crypto/modes/cts128.o crypto/modes/cfb128.o crypto/modes/ofb128.o crypto/modes/gcm128.o crypto/modes/ccm128.o crypto/modes/xts128.o crypto/modes/wrap128.o crypto/bn/bn_add.o crypto/bn/bn_div.o crypto/bn/bn_exp.o crypto/bn/bn_lib.o crypto/bn/bn_ctx.o crypto/bn/bn_mul.o crypto/bn/bn_mod.o crypto/bn/bn_print.o crypto/bn/bn_rand.o crypto/bn/bn_shift.o crypto/bn/bn_word.o crypto/bn/bn_blind.o crypto/bn/bn_kron.o crypto/bn/bn_sqrt.o crypto/bn/bn_gcd.o crypto/bn/bn_prime.o crypto/bn/bn_err.o crypto/bn/bn_sqr.o crypto/bn/bn_asm.o crypto/bn/bn_recp.o crypto/bn/bn_mont.o crypto/bn/bn_mpi.o crypto/bn/bn_exp2.o crypto/bn/bn_gf2m.o crypto/bn/bn_nist.o crypto/bn/bn_depr.o crypto/bn/bn_x931p.o crypto/bn/bn_const.o crypto/rsa/rsa_eay.o crypto/rsa/rsa_gen.o crypto/rsa/rsa_lib.o crypto/rsa/rsa_sign.o crypto/rsa/rsa_saos.o crypto/rsa/rsa_err.o crypto/rsa/rsa_pk1.o crypto/rsa/rsa_ssl.o crypto/rsa/rsa_none.o crypto/rsa/rsa_oaep.o crypto/rsa/rsa_chk.o crypto/rsa/rsa_null.o crypto/rsa/rsa_pss.o crypto/rsa/rsa_x931.o crypto/rsa/rsa_asn1.o crypto/rsa/rsa_depr.o crypto/rsa/rsa_ameth.o crypto/rsa/rsa_prn.o crypto/rsa/rsa_pmeth.o crypto/rsa/rsa_crpt.o crypto/dso/dso_dl.o crypto/dso/dso_dlfcn.o crypto/dso/dso_err.o crypto/dso/dso_lib.o crypto/dso/dso_null.o crypto/dso/dso_openssl.o crypto/dso/dso_win32.o crypto/dso/dso_vms.o crypto/dso/dso_beos.o crypto/dh/dh_asn1.o crypto/dh/dh_gen.o crypto/dh/dh_key.o crypto/dh/dh_lib.o crypto/dh/dh_check.o crypto/dh/dh_err.o crypto/dh/dh_depr.o crypto/dh/dh_ameth.o crypto/dh/dh_pmeth.o crypto/dh/dh_prn.o crypto/dh/dh_rfc5114.o crypto/buffer/buffer.o crypto/buffer/buf_str.o crypto/buffer/buf_err.o crypto/bio/bio_lib.o crypto/bio/bio_cb.o crypto/bio/bio_err.o crypto/bio/bss_mem.o crypto/bio/bss_null.o crypto/bio/bss_fd.o crypto/bio/bss_file.o crypto/bio/bss_sock.o crypto/bio/bss_conn.o crypto/bio/bf_null.o crypto/bio/bf_buff.o crypto/bio/b_dump.o crypto/bio/b_print.o crypto/bio/b_sock.o crypto/bio/bss_acpt.o crypto/bio/bf_nbio.o crypto/bio/bss_log.o crypto/bio/bss_bio.o crypto/bio/bss_dgram.o crypto/stack/stack.o crypto/lhash/lhash.o crypto/lhash/lh_stats.o crypto/rand/md_rand.o crypto/rand/randfile.o crypto/rand/rand_lib.o crypto/rand/rand_err.o crypto/rand/rand_unix.o crypto/err/err.o crypto/err/err_all.o crypto/err/err_prn.o crypto/objects/o_names.o crypto/objects/obj_dat.o crypto/objects/obj_lib.o crypto/objects/obj_err.o crypto/objects/obj_xref.o crypto/evp/encode.o crypto/evp/digest.o crypto/evp/evp_enc.o crypto/evp/evp_key.o crypto/evp/evp_acnf.o crypto/evp/evp_cnf.o crypto/evp/e_des.o crypto/evp/e_bf.o crypto/evp/e_idea.o crypto/evp/e_des3.o crypto/evp/e_camellia.o crypto/evp/e_rc4.o crypto/evp/e_aes.o crypto/evp/names.o crypto/evp/e_seed.o crypto/evp/e_xcbc_d.o crypto/evp/e_rc2.o crypto/evp/e_cast.o crypto/evp/e_rc5.o crypto/evp/m_null.o crypto/evp/m_md2.o crypto/evp/m_md4.o crypto/evp/m_md5.o crypto/evp/m_sha.o crypto/evp/m_sha1.o crypto/evp/m_wp.o crypto/evp/m_dss.o crypto/evp/m_dss1.o crypto/evp/m_mdc2.o crypto/evp/m_ripemd.o crypto/evp/m_ecdsa.o crypto/evp/p_open.o crypto/evp/p_seal.o crypto/evp/p_sign.o crypto/evp/p_verify.o crypto/evp/p_lib.o crypto/evp/p_enc.o crypto/evp/p_dec.o crypto/evp/bio_md.o crypto/evp/bio_b64.o crypto/evp/bio_enc.o crypto/evp/evp_err.o crypto/evp/e_null.o crypto/evp/c_all.o crypto/evp/c_allc.o crypto/evp/c_alld.o crypto/evp/evp_lib.o crypto/evp/bio_ok.o crypto/evp/evp_pkey.o crypto/evp/evp_pbe.o crypto/evp/p5_crpt.o crypto/evp/p5_crpt2.o crypto/evp/e_old.o crypto/evp/pmeth_lib.o crypto/evp/pmeth_fn.o crypto/evp/pmeth_gn.o crypto/evp/m_sigver.o crypto/evp/e_aes_cbc_hmac_sha1.o crypto/evp/e_aes_cbc_hmac_sha256.o crypto/evp/e_rc4_hmac_md5.o crypto/asn1/a_object.o crypto/asn1/a_bitstr.o crypto/asn1/a_utctm.o crypto/asn1/a_gentm.o crypto/asn1/a_time.o crypto/asn1/a_int.o crypto/asn1/a_octet.o crypto/asn1/a_print.o crypto/asn1/a_type.o crypto/asn1/a_set.o crypto/asn1/a_dup.o crypto/asn1/a_d2i_fp.o crypto/asn1/a_i2d_fp.o crypto/asn1/a_enum.o crypto/asn1/a_utf8.o crypto/asn1/a_sign.o crypto/asn1/a_digest.o crypto/asn1/a_verify.o crypto/asn1/a_mbstr.o crypto/asn1/a_strex.o crypto/asn1/x_algor.o crypto/asn1/x_val.o crypto/asn1/x_pubkey.o crypto/asn1/x_sig.o crypto/asn1/x_req.o crypto/asn1/x_attrib.o crypto/asn1/x_bignum.o crypto/asn1/x_long.o crypto/asn1/x_name.o crypto/asn1/x_x509.o crypto/asn1/x_x509a.o crypto/asn1/x_crl.o crypto/asn1/x_info.o crypto/asn1/x_spki.o crypto/asn1/nsseq.o crypto/asn1/x_nx509.o crypto/asn1/d2i_pu.o crypto/asn1/d2i_pr.o crypto/asn1/i2d_pu.o crypto/asn1/i2d_pr.o crypto/asn1/t_req.o crypto/asn1/t_x509.o crypto/asn1/t_x509a.o crypto/asn1/t_crl.o crypto/asn1/t_pkey.o crypto/asn1/t_spki.o crypto/asn1/t_bitst.o crypto/asn1/tasn_new.o crypto/asn1/tasn_fre.o crypto/asn1/tasn_enc.o crypto/asn1/tasn_dec.o crypto/asn1/tasn_utl.o crypto/asn1/tasn_typ.o crypto/asn1/tasn_prn.o crypto/asn1/ameth_lib.o crypto/asn1/f_int.o crypto/asn1/f_string.o crypto/asn1/n_pkey.o crypto/asn1/f_enum.o crypto/asn1/x_pkey.o crypto/asn1/a_bool.o crypto/asn1/x_exten.o crypto/asn1/bio_asn1.o crypto/asn1/bio_ndef.o crypto/asn1/asn_mime.o crypto/asn1/asn1_gen.o crypto/asn1/asn1_par.o crypto/asn1/asn1_lib.o crypto/asn1/asn1_err.o crypto/asn1/a_bytes.o crypto/asn1/a_strnid.o crypto/asn1/evp_asn1.o crypto/asn1/asn_pack.o crypto/asn1/p5_pbe.o crypto/asn1/p5_pbev2.o crypto/asn1/p8_pkey.o crypto/asn1/asn_moid.o crypto/pem/pem_sign.o crypto/pem/pem_seal.o crypto/pem/pem_info.o crypto/pem/pem_lib.o crypto/pem/pem_all.o crypto/pem/pem_err.o crypto/pem/pem_x509.o crypto/pem/pem_xaux.o crypto/pem/pem_oth.o crypto/pem/pem_pk8.o crypto/pem/pem_pkey.o crypto/pem/pvkfmt.o crypto/x509/x509_def.o crypto/x509/x509_d2.o crypto/x509/x509_r2x.o crypto/x509/x509_cmp.o crypto/x509/x509_obj.o crypto/x509/x509_req.o crypto/x509/x509spki.o crypto/x509/x509_vfy.o crypto/x509/x509_set.o crypto/x509/x509cset.o crypto/x509/x509rset.o crypto/x509/x509_err.o crypto/x509/x509name.o crypto/x509/x509_v3.o crypto/x509/x509_ext.o crypto/x509/x509_att.o crypto/x509/x509type.o crypto/x509/x509_lu.o crypto/x509/x_all.o crypto/x509/x509_txt.o crypto/x509/x509_trs.o crypto/x509/x509_vpm.o crypto/x509v3/v3_bcons.o crypto/x509v3/v3_bitst.o crypto/x509v3/v3_conf.o crypto/x509v3/v3_extku.o crypto/x509v3/v3_ia5.o crypto/x509v3/v3_lib.o crypto/x509v3/v3_prn.o crypto/x509v3/v3_utl.o crypto/x509v3/v3err.o crypto/x509v3/v3_genn.o crypto/x509v3/v3_alt.o crypto/x509v3/v3_skey.o crypto/x509v3/v3_akey.o crypto/x509v3/v3_pku.o crypto/x509v3/v3_int.o crypto/x509v3/v3_enum.o crypto/x509v3/v3_sxnet.o crypto/x509v3/v3_cpols.o crypto/x509v3/v3_crld.o crypto/x509v3/v3_purp.o crypto/x509v3/v3_info.o crypto/x509v3/v3_ocsp.o crypto/x509v3/v3_akeya.o crypto/x509v3/v3_pmaps.o crypto/x509v3/v3_pcons.o crypto/x509v3/v3_ncons.o crypto/x509v3/v3_pcia.o crypto/x509v3/v3_pci.o crypto/x509v3/pcy_cache.o crypto/x509v3/pcy_node.o crypto/x509v3/pcy_data.o crypto/x509v3/pcy_map.o crypto/x509v3/pcy_tree.o crypto/x509v3/pcy_lib.o crypto/x509v3/v3_asid.o crypto/x509v3/v3_addr.o crypto/conf/conf_err.o crypto/conf/conf_lib.o crypto/conf/conf_api.o crypto/conf/conf_def.o crypto/conf/conf_mod.o crypto/conf/conf_mall.o crypto/conf/conf_sap.o crypto/txt_db/txt_db.o crypto/pkcs7/pk7_asn1.o crypto/pkcs7/pk7_lib.o crypto/pkcs7/pkcs7err.o crypto/pkcs7/pk7_doit.o crypto/pkcs7/pk7_smime.o crypto/pkcs7/pk7_attr.o crypto/pkcs7/pk7_mime.o crypto/pkcs7/bio_pk7.o crypto/pkcs12/p12_add.o crypto/pkcs12/p12_asn.o crypto/pkcs12/p12_attr.o crypto/pkcs12/p12_crpt.o crypto/pkcs12/p12_crt.o crypto/pkcs12/p12_decr.o crypto/pkcs12/p12_init.o crypto/pkcs12/p12_key.o crypto/pkcs12/p12_kiss.o crypto/pkcs12/p12_mutl.o crypto/pkcs12/p12_utl.o crypto/pkcs12/p12_npas.o crypto/pkcs12/pk12err.o crypto/pkcs12/p12_p8d.o crypto/pkcs12/p12_p8e.o crypto/comp/comp_lib.o crypto/comp/comp_err.o crypto/comp/c_rle.o crypto/comp/c_zlib.o crypto/ocsp/ocsp_asn.o crypto/ocsp/ocsp_ext.o crypto/ocsp/ocsp_ht.o crypto/ocsp/ocsp_lib.o crypto/ocsp/ocsp_cl.o crypto/ocsp/ocsp_srv.o crypto/ocsp/ocsp_prn.o crypto/ocsp/ocsp_vfy.o crypto/ocsp/ocsp_err.o crypto/cmac/cmac.o crypto/cmac/cm_ameth.o crypto/cmac/cm_pmeth.o 
DEBUG util.py:461:  make[1]: Leaving directory '/builddir/build/BUILD/shim-16.1/build-aa64/Cryptlib/OpenSSL'
DEBUG util.py:461:  mkdir -p lib
DEBUG util.py:461:  make VPATH=/builddir/build/BUILD/shim-16.1/lib TOPDIR=/builddir/build/BUILD/shim-16.1 -C lib -f /builddir/build/BUILD/shim-16.1/lib/Makefile 
DEBUG util.py:461:  make[1]: Entering directory '/builddir/build/BUILD/shim-16.1/build-aa64/lib'
DEBUG util.py:461:  gcc -std=gnu11 -ggdb -gdwarf-4 -gstrict-dwarf -ffreestanding -fmacro-prefix-map=/builddir/build/BUILD/shim-16.1/= -fno-stack-protector -fno-strict-aliasing -fpic -fshort-wchar -Os -Wall -Wextra -Wno-missing-field-initializers -Werror -I/builddir/build/BUILD/shim-16.1/gnu-efi/inc -I/builddir/build/BUILD/shim-16.1/gnu-efi/inc/aarch64 -I/builddir/build/BUILD/shim-16.1/gnu-efi/inc/protocol -I/builddir/build/BUILD/shim-16.1/include -I/builddir/build/BUILD/shim-16.1/Cryptlib/Include/openssl/ -I/builddir/build/BUILD/shim-16.1/Cryptlib/Include/ -I/builddir/build/BUILD/shim-16.1/Cryptlib -I/builddir/build/BUILD/shim-16.1 -isystem /builddir/build/BUILD/shim-16.1/include/system -isystem /usr/lib/gcc/aarch64-redhat-linux/11/include -DDEFAULT_LOADER='L"\\\\grubaa64.efi"' -DDEFAULT_LOADER_CHAR='"\\\\grubaa64.efi"' -DEFI_ARCH='L"aa64"' -DDEBUGDIR='L"/usr/lib/debug/usr/share/shim/aa64-16.1-0.el9/"' -DVENDOR_CERT_FILE=\"/builddir/build/SOURCES/ciq_sb_ca.der\" -DSBAT_AUTOMATIC_DATE=2025051000 -DMDE_CPU_AARCH64   -c -o configtable.o /builddir/build/BUILD/shim-16.1/lib/configtable.c
DEBUG util.py:461:  gcc -std=gnu11 -ggdb -gdwarf-4 -gstrict-dwarf -ffreestanding -fmacro-prefix-map=/builddir/build/BUILD/shim-16.1/= -fno-stack-protector -fno-strict-aliasing -fpic -fshort-wchar -Os -Wall -Wextra -Wno-missing-field-initializers -Werror -I/builddir/build/BUILD/shim-16.1/gnu-efi/inc -I/builddir/build/BUILD/shim-16.1/gnu-efi/inc/aarch64 -I/builddir/build/BUILD/shim-16.1/gnu-efi/inc/protocol -I/builddir/build/BUILD/shim-16.1/include -I/builddir/build/BUILD/shim-16.1/Cryptlib/Include/openssl/ -I/builddir/build/BUILD/shim-16.1/Cryptlib/Include/ -I/builddir/build/BUILD/shim-16.1/Cryptlib -I/builddir/build/BUILD/shim-16.1 -isystem /builddir/build/BUILD/shim-16.1/include/system -isystem /usr/lib/gcc/aarch64-redhat-linux/11/include -DDEFAULT_LOADER='L"\\\\grubaa64.efi"' -DDEFAULT_LOADER_CHAR='"\\\\grubaa64.efi"' -DEFI_ARCH='L"aa64"' -DDEBUGDIR='L"/usr/lib/debug/usr/share/shim/aa64-16.1-0.el9/"' -DVENDOR_CERT_FILE=\"/builddir/build/SOURCES/ciq_sb_ca.der\" -DSBAT_AUTOMATIC_DATE=2025051000 -DMDE_CPU_AARCH64   -c -o console.o /builddir/build/BUILD/shim-16.1/lib/console.c
DEBUG util.py:461:  gcc -std=gnu11 -ggdb -gdwarf-4 -gstrict-dwarf -ffreestanding -fmacro-prefix-map=/builddir/build/BUILD/shim-16.1/= -fno-stack-protector -fno-strict-aliasing -fpic -fshort-wchar -Os -Wall -Wextra -Wno-missing-field-initializers -Werror -I/builddir/build/BUILD/shim-16.1/gnu-efi/inc -I/builddir/build/BUILD/shim-16.1/gnu-efi/inc/aarch64 -I/builddir/build/BUILD/shim-16.1/gnu-efi/inc/protocol -I/builddir/build/BUILD/shim-16.1/include -I/builddir/build/BUILD/shim-16.1/Cryptlib/Include/openssl/ -I/builddir/build/BUILD/shim-16.1/Cryptlib/Include/ -I/builddir/build/BUILD/shim-16.1/Cryptlib -I/builddir/build/BUILD/shim-16.1 -isystem /builddir/build/BUILD/shim-16.1/include/system -isystem /usr/lib/gcc/aarch64-redhat-linux/11/include -DDEFAULT_LOADER='L"\\\\grubaa64.efi"' -DDEFAULT_LOADER_CHAR='"\\\\grubaa64.efi"' -DEFI_ARCH='L"aa64"' -DDEBUGDIR='L"/usr/lib/debug/usr/share/shim/aa64-16.1-0.el9/"' -DVENDOR_CERT_FILE=\"/builddir/build/SOURCES/ciq_sb_ca.der\" -DSBAT_AUTOMATIC_DATE=2025051000 -DMDE_CPU_AARCH64   -c -o execute.o /builddir/build/BUILD/shim-16.1/lib/execute.c
DEBUG util.py:461:  gcc -std=gnu11 -ggdb -gdwarf-4 -gstrict-dwarf -ffreestanding -fmacro-prefix-map=/builddir/build/BUILD/shim-16.1/= -fno-stack-protector -fno-strict-aliasing -fpic -fshort-wchar -Os -Wall -Wextra -Wno-missing-field-initializers -Werror -I/builddir/build/BUILD/shim-16.1/gnu-efi/inc -I/builddir/build/BUILD/shim-16.1/gnu-efi/inc/aarch64 -I/builddir/build/BUILD/shim-16.1/gnu-efi/inc/protocol -I/builddir/build/BUILD/shim-16.1/include -I/builddir/build/BUILD/shim-16.1/Cryptlib/Include/openssl/ -I/builddir/build/BUILD/shim-16.1/Cryptlib/Include/ -I/builddir/build/BUILD/shim-16.1/Cryptlib -I/builddir/build/BUILD/shim-16.1 -isystem /builddir/build/BUILD/shim-16.1/include/system -isystem /usr/lib/gcc/aarch64-redhat-linux/11/include -DDEFAULT_LOADER='L"\\\\grubaa64.efi"' -DDEFAULT_LOADER_CHAR='"\\\\grubaa64.efi"' -DEFI_ARCH='L"aa64"' -DDEBUGDIR='L"/usr/lib/debug/usr/share/shim/aa64-16.1-0.el9/"' -DVENDOR_CERT_FILE=\"/builddir/build/SOURCES/ciq_sb_ca.der\" -DSBAT_AUTOMATIC_DATE=2025051000 -DMDE_CPU_AARCH64   -c -o guid.o /builddir/build/BUILD/shim-16.1/lib/guid.c
DEBUG util.py:461:  gcc -std=gnu11 -ggdb -gdwarf-4 -gstrict-dwarf -ffreestanding -fmacro-prefix-map=/builddir/build/BUILD/shim-16.1/= -fno-stack-protector -fno-strict-aliasing -fpic -fshort-wchar -Os -Wall -Wextra -Wno-missing-field-initializers -Werror -I/builddir/build/BUILD/shim-16.1/gnu-efi/inc -I/builddir/build/BUILD/shim-16.1/gnu-efi/inc/aarch64 -I/builddir/build/BUILD/shim-16.1/gnu-efi/inc/protocol -I/builddir/build/BUILD/shim-16.1/include -I/builddir/build/BUILD/shim-16.1/Cryptlib/Include/openssl/ -I/builddir/build/BUILD/shim-16.1/Cryptlib/Include/ -I/builddir/build/BUILD/shim-16.1/Cryptlib -I/builddir/build/BUILD/shim-16.1 -isystem /builddir/build/BUILD/shim-16.1/include/system -isystem /usr/lib/gcc/aarch64-redhat-linux/11/include -DDEFAULT_LOADER='L"\\\\grubaa64.efi"' -DDEFAULT_LOADER_CHAR='"\\\\grubaa64.efi"' -DEFI_ARCH='L"aa64"' -DDEBUGDIR='L"/usr/lib/debug/usr/share/shim/aa64-16.1-0.el9/"' -DVENDOR_CERT_FILE=\"/builddir/build/SOURCES/ciq_sb_ca.der\" -DSBAT_AUTOMATIC_DATE=2025051000 -DMDE_CPU_AARCH64   -c -o print_crypto.o /builddir/build/BUILD/shim-16.1/lib/print_crypto.c
DEBUG util.py:461:  gcc -std=gnu11 -ggdb -gdwarf-4 -gstrict-dwarf -ffreestanding -fmacro-prefix-map=/builddir/build/BUILD/shim-16.1/= -fno-stack-protector -fno-strict-aliasing -fpic -fshort-wchar -Os -Wall -Wextra -Wno-missing-field-initializers -Werror -I/builddir/build/BUILD/shim-16.1/gnu-efi/inc -I/builddir/build/BUILD/shim-16.1/gnu-efi/inc/aarch64 -I/builddir/build/BUILD/shim-16.1/gnu-efi/inc/protocol -I/builddir/build/BUILD/shim-16.1/include -I/builddir/build/BUILD/shim-16.1/Cryptlib/Include/openssl/ -I/builddir/build/BUILD/shim-16.1/Cryptlib/Include/ -I/builddir/build/BUILD/shim-16.1/Cryptlib -I/builddir/build/BUILD/shim-16.1 -isystem /builddir/build/BUILD/shim-16.1/include/system -isystem /usr/lib/gcc/aarch64-redhat-linux/11/include -DDEFAULT_LOADER='L"\\\\grubaa64.efi"' -DDEFAULT_LOADER_CHAR='"\\\\grubaa64.efi"' -DEFI_ARCH='L"aa64"' -DDEBUGDIR='L"/usr/lib/debug/usr/share/shim/aa64-16.1-0.el9/"' -DVENDOR_CERT_FILE=\"/builddir/build/SOURCES/ciq_sb_ca.der\" -DSBAT_AUTOMATIC_DATE=2025051000 -DMDE_CPU_AARCH64   -c -o security_policy.o /builddir/build/BUILD/shim-16.1/lib/security_policy.c
DEBUG util.py:461:  gcc -std=gnu11 -ggdb -gdwarf-4 -gstrict-dwarf -ffreestanding -fmacro-prefix-map=/builddir/build/BUILD/shim-16.1/= -fno-stack-protector -fno-strict-aliasing -fpic -fshort-wchar -Os -Wall -Wextra -Wno-missing-field-initializers -Werror -I/builddir/build/BUILD/shim-16.1/gnu-efi/inc -I/builddir/build/BUILD/shim-16.1/gnu-efi/inc/aarch64 -I/builddir/build/BUILD/shim-16.1/gnu-efi/inc/protocol -I/builddir/build/BUILD/shim-16.1/include -I/builddir/build/BUILD/shim-16.1/Cryptlib/Include/openssl/ -I/builddir/build/BUILD/shim-16.1/Cryptlib/Include/ -I/builddir/build/BUILD/shim-16.1/Cryptlib -I/builddir/build/BUILD/shim-16.1 -isystem /builddir/build/BUILD/shim-16.1/include/system -isystem /usr/lib/gcc/aarch64-redhat-linux/11/include -DDEFAULT_LOADER='L"\\\\grubaa64.efi"' -DDEFAULT_LOADER_CHAR='"\\\\grubaa64.efi"' -DEFI_ARCH='L"aa64"' -DDEBUGDIR='L"/usr/lib/debug/usr/share/shim/aa64-16.1-0.el9/"' -DVENDOR_CERT_FILE=\"/builddir/build/SOURCES/ciq_sb_ca.der\" -DSBAT_AUTOMATIC_DATE=2025051000 -DMDE_CPU_AARCH64   -c -o shell.o /builddir/build/BUILD/shim-16.1/lib/shell.c
DEBUG util.py:461:  gcc -std=gnu11 -ggdb -gdwarf-4 -gstrict-dwarf -ffreestanding -fmacro-prefix-map=/builddir/build/BUILD/shim-16.1/= -fno-stack-protector -fno-strict-aliasing -fpic -fshort-wchar -Os -Wall -Wextra -Wno-missing-field-initializers -Werror -I/builddir/build/BUILD/shim-16.1/gnu-efi/inc -I/builddir/build/BUILD/shim-16.1/gnu-efi/inc/aarch64 -I/builddir/build/BUILD/shim-16.1/gnu-efi/inc/protocol -I/builddir/build/BUILD/shim-16.1/include -I/builddir/build/BUILD/shim-16.1/Cryptlib/Include/openssl/ -I/builddir/build/BUILD/shim-16.1/Cryptlib/Include/ -I/builddir/build/BUILD/shim-16.1/Cryptlib -I/builddir/build/BUILD/shim-16.1 -isystem /builddir/build/BUILD/shim-16.1/include/system -isystem /usr/lib/gcc/aarch64-redhat-linux/11/include -DDEFAULT_LOADER='L"\\\\grubaa64.efi"' -DDEFAULT_LOADER_CHAR='"\\\\grubaa64.efi"' -DEFI_ARCH='L"aa64"' -DDEBUGDIR='L"/usr/lib/debug/usr/share/shim/aa64-16.1-0.el9/"' -DVENDOR_CERT_FILE=\"/builddir/build/SOURCES/ciq_sb_ca.der\" -DSBAT_AUTOMATIC_DATE=2025051000 -DMDE_CPU_AARCH64   -c -o simple_file.o /builddir/build/BUILD/shim-16.1/lib/simple_file.c
DEBUG util.py:461:  gcc -std=gnu11 -ggdb -gdwarf-4 -gstrict-dwarf -ffreestanding -fmacro-prefix-map=/builddir/build/BUILD/shim-16.1/= -fno-stack-protector -fno-strict-aliasing -fpic -fshort-wchar -Os -Wall -Wextra -Wno-missing-field-initializers -Werror -I/builddir/build/BUILD/shim-16.1/gnu-efi/inc -I/builddir/build/BUILD/shim-16.1/gnu-efi/inc/aarch64 -I/builddir/build/BUILD/shim-16.1/gnu-efi/inc/protocol -I/builddir/build/BUILD/shim-16.1/include -I/builddir/build/BUILD/shim-16.1/Cryptlib/Include/openssl/ -I/builddir/build/BUILD/shim-16.1/Cryptlib/Include/ -I/builddir/build/BUILD/shim-16.1/Cryptlib -I/builddir/build/BUILD/shim-16.1 -isystem /builddir/build/BUILD/shim-16.1/include/system -isystem /usr/lib/gcc/aarch64-redhat-linux/11/include -DDEFAULT_LOADER='L"\\\\grubaa64.efi"' -DDEFAULT_LOADER_CHAR='"\\\\grubaa64.efi"' -DEFI_ARCH='L"aa64"' -DDEBUGDIR='L"/usr/lib/debug/usr/share/shim/aa64-16.1-0.el9/"' -DVENDOR_CERT_FILE=\"/builddir/build/SOURCES/ciq_sb_ca.der\" -DSBAT_AUTOMATIC_DATE=2025051000 -DMDE_CPU_AARCH64   -c -o string.o /builddir/build/BUILD/shim-16.1/lib/string.c
DEBUG util.py:461:  gcc -std=gnu11 -ggdb -gdwarf-4 -gstrict-dwarf -ffreestanding -fmacro-prefix-map=/builddir/build/BUILD/shim-16.1/= -fno-stack-protector -fno-strict-aliasing -fpic -fshort-wchar -Os -Wall -Wextra -Wno-missing-field-initializers -Werror -I/builddir/build/BUILD/shim-16.1/gnu-efi/inc -I/builddir/build/BUILD/shim-16.1/gnu-efi/inc/aarch64 -I/builddir/build/BUILD/shim-16.1/gnu-efi/inc/protocol -I/builddir/build/BUILD/shim-16.1/include -I/builddir/build/BUILD/shim-16.1/Cryptlib/Include/openssl/ -I/builddir/build/BUILD/shim-16.1/Cryptlib/Include/ -I/builddir/build/BUILD/shim-16.1/Cryptlib -I/builddir/build/BUILD/shim-16.1 -isystem /builddir/build/BUILD/shim-16.1/include/system -isystem /usr/lib/gcc/aarch64-redhat-linux/11/include -DDEFAULT_LOADER='L"\\\\grubaa64.efi"' -DDEFAULT_LOADER_CHAR='"\\\\grubaa64.efi"' -DEFI_ARCH='L"aa64"' -DDEBUGDIR='L"/usr/lib/debug/usr/share/shim/aa64-16.1-0.el9/"' -DVENDOR_CERT_FILE=\"/builddir/build/SOURCES/ciq_sb_ca.der\" -DSBAT_AUTOMATIC_DATE=2025051000 -DMDE_CPU_AARCH64   -c -o variables.o /builddir/build/BUILD/shim-16.1/lib/variables.c
DEBUG util.py:461:  ar rcs lib.a configtable.o console.o execute.o guid.o print_crypto.o security_policy.o shell.o simple_file.o string.o variables.o
DEBUG util.py:461:  make[1]: Leaving directory '/builddir/build/BUILD/shim-16.1/build-aa64/lib'
DEBUG util.py:461:  mkdir -p gnu-efi/lib gnu-efi/gnuefi
DEBUG util.py:461:  make -C gnu-efi \
DEBUG util.py:461:  	COMPILER="gcc" \
DEBUG util.py:461:  	CCC_CC="gcc" \
DEBUG util.py:461:  	CC="gcc" \
DEBUG util.py:461:  	ARCH=aarch64 \
DEBUG util.py:461:  	TOPDIR=/builddir/build/BUILD/shim-16.1/gnu-efi \
DEBUG util.py:461:  	-f /builddir/build/BUILD/shim-16.1/gnu-efi/Makefile \
DEBUG util.py:461:  	lib gnuefi inc 
DEBUG util.py:461:  make[1]: Entering directory '/builddir/build/BUILD/shim-16.1/build-aa64/gnu-efi'
DEBUG util.py:461:  mkdir -p /builddir/build/BUILD/shim-16.1/build-aa64/gnu-efi/aarch64/lib
DEBUG util.py:461:  mkdir -p /builddir/build/BUILD/shim-16.1/build-aa64/gnu-efi/aarch64/inc
DEBUG util.py:461:  make -C /builddir/build/BUILD/shim-16.1/build-aa64/gnu-efi/aarch64/lib -f /builddir/build/BUILD/shim-16.1/gnu-efi//lib/Makefile SRCDIR=/builddir/build/BUILD/shim-16.1/gnu-efi//lib ARCH=aarch64
DEBUG util.py:461:  make[2]: Entering directory '/builddir/build/BUILD/shim-16.1/build-aa64/gnu-efi/aarch64/lib'
DEBUG util.py:461:  make -C /builddir/build/BUILD/shim-16.1/build-aa64/gnu-efi/aarch64/inc -f /builddir/build/BUILD/shim-16.1/gnu-efi//inc/Makefile SRCDIR=/builddir/build/BUILD/shim-16.1/gnu-efi//inc ARCH=aarch64
DEBUG util.py:461:  make[2]: Entering directory '/builddir/build/BUILD/shim-16.1/build-aa64/gnu-efi/aarch64/inc'
DEBUG util.py:461:  make[2]: Nothing to be done for 'all'.
DEBUG util.py:461:  make[2]: Leaving directory '/builddir/build/BUILD/shim-16.1/build-aa64/gnu-efi/aarch64/inc'
DEBUG util.py:461:  gcc -I/builddir/build/BUILD/shim-16.1/gnu-efi//lib -I/builddir/build/BUILD/shim-16.1/gnu-efi/inc -I/builddir/build/BUILD/shim-16.1/gnu-efi/inc/aarch64 -I/builddir/build/BUILD/shim-16.1/gnu-efi/inc/protocol -Wno-error=pragmas -fpic  -Os -Wall -Wextra -Wno-missing-field-initializers -Werror -fshort-wchar -fno-strict-aliasing -ffreestanding -fno-stack-protector -fno-stack-check -nostdinc   -isystem /builddir/build/BUILD/shim-16.1/gnu-efi/../include/system -isystem /usr/lib/gcc/aarch64-redhat-linux/11/include -fno-merge-all-constants -DCONFIG_aarch64 -c /builddir/build/BUILD/shim-16.1/gnu-efi//lib/boxdraw.c -o boxdraw.o
DEBUG util.py:461:  gcc -I/builddir/build/BUILD/shim-16.1/gnu-efi//lib -I/builddir/build/BUILD/shim-16.1/gnu-efi/inc -I/builddir/build/BUILD/shim-16.1/gnu-efi/inc/aarch64 -I/builddir/build/BUILD/shim-16.1/gnu-efi/inc/protocol -Wno-error=pragmas -fpic  -Os -Wall -Wextra -Wno-missing-field-initializers -Werror -fshort-wchar -fno-strict-aliasing -ffreestanding -fno-stack-protector -fno-stack-check -nostdinc   -isystem /builddir/build/BUILD/shim-16.1/gnu-efi/../include/system -isystem /usr/lib/gcc/aarch64-redhat-linux/11/include -fno-merge-all-constants -DCONFIG_aarch64 -c /builddir/build/BUILD/shim-16.1/gnu-efi//lib/smbios.c -o smbios.o
DEBUG util.py:461:  gcc -I/builddir/build/BUILD/shim-16.1/gnu-efi//lib -I/builddir/build/BUILD/shim-16.1/gnu-efi/inc -I/builddir/build/BUILD/shim-16.1/gnu-efi/inc/aarch64 -I/builddir/build/BUILD/shim-16.1/gnu-efi/inc/protocol -Wno-error=pragmas -fpic  -Os -Wall -Wextra -Wno-missing-field-initializers -Werror -fshort-wchar -fno-strict-aliasing -ffreestanding -fno-stack-protector -fno-stack-check -nostdinc   -isystem /builddir/build/BUILD/shim-16.1/gnu-efi/../include/system -isystem /usr/lib/gcc/aarch64-redhat-linux/11/include -fno-merge-all-constants -DCONFIG_aarch64 -c /builddir/build/BUILD/shim-16.1/gnu-efi//lib/console.c -o console.o
DEBUG util.py:461:  gcc -I/builddir/build/BUILD/shim-16.1/gnu-efi//lib -I/builddir/build/BUILD/shim-16.1/gnu-efi/inc -I/builddir/build/BUILD/shim-16.1/gnu-efi/inc/aarch64 -I/builddir/build/BUILD/shim-16.1/gnu-efi/inc/protocol -Wno-error=pragmas -fpic  -Os -Wall -Wextra -Wno-missing-field-initializers -Werror -fshort-wchar -fno-strict-aliasing -ffreestanding -fno-stack-protector -fno-stack-check -nostdinc   -isystem /builddir/build/BUILD/shim-16.1/gnu-efi/../include/system -isystem /usr/lib/gcc/aarch64-redhat-linux/11/include -fno-merge-all-constants -DCONFIG_aarch64 -c /builddir/build/BUILD/shim-16.1/gnu-efi//lib/crc.c -o crc.o
DEBUG util.py:461:  gcc -I/builddir/build/BUILD/shim-16.1/gnu-efi//lib -I/builddir/build/BUILD/shim-16.1/gnu-efi/inc -I/builddir/build/BUILD/shim-16.1/gnu-efi/inc/aarch64 -I/builddir/build/BUILD/shim-16.1/gnu-efi/inc/protocol -Wno-error=pragmas -fpic  -Os -Wall -Wextra -Wno-missing-field-initializers -Werror -fshort-wchar -fno-strict-aliasing -ffreestanding -fno-stack-protector -fno-stack-check -nostdinc   -isystem /builddir/build/BUILD/shim-16.1/gnu-efi/../include/system -isystem /usr/lib/gcc/aarch64-redhat-linux/11/include -fno-merge-all-constants -DCONFIG_aarch64 -c /builddir/build/BUILD/shim-16.1/gnu-efi//lib/data.c -o data.o
DEBUG util.py:461:  gcc -I/builddir/build/BUILD/shim-16.1/gnu-efi//lib -I/builddir/build/BUILD/shim-16.1/gnu-efi/inc -I/builddir/build/BUILD/shim-16.1/gnu-efi/inc/aarch64 -I/builddir/build/BUILD/shim-16.1/gnu-efi/inc/protocol -Wno-error=pragmas -fpic  -Os -Wall -Wextra -Wno-missing-field-initializers -Werror -fshort-wchar -fno-strict-aliasing -ffreestanding -fno-stack-protector -fno-stack-check -nostdinc   -isystem /builddir/build/BUILD/shim-16.1/gnu-efi/../include/system -isystem /usr/lib/gcc/aarch64-redhat-linux/11/include -fno-merge-all-constants -DCONFIG_aarch64 -c /builddir/build/BUILD/shim-16.1/gnu-efi//lib/debug.c -o debug.o
DEBUG util.py:461:  gcc -I/builddir/build/BUILD/shim-16.1/gnu-efi//lib -I/builddir/build/BUILD/shim-16.1/gnu-efi/inc -I/builddir/build/BUILD/shim-16.1/gnu-efi/inc/aarch64 -I/builddir/build/BUILD/shim-16.1/gnu-efi/inc/protocol -Wno-error=pragmas -fpic  -Os -Wall -Wextra -Wno-missing-field-initializers -Werror -fshort-wchar -fno-strict-aliasing -ffreestanding -fno-stack-protector -fno-stack-check -nostdinc   -isystem /builddir/build/BUILD/shim-16.1/gnu-efi/../include/system -isystem /usr/lib/gcc/aarch64-redhat-linux/11/include -fno-merge-all-constants -DCONFIG_aarch64 -c /builddir/build/BUILD/shim-16.1/gnu-efi//lib/dpath.c -o dpath.o
DEBUG util.py:461:  gcc -I/builddir/build/BUILD/shim-16.1/gnu-efi//lib -I/builddir/build/BUILD/shim-16.1/gnu-efi/inc -I/builddir/build/BUILD/shim-16.1/gnu-efi/inc/aarch64 -I/builddir/build/BUILD/shim-16.1/gnu-efi/inc/protocol -Wno-error=pragmas -fpic  -Os -Wall -Wextra -Wno-missing-field-initializers -Werror -fshort-wchar -fno-strict-aliasing -ffreestanding -fno-stack-protector -fno-stack-check -nostdinc   -isystem /builddir/build/BUILD/shim-16.1/gnu-efi/../include/system -isystem /usr/lib/gcc/aarch64-redhat-linux/11/include -fno-merge-all-constants -DCONFIG_aarch64 -c /builddir/build/BUILD/shim-16.1/gnu-efi//lib/error.c -o error.o
DEBUG util.py:461:  gcc -I/builddir/build/BUILD/shim-16.1/gnu-efi//lib -I/builddir/build/BUILD/shim-16.1/gnu-efi/inc -I/builddir/build/BUILD/shim-16.1/gnu-efi/inc/aarch64 -I/builddir/build/BUILD/shim-16.1/gnu-efi/inc/protocol -Wno-error=pragmas -fpic  -Os -Wall -Wextra -Wno-missing-field-initializers -Werror -fshort-wchar -fno-strict-aliasing -ffreestanding -fno-stack-protector -fno-stack-check -nostdinc   -isystem /builddir/build/BUILD/shim-16.1/gnu-efi/../include/system -isystem /usr/lib/gcc/aarch64-redhat-linux/11/include -fno-merge-all-constants -DCONFIG_aarch64 -c /builddir/build/BUILD/shim-16.1/gnu-efi//lib/event.c -o event.o
DEBUG util.py:461:  gcc -I/builddir/build/BUILD/shim-16.1/gnu-efi//lib -I/builddir/build/BUILD/shim-16.1/gnu-efi/inc -I/builddir/build/BUILD/shim-16.1/gnu-efi/inc/aarch64 -I/builddir/build/BUILD/shim-16.1/gnu-efi/inc/protocol -Wno-error=pragmas -fpic  -Os -Wall -Wextra -Wno-missing-field-initializers -Werror -fshort-wchar -fno-strict-aliasing -ffreestanding -fno-stack-protector -fno-stack-check -nostdinc   -isystem /builddir/build/BUILD/shim-16.1/gnu-efi/../include/system -isystem /usr/lib/gcc/aarch64-redhat-linux/11/include -fno-merge-all-constants -DCONFIG_aarch64 -c /builddir/build/BUILD/shim-16.1/gnu-efi//lib/exit.c -o exit.o
DEBUG util.py:461:  gcc -I/builddir/build/BUILD/shim-16.1/gnu-efi//lib -I/builddir/build/BUILD/shim-16.1/gnu-efi/inc -I/builddir/build/BUILD/shim-16.1/gnu-efi/inc/aarch64 -I/builddir/build/BUILD/shim-16.1/gnu-efi/inc/protocol -Wno-error=pragmas -fpic  -Os -Wall -Wextra -Wno-missing-field-initializers -Werror -fshort-wchar -fno-strict-aliasing -ffreestanding -fno-stack-protector -fno-stack-check -nostdinc   -isystem /builddir/build/BUILD/shim-16.1/gnu-efi/../include/system -isystem /usr/lib/gcc/aarch64-redhat-linux/11/include -fno-merge-all-constants -DCONFIG_aarch64 -c /builddir/build/BUILD/shim-16.1/gnu-efi//lib/guid.c -o guid.o
DEBUG util.py:461:  gcc -I/builddir/build/BUILD/shim-16.1/gnu-efi//lib -I/builddir/build/BUILD/shim-16.1/gnu-efi/inc -I/builddir/build/BUILD/shim-16.1/gnu-efi/inc/aarch64 -I/builddir/build/BUILD/shim-16.1/gnu-efi/inc/protocol -Wno-error=pragmas -fpic  -Os -Wall -Wextra -Wno-missing-field-initializers -Werror -fshort-wchar -fno-strict-aliasing -ffreestanding -fno-stack-protector -fno-stack-check -nostdinc   -isystem /builddir/build/BUILD/shim-16.1/gnu-efi/../include/system -isystem /usr/lib/gcc/aarch64-redhat-linux/11/include -fno-merge-all-constants -DCONFIG_aarch64 -c /builddir/build/BUILD/shim-16.1/gnu-efi//lib/hand.c -o hand.o
DEBUG util.py:461:  gcc -I/builddir/build/BUILD/shim-16.1/gnu-efi//lib -I/builddir/build/BUILD/shim-16.1/gnu-efi/inc -I/builddir/build/BUILD/shim-16.1/gnu-efi/inc/aarch64 -I/builddir/build/BUILD/shim-16.1/gnu-efi/inc/protocol -Wno-error=pragmas -fpic  -Os -Wall -Wextra -Wno-missing-field-initializers -Werror -fshort-wchar -fno-strict-aliasing -ffreestanding -fno-stack-protector -fno-stack-check -nostdinc   -isystem /builddir/build/BUILD/shim-16.1/gnu-efi/../include/system -isystem /usr/lib/gcc/aarch64-redhat-linux/11/include -fno-merge-all-constants -DCONFIG_aarch64 -c /builddir/build/BUILD/shim-16.1/gnu-efi//lib/hw.c -o hw.o
DEBUG util.py:461:  gcc -I/builddir/build/BUILD/shim-16.1/gnu-efi//lib -I/builddir/build/BUILD/shim-16.1/gnu-efi/inc -I/builddir/build/BUILD/shim-16.1/gnu-efi/inc/aarch64 -I/builddir/build/BUILD/shim-16.1/gnu-efi/inc/protocol -Wno-error=pragmas -fpic  -Os -Wall -Wextra -Wno-missing-field-initializers -Werror -fshort-wchar -fno-strict-aliasing -ffreestanding -fno-stack-protector -fno-stack-check -nostdinc   -isystem /builddir/build/BUILD/shim-16.1/gnu-efi/../include/system -isystem /usr/lib/gcc/aarch64-redhat-linux/11/include -fno-merge-all-constants -DCONFIG_aarch64 -c /builddir/build/BUILD/shim-16.1/gnu-efi//lib/init.c -o init.o
DEBUG util.py:461:  gcc -I/builddir/build/BUILD/shim-16.1/gnu-efi//lib -I/builddir/build/BUILD/shim-16.1/gnu-efi/inc -I/builddir/build/BUILD/shim-16.1/gnu-efi/inc/aarch64 -I/builddir/build/BUILD/shim-16.1/gnu-efi/inc/protocol -Wno-error=pragmas -fpic  -Os -Wall -Wextra -Wno-missing-field-initializers -Werror -fshort-wchar -fno-strict-aliasing -ffreestanding -fno-stack-protector -fno-stack-check -nostdinc   -isystem /builddir/build/BUILD/shim-16.1/gnu-efi/../include/system -isystem /usr/lib/gcc/aarch64-redhat-linux/11/include -fno-merge-all-constants -DCONFIG_aarch64 -c /builddir/build/BUILD/shim-16.1/gnu-efi//lib/lock.c -o lock.o
DEBUG util.py:461:  gcc -I/builddir/build/BUILD/shim-16.1/gnu-efi//lib -I/builddir/build/BUILD/shim-16.1/gnu-efi/inc -I/builddir/build/BUILD/shim-16.1/gnu-efi/inc/aarch64 -I/builddir/build/BUILD/shim-16.1/gnu-efi/inc/protocol -Wno-error=pragmas -fpic  -Os -Wall -Wextra -Wno-missing-field-initializers -Werror -fshort-wchar -fno-strict-aliasing -ffreestanding -fno-stack-protector -fno-stack-check -nostdinc   -isystem /builddir/build/BUILD/shim-16.1/gnu-efi/../include/system -isystem /usr/lib/gcc/aarch64-redhat-linux/11/include -fno-merge-all-constants -DCONFIG_aarch64 -c /builddir/build/BUILD/shim-16.1/gnu-efi//lib/misc.c -o misc.o
DEBUG util.py:461:  gcc -I/builddir/build/BUILD/shim-16.1/gnu-efi//lib -I/builddir/build/BUILD/shim-16.1/gnu-efi/inc -I/builddir/build/BUILD/shim-16.1/gnu-efi/inc/aarch64 -I/builddir/build/BUILD/shim-16.1/gnu-efi/inc/protocol -Wno-error=pragmas -fpic  -Os -Wall -Wextra -Wno-missing-field-initializers -Werror -fshort-wchar -fno-strict-aliasing -ffreestanding -fno-stack-protector -fno-stack-check -nostdinc   -isystem /builddir/build/BUILD/shim-16.1/gnu-efi/../include/system -isystem /usr/lib/gcc/aarch64-redhat-linux/11/include -fno-merge-all-constants -DCONFIG_aarch64 -c /builddir/build/BUILD/shim-16.1/gnu-efi//lib/pause.c -o pause.o
DEBUG util.py:461:  gcc -I/builddir/build/BUILD/shim-16.1/gnu-efi//lib -I/builddir/build/BUILD/shim-16.1/gnu-efi/inc -I/builddir/build/BUILD/shim-16.1/gnu-efi/inc/aarch64 -I/builddir/build/BUILD/shim-16.1/gnu-efi/inc/protocol -Wno-error=pragmas -fpic  -Os -Wall -Wextra -Wno-missing-field-initializers -Werror -fshort-wchar -fno-strict-aliasing -ffreestanding -fno-stack-protector -fno-stack-check -nostdinc   -isystem /builddir/build/BUILD/shim-16.1/gnu-efi/../include/system -isystem /usr/lib/gcc/aarch64-redhat-linux/11/include -fno-merge-all-constants -DCONFIG_aarch64 -c /builddir/build/BUILD/shim-16.1/gnu-efi//lib/print.c -o print.o
DEBUG util.py:461:  gcc -I/builddir/build/BUILD/shim-16.1/gnu-efi//lib -I/builddir/build/BUILD/shim-16.1/gnu-efi/inc -I/builddir/build/BUILD/shim-16.1/gnu-efi/inc/aarch64 -I/builddir/build/BUILD/shim-16.1/gnu-efi/inc/protocol -Wno-error=pragmas -fpic  -Os -Wall -Wextra -Wno-missing-field-initializers -Werror -fshort-wchar -fno-strict-aliasing -ffreestanding -fno-stack-protector -fno-stack-check -nostdinc   -isystem /builddir/build/BUILD/shim-16.1/gnu-efi/../include/system -isystem /usr/lib/gcc/aarch64-redhat-linux/11/include -fno-merge-all-constants -DCONFIG_aarch64 -c /builddir/build/BUILD/shim-16.1/gnu-efi//lib/sread.c -o sread.o
DEBUG util.py:461:  gcc -I/builddir/build/BUILD/shim-16.1/gnu-efi//lib -I/builddir/build/BUILD/shim-16.1/gnu-efi/inc -I/builddir/build/BUILD/shim-16.1/gnu-efi/inc/aarch64 -I/builddir/build/BUILD/shim-16.1/gnu-efi/inc/protocol -Wno-error=pragmas -fpic  -Os -Wall -Wextra -Wno-missing-field-initializers -Werror -fshort-wchar -fno-strict-aliasing -ffreestanding -fno-stack-protector -fno-stack-check -nostdinc   -isystem /builddir/build/BUILD/shim-16.1/gnu-efi/../include/system -isystem /usr/lib/gcc/aarch64-redhat-linux/11/include -fno-merge-all-constants -DCONFIG_aarch64 -c /builddir/build/BUILD/shim-16.1/gnu-efi//lib/str.c -o str.o
DEBUG util.py:461:  gcc -I/builddir/build/BUILD/shim-16.1/gnu-efi//lib -I/builddir/build/BUILD/shim-16.1/gnu-efi/inc -I/builddir/build/BUILD/shim-16.1/gnu-efi/inc/aarch64 -I/builddir/build/BUILD/shim-16.1/gnu-efi/inc/protocol -Wno-error=pragmas -fpic  -Os -Wall -Wextra -Wno-missing-field-initializers -Werror -fshort-wchar -fno-strict-aliasing -ffreestanding -fno-stack-protector -fno-stack-check -nostdinc   -isystem /builddir/build/BUILD/shim-16.1/gnu-efi/../include/system -isystem /usr/lib/gcc/aarch64-redhat-linux/11/include -fno-merge-all-constants -DCONFIG_aarch64 -c /builddir/build/BUILD/shim-16.1/gnu-efi//lib/cmdline.c -o cmdline.o
DEBUG util.py:461:  gcc -I/builddir/build/BUILD/shim-16.1/gnu-efi//lib -I/builddir/build/BUILD/shim-16.1/gnu-efi/inc -I/builddir/build/BUILD/shim-16.1/gnu-efi/inc/aarch64 -I/builddir/build/BUILD/shim-16.1/gnu-efi/inc/protocol -Wno-error=pragmas -fpic  -Os -Wall -Wextra -Wno-missing-field-initializers -Werror -fshort-wchar -fno-strict-aliasing -ffreestanding -fno-stack-protector -fno-stack-check -nostdinc   -isystem /builddir/build/BUILD/shim-16.1/gnu-efi/../include/system -isystem /usr/lib/gcc/aarch64-redhat-linux/11/include -fno-merge-all-constants -DCONFIG_aarch64 -c /builddir/build/BUILD/shim-16.1/gnu-efi//lib/runtime/rtlock.c -o runtime/rtlock.o
DEBUG util.py:461:  gcc -I/builddir/build/BUILD/shim-16.1/gnu-efi//lib -I/builddir/build/BUILD/shim-16.1/gnu-efi/inc -I/builddir/build/BUILD/shim-16.1/gnu-efi/inc/aarch64 -I/builddir/build/BUILD/shim-16.1/gnu-efi/inc/protocol -Wno-error=pragmas -fpic  -Os -Wall -Wextra -Wno-missing-field-initializers -Werror -fshort-wchar -fno-strict-aliasing -ffreestanding -fno-stack-protector -fno-stack-check -nostdinc   -isystem /builddir/build/BUILD/shim-16.1/gnu-efi/../include/system -isystem /usr/lib/gcc/aarch64-redhat-linux/11/include -fno-merge-all-constants -DCONFIG_aarch64 -c /builddir/build/BUILD/shim-16.1/gnu-efi//lib/runtime/efirtlib.c -o runtime/efirtlib.o
DEBUG util.py:461:  gcc -I/builddir/build/BUILD/shim-16.1/gnu-efi//lib -I/builddir/build/BUILD/shim-16.1/gnu-efi/inc -I/builddir/build/BUILD/shim-16.1/gnu-efi/inc/aarch64 -I/builddir/build/BUILD/shim-16.1/gnu-efi/inc/protocol -Wno-error=pragmas -fpic  -Os -Wall -Wextra -Wno-missing-field-initializers -Werror -fshort-wchar -fno-strict-aliasing -ffreestanding -fno-stack-protector -fno-stack-check -nostdinc   -isystem /builddir/build/BUILD/shim-16.1/gnu-efi/../include/system -isystem /usr/lib/gcc/aarch64-redhat-linux/11/include -fno-merge-all-constants -DCONFIG_aarch64 -c /builddir/build/BUILD/shim-16.1/gnu-efi//lib/runtime/rtstr.c -o runtime/rtstr.o
DEBUG util.py:461:  gcc -I/builddir/build/BUILD/shim-16.1/gnu-efi//lib -I/builddir/build/BUILD/shim-16.1/gnu-efi/inc -I/builddir/build/BUILD/shim-16.1/gnu-efi/inc/aarch64 -I/builddir/build/BUILD/shim-16.1/gnu-efi/inc/protocol -Wno-error=pragmas -fpic  -Os -Wall -Wextra -Wno-missing-field-initializers -Werror -fshort-wchar -fno-strict-aliasing -ffreestanding -fno-stack-protector -fno-stack-check -nostdinc   -isystem /builddir/build/BUILD/shim-16.1/gnu-efi/../include/system -isystem /usr/lib/gcc/aarch64-redhat-linux/11/include -fno-merge-all-constants -DCONFIG_aarch64 -c /builddir/build/BUILD/shim-16.1/gnu-efi//lib/runtime/vm.c -o runtime/vm.o
DEBUG util.py:461:  gcc -I/builddir/build/BUILD/shim-16.1/gnu-efi//lib -I/builddir/build/BUILD/shim-16.1/gnu-efi/inc -I/builddir/build/BUILD/shim-16.1/gnu-efi/inc/aarch64 -I/builddir/build/BUILD/shim-16.1/gnu-efi/inc/protocol -Wno-error=pragmas -fpic  -Os -Wall -Wextra -Wno-missing-field-initializers -Werror -fshort-wchar -fno-strict-aliasing -ffreestanding -fno-stack-protector -fno-stack-check -nostdinc   -isystem /builddir/build/BUILD/shim-16.1/gnu-efi/../include/system -isystem /usr/lib/gcc/aarch64-redhat-linux/11/include -fno-merge-all-constants -DCONFIG_aarch64 -c /builddir/build/BUILD/shim-16.1/gnu-efi//lib/runtime/rtdata.c -o runtime/rtdata.o
DEBUG util.py:461:  gcc -I/builddir/build/BUILD/shim-16.1/gnu-efi//lib -I/builddir/build/BUILD/shim-16.1/gnu-efi/inc -I/builddir/build/BUILD/shim-16.1/gnu-efi/inc/aarch64 -I/builddir/build/BUILD/shim-16.1/gnu-efi/inc/protocol -Wno-error=pragmas -fpic  -Os -Wall -Wextra -Wno-missing-field-initializers -Werror -fshort-wchar -fno-strict-aliasing -ffreestanding -fno-stack-protector -fno-stack-check -nostdinc   -isystem /builddir/build/BUILD/shim-16.1/gnu-efi/../include/system -isystem /usr/lib/gcc/aarch64-redhat-linux/11/include -fno-merge-all-constants -DCONFIG_aarch64 -c /builddir/build/BUILD/shim-16.1/gnu-efi//lib/aarch64/initplat.c -o aarch64/initplat.o
DEBUG util.py:461:  gcc -I/builddir/build/BUILD/shim-16.1/gnu-efi//lib -I/builddir/build/BUILD/shim-16.1/gnu-efi/inc -I/builddir/build/BUILD/shim-16.1/gnu-efi/inc/aarch64 -I/builddir/build/BUILD/shim-16.1/gnu-efi/inc/protocol -Wno-error=pragmas -fpic  -Os -Wall -Wextra -Wno-missing-field-initializers -Werror -fshort-wchar -fno-strict-aliasing -ffreestanding -fno-stack-protector -fno-stack-check -nostdinc   -isystem /builddir/build/BUILD/shim-16.1/gnu-efi/../include/system -isystem /usr/lib/gcc/aarch64-redhat-linux/11/include -fno-merge-all-constants -DCONFIG_aarch64 -c /builddir/build/BUILD/shim-16.1/gnu-efi//lib/aarch64/math.c -o aarch64/math.o
DEBUG util.py:461:  gcc -I/builddir/build/BUILD/shim-16.1/gnu-efi//lib -I/builddir/build/BUILD/shim-16.1/gnu-efi/inc -I/builddir/build/BUILD/shim-16.1/gnu-efi/inc/aarch64 -I/builddir/build/BUILD/shim-16.1/gnu-efi/inc/protocol -Wno-error=pragmas -fpic  -Os -Wall -Wextra -Wno-missing-field-initializers -Werror -fshort-wchar -fno-strict-aliasing -ffreestanding -fno-stack-protector -fno-stack-check -nostdinc   -isystem /builddir/build/BUILD/shim-16.1/gnu-efi/../include/system -isystem /usr/lib/gcc/aarch64-redhat-linux/11/include -fno-merge-all-constants -DCONFIG_aarch64 -c /builddir/build/BUILD/shim-16.1/gnu-efi//lib/aarch64/setjmp.S -o aarch64/setjmp.o
DEBUG util.py:459:  /builddir/build/BUILD/shim-16.1/gnu-efi//lib/aarch64/setjmp.S: Assembler messages:
DEBUG util.py:459:  /builddir/build/BUILD/shim-16.1/gnu-efi//lib/aarch64/setjmp.S:61: Warning: setting incorrect section attributes for .note.GNU-stack
DEBUG util.py:461:  gcc-ar rv -U libefi.a boxdraw.o smbios.o console.o crc.o data.o debug.o dpath.o error.o event.o exit.o guid.o hand.o hw.o init.o lock.o misc.o pause.o print.o sread.o str.o cmdline.o runtime/rtlock.o runtime/efirtlib.o runtime/rtstr.o runtime/vm.o runtime/rtdata.o aarch64/initplat.o aarch64/math.o aarch64/setjmp.o
DEBUG util.py:459:  /usr/bin/ar: creating libefi.a
DEBUG util.py:461:  a - boxdraw.o
DEBUG util.py:461:  a - smbios.o
DEBUG util.py:461:  a - console.o
DEBUG util.py:461:  a - crc.o
DEBUG util.py:461:  a - data.o
DEBUG util.py:461:  a - debug.o
DEBUG util.py:461:  a - dpath.o
DEBUG util.py:461:  a - error.o
DEBUG util.py:461:  a - event.o
DEBUG util.py:461:  a - exit.o
DEBUG util.py:461:  a - guid.o
DEBUG util.py:461:  a - hand.o
DEBUG util.py:461:  a - hw.o
DEBUG util.py:461:  a - init.o
DEBUG util.py:461:  a - lock.o
DEBUG util.py:461:  a - misc.o
DEBUG util.py:461:  a - pause.o
DEBUG util.py:461:  a - print.o
DEBUG util.py:461:  a - sread.o
DEBUG util.py:461:  a - str.o
DEBUG util.py:461:  a - cmdline.o
DEBUG util.py:461:  a - runtime/rtlock.o
DEBUG util.py:461:  a - runtime/efirtlib.o
DEBUG util.py:461:  a - runtime/rtstr.o
DEBUG util.py:461:  a - runtime/vm.o
DEBUG util.py:461:  a - runtime/rtdata.o
DEBUG util.py:461:  a - aarch64/initplat.o
DEBUG util.py:461:  a - aarch64/math.o
DEBUG util.py:461:  a - aarch64/setjmp.o
DEBUG util.py:461:  make[2]: Leaving directory '/builddir/build/BUILD/shim-16.1/build-aa64/gnu-efi/aarch64/lib'
DEBUG util.py:461:  mkdir -p /builddir/build/BUILD/shim-16.1/build-aa64/gnu-efi/aarch64/gnuefi
DEBUG util.py:461:  make -C /builddir/build/BUILD/shim-16.1/build-aa64/gnu-efi/aarch64/gnuefi -f /builddir/build/BUILD/shim-16.1/gnu-efi//gnuefi/Makefile SRCDIR=/builddir/build/BUILD/shim-16.1/gnu-efi//gnuefi ARCH=aarch64
DEBUG util.py:461:  make[2]: Entering directory '/builddir/build/BUILD/shim-16.1/build-aa64/gnu-efi/aarch64/gnuefi'
DEBUG util.py:461:  gcc -I/builddir/build/BUILD/shim-16.1/gnu-efi//gnuefi -I/builddir/build/BUILD/shim-16.1/gnu-efi/inc -I/builddir/build/BUILD/shim-16.1/gnu-efi/inc/aarch64 -I/builddir/build/BUILD/shim-16.1/gnu-efi/inc/protocol -Wno-error=pragmas -fpic  -Os -Wall -Wextra -Wno-missing-field-initializers -Werror -fshort-wchar -fno-strict-aliasing -ffreestanding -fno-stack-protector -fno-stack-check -nostdinc   -isystem /builddir/build/BUILD/shim-16.1/gnu-efi/../include/system -isystem /usr/lib/gcc/aarch64-redhat-linux/11/include -fno-merge-all-constants -DCONFIG_aarch64 -c /builddir/build/BUILD/shim-16.1/gnu-efi//gnuefi/crt0-efi-aarch64.S -o crt0-efi-aarch64.o
DEBUG util.py:461:  gcc -I/builddir/build/BUILD/shim-16.1/gnu-efi//gnuefi -I/builddir/build/BUILD/shim-16.1/gnu-efi/inc -I/builddir/build/BUILD/shim-16.1/gnu-efi/inc/aarch64 -I/builddir/build/BUILD/shim-16.1/gnu-efi/inc/protocol -Wno-error=pragmas -fpic  -Os -Wall -Wextra -Wno-missing-field-initializers -Werror -fshort-wchar -fno-strict-aliasing -ffreestanding -fno-stack-protector -fno-stack-check -nostdinc   -isystem /builddir/build/BUILD/shim-16.1/gnu-efi/../include/system -isystem /usr/lib/gcc/aarch64-redhat-linux/11/include -fno-merge-all-constants -fno-jump-tables -DCONFIG_aarch64 -c /builddir/build/BUILD/shim-16.1/gnu-efi//gnuefi/reloc_aarch64.c -o reloc_aarch64.o
DEBUG util.py:459:  /builddir/build/BUILD/shim-16.1/gnu-efi//gnuefi/crt0-efi-aarch64.S: Assembler messages:
DEBUG util.py:459:  /builddir/build/BUILD/shim-16.1/gnu-efi//gnuefi/crt0-efi-aarch64.S:54: Warning: setting incorrect section attributes for .note.GNU-stack
DEBUG util.py:461:  gcc-ar rv -U libgnuefi.a reloc_aarch64.o
DEBUG util.py:459:  /usr/bin/ar: creating libgnuefi.a
DEBUG util.py:461:  a - reloc_aarch64.o
DEBUG util.py:461:  make[2]: Leaving directory '/builddir/build/BUILD/shim-16.1/build-aa64/gnu-efi/aarch64/gnuefi'
DEBUG util.py:461:  make[1]: Leaving directory '/builddir/build/BUILD/shim-16.1/build-aa64/gnu-efi'
DEBUG util.py:461:  ld -o shimaa64.so --hash-style=sysv -nostdlib -znocombreloc -T /builddir/build/BUILD/shim-16.1/elf_aarch64_efi.lds -shared -Bsymbolic -Lgnu-efi/aarch64/gnuefi -Lgnu-efi/aarch64/lib -LCryptlib -LCryptlib/OpenSSL gnu-efi/aarch64/gnuefi/crt0-efi-aarch64.o --build-id=sha1  --no-undefined shim.o globals.o memattrs.o mok.o netboot.o cert.o dp.o loader-proto.o tpm.o version.o errlog.o sbat.o sbat_data.o sbat_var.o pe.o pe-relocate.o httpboot.o csv.o load-options.o utils.o verify.o Cryptlib/libcryptlib.a Cryptlib/OpenSSL/libopenssl.a lib/lib.a gnu-efi/aarch64/lib/libefi.a gnu-efi/aarch64/gnuefi/libgnuefi.a -lefi -lgnuefi --start-group Cryptlib/libcryptlib.a Cryptlib/OpenSSL/libopenssl.a --end-group /usr/lib/gcc/aarch64-redhat-linux/11/libgcc.a lib/lib.a
DEBUG util.py:459:  ld: warning: shimaa64.so has a LOAD segment with RWX permissions
DEBUG util.py:461:  gcc -std=gnu11 -Og -g3 -Wall -Wextra -Wno-missing-field-initializers -Werror -o post-process-pe /builddir/build/BUILD/shim-16.1/post-process-pe.c
DEBUG util.py:461:  objcopy -D -j .text -j .sdata -j .data -j .data.ident \
DEBUG util.py:461:  	-j .dynamic -j .rodata -j .rel* \
DEBUG util.py:461:  	-j .rela* -j .dyn -j .reloc -j .eh_frame \
DEBUG util.py:461:  	-j .vendor_cert -j .sbat -j .sbatlevel \
DEBUG util.py:461:  	--file-alignment 0x1000 \
DEBUG util.py:461:  	--target efi-app-aarch64 shimaa64.so shimaa64.efi
DEBUG util.py:461:  ./post-process-pe -vv  shimaa64.efi
DEBUG util.py:461:  validate_nx_compat():380: NX Compatibility flag is not set
DEBUG util.py:461:  objcopy -D -j .text -j .sdata -j .data \
DEBUG util.py:461:  	-j .dynamic -j .rodata -j .rel* \
DEBUG util.py:461:  	-j .rela* -j .dyn -j .reloc -j .eh_frame -j .sbat \
DEBUG util.py:461:  	-j .sbatlevel \
DEBUG util.py:461:  	-j .debug_info -j .debug_abbrev -j .debug_aranges \
DEBUG util.py:461:  	-j .debug_line -j .debug_str -j .debug_ranges \
DEBUG util.py:461:  	-j .note.gnu.build-id \
DEBUG util.py:461:  	--file-alignment 0x1000 \
DEBUG util.py:461:  	shimaa64.so shimaa64.efi.debug
DEBUG util.py:461:  gcc -std=gnu11 -ggdb -gdwarf-4 -gstrict-dwarf -ffreestanding -fmacro-prefix-map=/builddir/build/BUILD/shim-16.1/= -fno-stack-protector -fno-strict-aliasing -fpic -fshort-wchar -Os -Wall -Wextra -Wno-missing-field-initializers  -DMDE_CPU_AARCH64 -DPAGE_SIZE=4096 -mstrict-align -Werror -nostdinc -I/builddir/build/BUILD/shim-16.1/Cryptlib -I/builddir/build/BUILD/shim-16.1/Cryptlib/Include -I/builddir/build/BUILD/shim-16.1/gnu-efi/inc -I/builddir/build/BUILD/shim-16.1/gnu-efi/inc/aarch64 -I/builddir/build/BUILD/shim-16.1/gnu-efi/inc/protocol -I/builddir/build/BUILD/shim-16.1/include -iquote /builddir/build/BUILD/shim-16.1 -iquote /builddir/build/BUILD/shim-16.1/build-aa64 -isystem /builddir/build/BUILD/shim-16.1/include/system -isystem /usr/lib/gcc/aarch64-redhat-linux/11/include -DDEFAULT_LOADER='L"\\\\grubaa64.efi"' -DDEFAULT_LOADER_CHAR='"\\\\grubaa64.efi"' -DEFI_ARCH='L"aa64"' -DDEBUGDIR='L"/usr/lib/debug/usr/share/shim/aa64-16.1-0.el9/"' -DVENDOR_CERT_FILE=\"/builddir/build/SOURCES/ciq_sb_ca.der\" -DSBAT_AUTOMATIC_DATE=2025051000   -c -o MokManager.o /builddir/build/BUILD/shim-16.1/MokManager.c
DEBUG util.py:461:  gcc -std=gnu11 -ggdb -gdwarf-4 -gstrict-dwarf -ffreestanding -fmacro-prefix-map=/builddir/build/BUILD/shim-16.1/= -fno-stack-protector -fno-strict-aliasing -fpic -fshort-wchar -Os -Wall -Wextra -Wno-missing-field-initializers  -DMDE_CPU_AARCH64 -DPAGE_SIZE=4096 -mstrict-align -Werror -nostdinc -I/builddir/build/BUILD/shim-16.1/Cryptlib -I/builddir/build/BUILD/shim-16.1/Cryptlib/Include -I/builddir/build/BUILD/shim-16.1/gnu-efi/inc -I/builddir/build/BUILD/shim-16.1/gnu-efi/inc/aarch64 -I/builddir/build/BUILD/shim-16.1/gnu-efi/inc/protocol -I/builddir/build/BUILD/shim-16.1/include -iquote /builddir/build/BUILD/shim-16.1 -iquote /builddir/build/BUILD/shim-16.1/build-aa64 -isystem /builddir/build/BUILD/shim-16.1/include/system -isystem /usr/lib/gcc/aarch64-redhat-linux/11/include -DDEFAULT_LOADER='L"\\\\grubaa64.efi"' -DDEFAULT_LOADER_CHAR='"\\\\grubaa64.efi"' -DEFI_ARCH='L"aa64"' -DDEBUGDIR='L"/usr/lib/debug/usr/share/shim/aa64-16.1-0.el9/"' -DVENDOR_CERT_FILE=\"/builddir/build/SOURCES/ciq_sb_ca.der\" -DSBAT_AUTOMATIC_DATE=2025051000   -c -o PasswordCrypt.o /builddir/build/BUILD/shim-16.1/PasswordCrypt.c
DEBUG util.py:461:  gcc -std=gnu11 -ggdb -gdwarf-4 -gstrict-dwarf -ffreestanding -fmacro-prefix-map=/builddir/build/BUILD/shim-16.1/= -fno-stack-protector -fno-strict-aliasing -fpic -fshort-wchar -Os -Wall -Wextra -Wno-missing-field-initializers  -DMDE_CPU_AARCH64 -DPAGE_SIZE=4096 -mstrict-align -Werror -nostdinc -I/builddir/build/BUILD/shim-16.1/Cryptlib -I/builddir/build/BUILD/shim-16.1/Cryptlib/Include -I/builddir/build/BUILD/shim-16.1/gnu-efi/inc -I/builddir/build/BUILD/shim-16.1/gnu-efi/inc/aarch64 -I/builddir/build/BUILD/shim-16.1/gnu-efi/inc/protocol -I/builddir/build/BUILD/shim-16.1/include -iquote /builddir/build/BUILD/shim-16.1 -iquote /builddir/build/BUILD/shim-16.1/build-aa64 -isystem /builddir/build/BUILD/shim-16.1/include/system -isystem /usr/lib/gcc/aarch64-redhat-linux/11/include -DDEFAULT_LOADER='L"\\\\grubaa64.efi"' -DDEFAULT_LOADER_CHAR='"\\\\grubaa64.efi"' -DEFI_ARCH='L"aa64"' -DDEBUGDIR='L"/usr/lib/debug/usr/share/shim/aa64-16.1-0.el9/"' -DVENDOR_CERT_FILE=\"/builddir/build/SOURCES/ciq_sb_ca.der\" -DSBAT_AUTOMATIC_DATE=2025051000   -c -o crypt_blowfish.o /builddir/build/BUILD/shim-16.1/crypt_blowfish.c
DEBUG util.py:461:  ld -o mmaa64.so --hash-style=sysv -nostdlib -znocombreloc -T /builddir/build/BUILD/shim-16.1/elf_aarch64_efi.lds -shared -Bsymbolic -Lgnu-efi/aarch64/gnuefi -Lgnu-efi/aarch64/lib -LCryptlib -LCryptlib/OpenSSL gnu-efi/aarch64/gnuefi/crt0-efi-aarch64.o --build-id=sha1  --no-undefined MokManager.o PasswordCrypt.o crypt_blowfish.o errlog.o sbat_data.o globals.o dp.o Cryptlib/libcryptlib.a Cryptlib/OpenSSL/libopenssl.a lib/lib.a gnu-efi/aarch64/lib/libefi.a gnu-efi/aarch64/gnuefi/libgnuefi.a -lefi -lgnuefi --start-group Cryptlib/libcryptlib.a Cryptlib/OpenSSL/libopenssl.a --end-group /usr/lib/gcc/aarch64-redhat-linux/11/libgcc.a lib/lib.a
DEBUG util.py:459:  ld: warning: mmaa64.so has a LOAD segment with RWX permissions
DEBUG util.py:461:  objcopy -D -j .text -j .sdata -j .data \
DEBUG util.py:461:  	-j .dynamic -j .rodata -j .rel* \
DEBUG util.py:461:  	-j .rela* -j .dyn -j .reloc -j .eh_frame -j .sbat \
DEBUG util.py:461:  	-j .sbatlevel \
DEBUG util.py:461:  	-j .debug_info -j .debug_abbrev -j .debug_aranges \
DEBUG util.py:461:  	-j .debug_line -j .debug_str -j .debug_ranges \
DEBUG util.py:461:  	-j .note.gnu.build-id \
DEBUG util.py:461:  	--file-alignment 0x1000 \
DEBUG util.py:461:  	mmaa64.so mmaa64.efi.debug
DEBUG util.py:461:  gcc -std=gnu11 -ggdb -gdwarf-4 -gstrict-dwarf -ffreestanding -fmacro-prefix-map=/builddir/build/BUILD/shim-16.1/= -fno-stack-protector -fno-strict-aliasing -fpic -fshort-wchar -Os -Wall -Wextra -Wno-missing-field-initializers  -DMDE_CPU_AARCH64 -DPAGE_SIZE=4096 -mstrict-align -Werror -nostdinc -I/builddir/build/BUILD/shim-16.1/Cryptlib -I/builddir/build/BUILD/shim-16.1/Cryptlib/Include -I/builddir/build/BUILD/shim-16.1/gnu-efi/inc -I/builddir/build/BUILD/shim-16.1/gnu-efi/inc/aarch64 -I/builddir/build/BUILD/shim-16.1/gnu-efi/inc/protocol -I/builddir/build/BUILD/shim-16.1/include -iquote /builddir/build/BUILD/shim-16.1 -iquote /builddir/build/BUILD/shim-16.1/build-aa64 -isystem /builddir/build/BUILD/shim-16.1/include/system -isystem /usr/lib/gcc/aarch64-redhat-linux/11/include -DDEFAULT_LOADER='L"\\\\grubaa64.efi"' -DDEFAULT_LOADER_CHAR='"\\\\grubaa64.efi"' -DEFI_ARCH='L"aa64"' -DDEBUGDIR='L"/usr/lib/debug/usr/share/shim/aa64-16.1-0.el9/"' -DVENDOR_CERT_FILE=\"/builddir/build/SOURCES/ciq_sb_ca.der\" -DSBAT_AUTOMATIC_DATE=2025051000   -c -o fallback.o /builddir/build/BUILD/shim-16.1/fallback.c
DEBUG util.py:461:  ld -o fbaa64.so --hash-style=sysv -nostdlib -znocombreloc -T /builddir/build/BUILD/shim-16.1/elf_aarch64_efi.lds -shared -Bsymbolic -Lgnu-efi/aarch64/gnuefi -Lgnu-efi/aarch64/lib -LCryptlib -LCryptlib/OpenSSL gnu-efi/aarch64/gnuefi/crt0-efi-aarch64.o --build-id=sha1  --no-undefined fallback.o tpm.o errlog.o sbat_data.o globals.o utils.o Cryptlib/libcryptlib.a Cryptlib/OpenSSL/libopenssl.a lib/lib.a gnu-efi/aarch64/lib/libefi.a gnu-efi/aarch64/gnuefi/libgnuefi.a -lefi -lgnuefi --start-group Cryptlib/libcryptlib.a Cryptlib/OpenSSL/libopenssl.a --end-group /usr/lib/gcc/aarch64-redhat-linux/11/libgcc.a lib/lib.a
DEBUG util.py:459:  ld: warning: fbaa64.so has a LOAD segment with RWX permissions
DEBUG util.py:461:  objcopy -D -j .text -j .sdata -j .data \
DEBUG util.py:461:  	-j .dynamic -j .rodata -j .rel* \
DEBUG util.py:461:  	-j .rela* -j .dyn -j .reloc -j .eh_frame -j .sbat \
DEBUG util.py:461:  	-j .sbatlevel \
DEBUG util.py:461:  	-j .debug_info -j .debug_abbrev -j .debug_aranges \
DEBUG util.py:461:  	-j .debug_line -j .debug_str -j .debug_ranges \
DEBUG util.py:461:  	-j .note.gnu.build-id \
DEBUG util.py:461:  	--file-alignment 0x1000 \
DEBUG util.py:461:  	fbaa64.so fbaa64.efi.debug
DEBUG util.py:461:  pesign -i shimaa64.efi -P -h > shimaa64.hash
DEBUG util.py:461:  objcopy -D -j .text -j .sdata -j .data -j .data.ident \
DEBUG util.py:461:  	-j .dynamic -j .rodata -j .rel* \
DEBUG util.py:461:  	-j .rela* -j .dyn -j .reloc -j .eh_frame \
DEBUG util.py:461:  	-j .vendor_cert -j .sbat -j .sbatlevel \
DEBUG util.py:461:  	--file-alignment 0x1000 \
DEBUG util.py:461:  	--target efi-app-aarch64 mmaa64.so mmaa64.efi
DEBUG util.py:461:  ./post-process-pe -vv  mmaa64.efi
DEBUG util.py:461:  validate_nx_compat():380: NX Compatibility flag is not set
DEBUG util.py:461:  objcopy -D -j .text -j .sdata -j .data -j .data.ident \
DEBUG util.py:461:  	-j .dynamic -j .rodata -j .rel* \
DEBUG util.py:461:  	-j .rela* -j .dyn -j .reloc -j .eh_frame \
DEBUG util.py:461:  	-j .vendor_cert -j .sbat -j .sbatlevel \
DEBUG util.py:461:  	--file-alignment 0x1000 \
DEBUG util.py:461:  	--target efi-app-aarch64 fbaa64.so fbaa64.efi
DEBUG util.py:461:  ./post-process-pe -vv  fbaa64.efi
DEBUG util.py:461:  validate_nx_compat():380: NX Compatibility flag is not set
DEBUG util.py:461:  + cd ..
DEBUG util.py:461:  + RPM_EC=0
DEBUG util.py:459:  ++ jobs -p
DEBUG util.py:461:  + exit 0
DEBUG util.py:461:  Executing(%install): /bin/sh -e /var/tmp/rpm-tmp.ln4tN6
DEBUG util.py:461:  + umask 022
DEBUG util.py:461:  + cd /builddir/build/BUILD
DEBUG util.py:461:  + '[' /builddir/build/BUILDROOT/shim-unsigned-aarch64-16.1-0.el9.aarch64 '!=' / ']'
DEBUG util.py:461:  + rm -rf /builddir/build/BUILDROOT/shim-unsigned-aarch64-16.1-0.el9.aarch64
DEBUG util.py:459:  ++ dirname /builddir/build/BUILDROOT/shim-unsigned-aarch64-16.1-0.el9.aarch64
DEBUG util.py:461:  + mkdir -p /builddir/build/BUILDROOT
DEBUG util.py:461:  + mkdir /builddir/build/BUILDROOT/shim-unsigned-aarch64-16.1-0.el9.aarch64
DEBUG util.py:461:  + cd shim-16.1
DEBUG util.py:461:  + COMMIT_ID=afc49558b34548644c1cd0ad1b6526a9470182ed
DEBUG util.py:461:  + MAKEFLAGS='TOPDIR=.. -f ../Makefile COMMIT_ID=afc49558b34548644c1cd0ad1b6526a9470182ed '
DEBUG util.py:461:  + MAKEFLAGS+='EFIDIR=rocky PKGNAME=shim RELEASE=0.el9 '
DEBUG util.py:461:  + MAKEFLAGS+='ENABLE_SHIM_HASH=true '
DEBUG util.py:461:  + MAKEFLAGS+='SBAT_AUTOMATIC_DATE=2025051000 '
DEBUG util.py:461:  + '[' -s /builddir/build/SOURCES/ciq_sb_ca.der ']'
DEBUG util.py:461:  + MAKEFLAGS='TOPDIR=.. -f ../Makefile COMMIT_ID=afc49558b34548644c1cd0ad1b6526a9470182ed EFIDIR=rocky PKGNAME=shim RELEASE=0.el9 ENABLE_SHIM_HASH=true SBAT_AUTOMATIC_DATE=2025051000  VENDOR_CERT_FILE=/builddir/build/SOURCES/ciq_sb_ca.der'
DEBUG util.py:461:  + cd build-aa64
DEBUG util.py:461:  + make TOPDIR=.. -f ../Makefile COMMIT_ID=afc49558b34548644c1cd0ad1b6526a9470182ed EFIDIR=rocky PKGNAME=shim RELEASE=0.el9 ENABLE_SHIM_HASH=true SBAT_AUTOMATIC_DATE=2025051000 VENDOR_CERT_FILE=/builddir/build/SOURCES/ciq_sb_ca.der 'DEFAULT_LOADER=\\\\grubaa64.efi' DESTDIR=/builddir/build/BUILDROOT/shim-unsigned-aarch64-16.1-0.el9.aarch64 install-as-data install-debuginfo install-debugsource
DEBUG util.py:461:  gcc -I/usr/include -Og -g3 -Wall -Werror -Wextra -o buildid /builddir/build/BUILD/shim-16.1/buildid.c -lelf
DEBUG util.py:461:  Making BOOTAA64.CSV
DEBUG util.py:461:  install -d -m 0755 /builddir/build/BUILDROOT/shim-unsigned-aarch64-16.1-0.el9.aarch64//usr/share//shim/16.1-0.el9/aa64/
DEBUG util.py:461:  install -m 0644 shimaa64.efi /builddir/build/BUILDROOT/shim-unsigned-aarch64-16.1-0.el9.aarch64//usr/share//shim/16.1-0.el9/aa64//
DEBUG util.py:461:  install -m 0644 BOOTAA64.CSV /builddir/build/BUILDROOT/shim-unsigned-aarch64-16.1-0.el9.aarch64//usr/share//shim/16.1-0.el9/aa64//
DEBUG util.py:461:  install -m 0644 shimaa64.hash /builddir/build/BUILDROOT/shim-unsigned-aarch64-16.1-0.el9.aarch64//usr/share//shim/16.1-0.el9/aa64//
DEBUG util.py:461:  install -m 0644 mmaa64.efi /builddir/build/BUILDROOT/shim-unsigned-aarch64-16.1-0.el9.aarch64//usr/share//shim/16.1-0.el9/aa64//mmaa64.efi
DEBUG util.py:461:  install -m 0644 fbaa64.efi /builddir/build/BUILDROOT/shim-unsigned-aarch64-16.1-0.el9.aarch64//usr/share//shim/16.1-0.el9/aa64//fbaa64.efi
DEBUG util.py:461:  install -d -m 0755 /builddir/build/BUILDROOT/shim-unsigned-aarch64-16.1-0.el9.aarch64/
DEBUG util.py:461:  install -d -m 0755 /builddir/build/BUILDROOT/shim-unsigned-aarch64-16.1-0.el9.aarch64//usr/lib/debug/boot/efi/EFI/rocky//
DEBUG util.py:461:  install -d -m 0755 /builddir/build/BUILDROOT/shim-unsigned-aarch64-16.1-0.el9.aarch64//usr/src/debug//shim-16.1-0.el9
DEBUG util.py:461:  find /builddir/build/BUILD/shim-16.1 -type f -a '(' -iname '*.c' -o -iname '*.h' -o -iname '*.S' ')' | while read file ; do \
DEBUG util.py:461:  	outfile=$(echo ${file} | sed -e "s,^/builddir/build/BUILD/shim-16.1,,") ; \
DEBUG util.py:461:  	install -d -m 0755 /builddir/build/BUILDROOT/shim-unsigned-aarch64-16.1-0.el9.aarch64//usr/src/debug//shim-16.1-0.el9/$(dirname ${outfile}) ; \
DEBUG util.py:461:  	install -m 0644 ${file} /builddir/build/BUILDROOT/shim-unsigned-aarch64-16.1-0.el9.aarch64//usr/src/debug//shim-16.1-0.el9/${outfile} ; \
DEBUG util.py:461:  done
DEBUG util.py:461:  + cd ..
DEBUG util.py:461:  + /builddir/build/SOURCES/shim-find-debuginfo.sh aa64
DEBUG util.py:461:  + /usr/lib/rpm/check-buildroot
DEBUG util.py:461:  + /usr/lib/rpm/redhat/brp-ldconfig
DEBUG util.py:461:  + /usr/lib/rpm/brp-compress
DEBUG util.py:461:  + /usr/lib/rpm/redhat/brp-strip-lto /usr/bin/strip
DEBUG util.py:461:  + /usr/lib/rpm/brp-strip-static-archive /usr/bin/strip
DEBUG util.py:461:  + /usr/lib/rpm/redhat/brp-python-bytecompile '' 1 0
DEBUG util.py:461:  + /usr/lib/rpm/brp-python-hardlink
DEBUG util.py:461:  + /usr/lib/rpm/redhat/brp-mangle-shebangs
DEBUG util.py:461:  Processing files: shim-unsigned-aarch64-16.1-0.el9.aarch64
DEBUG util.py:461:  Executing(%license): /bin/sh -e /var/tmp/rpm-tmp.RRe8ak
DEBUG util.py:461:  + umask 022
DEBUG util.py:461:  + cd /builddir/build/BUILD
DEBUG util.py:461:  + cd shim-16.1
DEBUG util.py:461:  + LICENSEDIR=/builddir/build/BUILDROOT/shim-unsigned-aarch64-16.1-0.el9.aarch64/usr/share/licenses/shim-unsigned-aarch64
DEBUG util.py:461:  + export LC_ALL=C
DEBUG util.py:461:  + LC_ALL=C
DEBUG util.py:461:  + export LICENSEDIR
DEBUG util.py:461:  + /usr/bin/mkdir -p /builddir/build/BUILDROOT/shim-unsigned-aarch64-16.1-0.el9.aarch64/usr/share/licenses/shim-unsigned-aarch64
DEBUG util.py:461:  + cp -pr COPYRIGHT /builddir/build/BUILDROOT/shim-unsigned-aarch64-16.1-0.el9.aarch64/usr/share/licenses/shim-unsigned-aarch64
DEBUG util.py:461:  + RPM_EC=0
DEBUG util.py:459:  ++ jobs -p
DEBUG util.py:461:  + exit 0
DEBUG util.py:461:  Provides: bundled(openssl) = 1.0.2j shim-unsigned-aarch64 = 16.1-0.el9 shim-unsigned-aarch64(aarch-64) = 16.1-0.el9
DEBUG util.py:461:  Requires(rpmlib): rpmlib(CompressedFileNames) <= 3.0.4-1 rpmlib(FileDigests) <= 4.6.0-1 rpmlib(PayloadFilesHavePrefix) <= 4.0-1
DEBUG util.py:461:  Processing files: shim-unsigned-aarch64-debuginfo-16.1-0.el9.noarch
DEBUG util.py:461:  Provides: shim-unsigned-aarch64-debuginfo = 16.1-0.el9
DEBUG util.py:461:  Requires(rpmlib): rpmlib(CompressedFileNames) <= 3.0.4-1 rpmlib(FileDigests) <= 4.6.0-1 rpmlib(PayloadFilesHavePrefix) <= 4.0-1
DEBUG util.py:461:  Recommends: shim-unsigned-aarch64-debugsource(aarch-64) = 16.1-0.el9
DEBUG util.py:461:  Processing files: shim-unsigned-aarch64-debugsource-16.1-0.el9.noarch
DEBUG util.py:461:  Provides: shim-unsigned-aarch64-debugsource = 16.1-0.el9
DEBUG util.py:461:  Requires(rpmlib): rpmlib(CompressedFileNames) <= 3.0.4-1 rpmlib(FileDigests) <= 4.6.0-1 rpmlib(PayloadFilesHavePrefix) <= 4.0-1
DEBUG util.py:461:  Checking for unpackaged file(s): /usr/lib/rpm/check-files /builddir/build/BUILDROOT/shim-unsigned-aarch64-16.1-0.el9.aarch64
DEBUG util.py:461:  Wrote: /builddir/build/RPMS/shim-unsigned-aarch64-debuginfo-16.1-0.el9.noarch.rpm
DEBUG util.py:461:  Wrote: /builddir/build/RPMS/shim-unsigned-aarch64-16.1-0.el9.aarch64.rpm
DEBUG util.py:461:  Wrote: /builddir/build/RPMS/shim-unsigned-aarch64-debugsource-16.1-0.el9.noarch.rpm
DEBUG util.py:608:  Child return code was: 0
DEBUG backend.py:825:  Copying packages to result dir
DEBUG util.py:183:  kill orphans in chroot /var/lib/mock/rocky-9-aarch64_ciqshim/root
DEBUG util.py:634:  child environment: None
DEBUG util.py:556:  Executing command: ['/bin/umount', '-n', '/var/lib/mock/rocky-9-aarch64_ciqshim/root/var/cache/dnf'] with env {'TERM': 'vt100', 'SHELL': '/bin/sh', 'HOME': '/builddir', 'HOSTNAME': 'mock', 'PATH': '/usr/bin:/bin:/usr/sbin:/sbin', 'LANG': 'C.UTF-8'} and shell False
DEBUG util.py:608:  Child return code was: 0
DEBUG util.py:634:  child environment: None
DEBUG util.py:556:  Executing command: ['/bin/umount', '-n', '/var/lib/mock/rocky-9-aarch64_ciqshim/root/var/cache/yum'] with env {'TERM': 'vt100', 'SHELL': '/bin/sh', 'HOME': '/builddir', 'HOSTNAME': 'mock', 'PATH': '/usr/bin:/bin:/usr/sbin:/sbin', 'LANG': 'C.UTF-8'} and shell False
DEBUG util.py:608:  Child return code was: 0
DEBUG util.py:183:  kill orphans in chroot /var/lib/mock/rocky-9-aarch64_ciqshim-bootstrap/root
DEBUG util.py:634:  child environment: None
DEBUG util.py:556:  Executing command: ['/bin/umount', '-n', '/var/lib/mock/rocky-9-aarch64_ciqshim-bootstrap/root/var/cache/dnf'] with env {'TERM': 'vt100', 'SHELL': '/bin/sh', 'HOME': '/builddir', 'HOSTNAME': 'mock', 'PATH': '/usr/bin:/bin:/usr/sbin:/sbin', 'LANG': 'C.UTF-8'} and shell False
DEBUG util.py:608:  Child return code was: 0
DEBUG util.py:634:  child environment: None
DEBUG util.py:556:  Executing command: ['/bin/umount', '-n', '/var/lib/mock/rocky-9-aarch64_ciqshim-bootstrap/root/var/cache/yum'] with env {'TERM': 'vt100', 'SHELL': '/bin/sh', 'HOME': '/builddir', 'HOSTNAME': 'mock', 'PATH': '/usr/bin:/bin:/usr/sbin:/sbin', 'LANG': 'C.UTF-8'} and shell False
DEBUG util.py:608:  Child return code was: 0
